customer_id,company_name,industry,region,acquisition_channel,signup_date,manager_id,created_at
1,Martin Group,Healthcare,Singapore,Partner,2023-05-25,11,2026-07-25 00:18:26.911422
2,Hancock Inc,Education,USA,Referral,2025-01-17,11,2026-07-25 00:18:26.911683
3,Smith-Myers,Finance,India,Partner,2023-09-13,4,2026-07-25 00:18:26.912028
4,Henderson-Bernard,Manufacturing,United Kingdom,Paid Ads,2024-12-07,20,2026-07-25 00:18:26.912429
5,"Higgins, Moore and Phillips",Education,United Kingdom,Organic,2025-05-13,15,2026-07-25 00:18:26.912994
6,"Fitzgerald, Brown and Edwards",Consulting,India,Partner,2023-04-01,3,2026-07-25 00:18:26.913482
7,"Woods, Calhoun and Schmidt",Consulting,Canada,Social Media,2023-03-19,20,2026-07-25 00:18:26.914018
8,"Miller, Lopez and Larson",Manufacturing,Australia,Referral,2023-03-30,3,2026-07-25 00:18:26.914507
9,Powell PLC,SaaS,Singapore,Referral,2025-11-14,10,2026-07-25 00:18:26.914756
10,"Wheeler, Harvey and Barnes",Finance,United Kingdom,Referral,2024-01-18,4,2026-07-25 00:18:26.915233
11,"Mills, Donovan and Harris",Marketing,Canada,Partner,2025-06-25,12,2026-07-25 00:18:26.915745
12,Baker and Sons,Healthcare,Canada,Paid Ads,2024-05-03,7,2026-07-25 00:18:26.915956
13,"Evans, Stewart and Walton",Education,Singapore,Social Media,2025-11-09,3,2026-07-25 00:18:26.917255
14,Ellis PLC,E-Commerce,Singapore,Referral,2023-04-23,18,2026-07-25 00:18:26.917535
15,Medina PLC,Retail,USA,Partner,2023-06-05,13,2026-07-25 00:18:26.917846
16,Mahoney Inc,Education,Singapore,Social Media,2024-02-16,18,2026-07-25 00:18:26.918119
17,Mitchell-Kim,Retail,Singapore,Paid Ads,2024-01-15,2,2026-07-25 00:18:26.918509
18,"Turner, Riggs and Roman",Retail,United Kingdom,Organic,2025-04-23,11,2026-07-25 00:18:26.919134
19,Contreras PLC,Marketing,Canada,Organic,2025-04-01,7,2026-07-25 00:18:26.919423
20,"Garcia, Humphrey and Baker",E-Commerce,Singapore,Paid Ads,2024-04-10,7,2026-07-25 00:18:26.919952
21,"Tran, Nelson and Jacobs",Logistics,Germany,Social Media,2023-06-16,15,2026-07-25 00:18:26.920418
22,Watts LLC,Healthcare,Canada,Referral,2024-06-16,8,2026-07-25 00:18:26.920604
23,King-Odonnell,Consulting,Australia,Paid Ads,2025-02-24,19,2026-07-25 00:18:26.921062
24,Walters LLC,Marketing,Australia,Partner,2023-03-20,12,2026-07-25 00:18:26.921277
25,Cook and Sons,Retail,USA,Outbound Sales,2023-03-10,16,2026-07-25 00:18:26.921443
26,Martin-Ramos,Finance,United Kingdom,Organic,2025-09-16,4,2026-07-25 00:18:26.921713
27,"Smith, Jones and Ware",Healthcare,Singapore,Referral,2024-10-26,14,2026-07-25 00:18:26.922111
28,"Johnson, Wood and Tran",E-Commerce,India,Partner,2023-08-20,13,2026-07-25 00:18:26.922495
29,Williams LLC,E-Commerce,Germany,Outbound Sales,2024-10-29,9,2026-07-25 00:18:26.922657
30,Clark-Wright,Consulting,United Kingdom,Organic,2023-03-03,4,2026-07-25 00:18:26.923037
31,Deleon-Henson,Consulting,United Kingdom,Paid Ads,2023-06-09,11,2026-07-25 00:18:26.923479
32,"Brady, Frost and Young",Finance,Canada,Partner,2024-09-23,6,2026-07-25 00:18:26.924125
33,Keith Inc,Logistics,India,Social Media,2023-09-10,9,2026-07-25 00:18:26.924476
34,"Middleton, Patton and Jenkins",Consulting,United Kingdom,Referral,2023-10-06,17,2026-07-25 00:18:26.925182
35,"Cochran, Adams and Cobb",Finance,United Kingdom,Social Media,2025-11-06,10,2026-07-25 00:18:26.926203
36,Brennan-Garrison,Consulting,Australia,Referral,2023-06-17,5,2026-07-25 00:18:26.926815
37,Velasquez Group,Manufacturing,United Kingdom,Referral,2023-12-12,18,2026-07-25 00:18:26.927116
38,Hoover-Savage,Consulting,India,Outbound Sales,2024-06-27,11,2026-07-25 00:18:26.927768
39,Keller Group,Logistics,India,Organic,2023-12-13,12,2026-07-25 00:18:26.928517
40,Lin-Rasmussen,Education,USA,Organic,2024-05-24,8,2026-07-25 00:18:26.928897
41,May-Ross,E-Commerce,India,Organic,2024-03-09,16,2026-07-25 00:18:26.929226
42,Crosby-Wilson,Finance,United Kingdom,Outbound Sales,2025-04-12,5,2026-07-25 00:18:26.929633
43,Carpenter LLC,Healthcare,Singapore,Partner,2024-02-10,18,2026-07-25 00:18:26.929841
44,Carlson LLC,Healthcare,Canada,Outbound Sales,2023-03-01,20,2026-07-25 00:18:26.930036
45,Obrien-Dixon,Marketing,USA,Outbound Sales,2024-05-02,7,2026-07-25 00:18:26.930354
46,"Lee, Williams and Graham",Education,Germany,Social Media,2024-08-21,12,2026-07-25 00:18:26.930804
47,"Mcdaniel, Bentley and Mclaughlin",Logistics,Australia,Partner,2025-03-18,4,2026-07-25 00:18:26.931280
48,Reynolds-Rush,Retail,USA,Organic,2023-11-03,11,2026-07-25 00:18:26.931615
49,"Edwards, Charles and Cortez",SaaS,Australia,Outbound Sales,2024-05-27,8,2026-07-25 00:18:26.932166
50,"Parker, Ortiz and Powell",E-Commerce,USA,Organic,2024-04-11,3,2026-07-25 00:18:26.933658
51,"Martinez, Fisher and Bentley",SaaS,USA,Organic,2024-04-04,2,2026-07-25 00:18:26.935187
52,"Orr, Gilbert and Turner",Manufacturing,India,Outbound Sales,2025-11-18,8,2026-07-25 00:18:26.936939
53,Torres and Sons,Education,Singapore,Partner,2025-05-01,7,2026-07-25 00:18:26.937661
54,"Lawson, Morris and Ramos",Consulting,USA,Social Media,2024-10-29,19,2026-07-25 00:18:26.938440
55,Dixon Ltd,E-Commerce,Germany,Referral,2025-11-15,16,2026-07-25 00:18:26.938775
56,"Miller, Robertson and Schultz",Marketing,USA,Organic,2023-09-21,4,2026-07-25 00:18:26.939495
57,Cardenas and Sons,Marketing,Canada,Partner,2024-06-04,14,2026-07-25 00:18:26.939799
58,Walker-Gonzalez,Logistics,United Kingdom,Social Media,2025-11-11,2,2026-07-25 00:18:26.940291
59,Sanchez Group,Finance,India,Partner,2023-02-07,11,2026-07-25 00:18:26.940556
60,Gibson Ltd,Finance,USA,Referral,2025-08-07,7,2026-07-25 00:18:26.940796
61,Higgins Group,Consulting,Germany,Referral,2025-06-13,14,2026-07-25 00:18:26.941030
62,Sanchez-Douglas,Healthcare,Canada,Partner,2025-02-06,8,2026-07-25 00:18:26.941471
63,Osborne and Sons,Finance,Germany,Outbound Sales,2023-01-09,4,2026-07-25 00:18:26.941738
64,"Holmes, Williams and Wright",SaaS,Singapore,Outbound Sales,2023-10-01,1,2026-07-25 00:18:26.942308
65,Anderson-Marshall,Finance,United Kingdom,Referral,2023-07-08,6,2026-07-25 00:18:26.942715
66,"Larson, Dodson and Vance",Marketing,Germany,Partner,2025-04-05,7,2026-07-25 00:18:26.943281
67,"Mcclain, Simmons and Meadows",Marketing,India,Referral,2025-08-09,13,2026-07-25 00:18:26.943899
68,Manning Group,SaaS,Germany,Paid Ads,2024-11-23,15,2026-07-25 00:18:26.944162
69,Walton-Larsen,Education,Germany,Social Media,2024-11-30,18,2026-07-25 00:18:26.944552
70,"Washington, Allen and Gonzales",Logistics,USA,Referral,2024-03-06,10,2026-07-25 00:18:26.945118
71,Nelson LLC,Retail,India,Outbound Sales,2024-03-19,18,2026-07-25 00:18:26.945402
72,Taylor and Sons,SaaS,Singapore,Paid Ads,2025-04-19,2,2026-07-25 00:18:26.945664
73,"Hernandez, Lewis and Perry",SaaS,Australia,Partner,2024-08-18,17,2026-07-25 00:18:26.946226
74,"Owens, Brown and Wall",Consulting,USA,Organic,2024-05-29,17,2026-07-25 00:18:26.946787
75,"Shah, Smith and Gilmore",Finance,United Kingdom,Referral,2024-08-28,3,2026-07-25 00:18:26.947429
76,Woods-Bender,E-Commerce,India,Social Media,2025-06-13,8,2026-07-25 00:18:26.947847
77,Castaneda-Ashley,Marketing,India,Outbound Sales,2024-04-08,8,2026-07-25 00:18:26.948882
78,"Adkins, Payne and Morrison",E-Commerce,Australia,Organic,2024-10-12,20,2026-07-25 00:18:26.950203
79,Robinson-Graham,Finance,Germany,Social Media,2023-12-09,19,2026-07-25 00:18:26.950532
80,Rogers-Shelton,E-Commerce,Australia,Paid Ads,2023-02-15,9,2026-07-25 00:18:26.950809
81,"Martin, Mcdonald and Anderson",Retail,Singapore,Social Media,2024-09-20,11,2026-07-25 00:18:26.951275
82,"Johnson, Long and Elliott",Retail,Canada,Partner,2025-08-24,5,2026-07-25 00:18:26.951800
83,Day and Sons,Education,Germany,Paid Ads,2023-02-12,3,2026-07-25 00:18:26.952006
84,Williams Group,SaaS,Germany,Outbound Sales,2024-12-18,19,2026-07-25 00:18:26.952204
85,Gibson LLC,Finance,India,Outbound Sales,2024-05-23,7,2026-07-25 00:18:26.952404
86,Walton-Decker,Consulting,Canada,Referral,2024-08-11,12,2026-07-25 00:18:26.952758
87,Ruiz Ltd,Finance,USA,Paid Ads,2024-01-27,10,2026-07-25 00:18:26.952981
88,Cooke LLC,Healthcare,Germany,Outbound Sales,2025-04-17,10,2026-07-25 00:18:26.953172
89,"Jones, Bernard and Williams",E-Commerce,United Kingdom,Social Media,2023-12-15,17,2026-07-25 00:18:26.953645
90,Gonzalez Inc,SaaS,Singapore,Outbound Sales,2023-02-18,10,2026-07-25 00:18:26.953857
91,Allen Group,Finance,USA,Paid Ads,2025-08-23,4,2026-07-25 00:18:26.954055
92,Elliott and Sons,Finance,Singapore,Outbound Sales,2025-11-05,5,2026-07-25 00:18:26.954305
93,"Scott, Wood and Obrien",Education,Canada,Outbound Sales,2024-12-23,7,2026-07-25 00:18:26.954772
94,Oconnell Inc,Manufacturing,USA,Social Media,2023-06-27,9,2026-07-25 00:18:26.954974
95,Hickman PLC,Consulting,Germany,Paid Ads,2025-06-17,2,2026-07-25 00:18:26.955193
96,Sanders-Espinoza,Finance,Singapore,Partner,2025-11-18,9,2026-07-25 00:18:26.955536
97,"Vaughn, Burton and Garcia",SaaS,India,Paid Ads,2023-04-29,5,2026-07-25 00:18:26.956097
98,"Burke, Martinez and Riggs",Education,USA,Social Media,2024-04-13,15,2026-07-25 00:18:26.956570
99,Patel-Stanley,Consulting,Singapore,Partner,2023-03-05,18,2026-07-25 00:18:26.956895
100,"Holland, Smith and Fisher",SaaS,India,Organic,2023-04-18,5,2026-07-25 00:18:26.957412
101,Hamilton LLC,Consulting,India,Paid Ads,2025-01-31,19,2026-07-25 00:18:26.957619
102,Zimmerman-Graham,Consulting,USA,Partner,2025-09-14,5,2026-07-25 00:18:26.957986
103,"Nelson, Morton and Medina",SaaS,Canada,Paid Ads,2025-03-21,2,2026-07-25 00:18:26.958455
104,Graham-Simon,Manufacturing,USA,Social Media,2025-01-21,8,2026-07-25 00:18:26.958834
105,Christian-Rivas,Finance,Canada,Outbound Sales,2024-02-21,14,2026-07-25 00:18:26.959184
106,Keith-Sanchez,E-Commerce,Singapore,Referral,2023-05-15,8,2026-07-25 00:18:26.959514
107,"Bishop, Gray and Johnson",Healthcare,United Kingdom,Referral,2024-12-22,14,2026-07-25 00:18:26.960092
108,Freeman LLC,SaaS,USA,Social Media,2024-05-19,11,2026-07-25 00:18:26.960537
109,Ramirez-Carlson,Marketing,United Kingdom,Social Media,2024-02-06,8,2026-07-25 00:18:26.961844
110,"Smith, Vaughan and Miller",Education,USA,Social Media,2024-03-05,4,2026-07-25 00:18:26.962485
111,Peters-Allen,Marketing,United Kingdom,Organic,2024-09-23,16,2026-07-25 00:18:26.963362
112,"Joseph, West and Smith",Retail,USA,Partner,2025-01-09,12,2026-07-25 00:18:26.964110
113,Sullivan and Sons,Education,United Kingdom,Referral,2024-04-02,8,2026-07-25 00:18:26.964731
114,"Perkins, Kennedy and Schmidt",SaaS,Singapore,Referral,2024-04-20,13,2026-07-25 00:18:26.965330
115,"Pierce, Bell and Chavez",Manufacturing,Canada,Organic,2024-10-22,9,2026-07-25 00:18:26.965848
116,Hall-Griffith,Manufacturing,Singapore,Outbound Sales,2024-04-21,13,2026-07-25 00:18:26.966978
117,Newton Ltd,Consulting,Canada,Organic,2024-05-05,4,2026-07-25 00:18:26.967343
118,Robinson Group,Education,USA,Outbound Sales,2023-10-15,9,2026-07-25 00:18:26.967595
119,"Lawrence, Wolf and Carlson",SaaS,India,Outbound Sales,2024-03-05,14,2026-07-25 00:18:26.968509
120,Phillips LLC,Manufacturing,Singapore,Paid Ads,2023-06-06,14,2026-07-25 00:18:26.968812
121,Smith-Ferguson,E-Commerce,Australia,Organic,2023-10-06,13,2026-07-25 00:18:26.969200
122,Mccann PLC,E-Commerce,USA,Paid Ads,2024-03-02,2,2026-07-25 00:18:26.969440
123,"Raymond, Little and Mullins",Marketing,India,Outbound Sales,2024-03-29,18,2026-07-25 00:18:26.969949
124,Andrews Group,Retail,Canada,Partner,2023-06-09,3,2026-07-25 00:18:26.970198
125,Peterson-Sheppard,Manufacturing,Australia,Paid Ads,2025-01-13,4,2026-07-25 00:18:26.970532
126,Wilson-Jones,Education,Australia,Paid Ads,2024-01-28,14,2026-07-25 00:18:26.970863
127,Ray Ltd,Manufacturing,Germany,Social Media,2025-02-02,10,2026-07-25 00:18:26.971062
128,Hernandez PLC,Consulting,USA,Referral,2023-03-25,14,2026-07-25 00:18:26.971256
129,Mcknight Inc,Marketing,Singapore,Social Media,2024-04-16,6,2026-07-25 00:18:26.971452
130,Obrien-Gibbs,E-Commerce,Australia,Paid Ads,2025-05-16,13,2026-07-25 00:18:26.971777
131,"James, Kerr and Evans",Consulting,United Kingdom,Organic,2023-12-17,10,2026-07-25 00:18:26.972284
132,Torres-Oliver,Education,USA,Partner,2025-07-03,19,2026-07-25 00:18:26.972625
133,"Garcia, Farmer and Garrett",E-Commerce,Singapore,Paid Ads,2025-08-05,15,2026-07-25 00:18:26.973137
134,"Miller, Allen and Arnold",Logistics,Germany,Social Media,2024-02-16,7,2026-07-25 00:18:26.973608
135,Ortiz Ltd,Consulting,Germany,Social Media,2023-09-01,6,2026-07-25 00:18:26.973835
136,Carter-Hall,Finance,Canada,Outbound Sales,2025-07-11,20,2026-07-25 00:18:26.974230
137,"Heath, Jones and Hall",Manufacturing,India,Referral,2024-03-15,10,2026-07-25 00:18:26.974720
138,"Lawrence, Lara and Gonzalez",Retail,United Kingdom,Referral,2024-02-15,5,2026-07-25 00:18:26.975211
139,"Walker, Hernandez and Baker",SaaS,India,Referral,2023-06-28,16,2026-07-25 00:18:26.975688
140,Brown LLC,E-Commerce,United Kingdom,Organic,2023-08-09,15,2026-07-25 00:18:26.975893
141,"Holloway, Morse and Gonzales",Marketing,Singapore,Outbound Sales,2025-07-13,7,2026-07-25 00:18:26.976407
142,"Torres, Powell and Nelson",Marketing,Germany,Partner,2024-12-29,8,2026-07-25 00:18:26.976888
143,Kim-George,Healthcare,Singapore,Social Media,2025-04-18,1,2026-07-25 00:18:26.977218
144,"Morris, Wright and Davis",Finance,United Kingdom,Partner,2024-11-02,8,2026-07-25 00:18:26.977680
145,"Matthews, Smith and Hubbard",Healthcare,United Kingdom,Social Media,2025-11-13,17,2026-07-25 00:18:26.978238
146,"Williams, Avila and Ruiz",Logistics,India,Outbound Sales,2024-02-23,8,2026-07-25 00:18:26.978720
147,Moon-White,Finance,Germany,Referral,2025-10-09,15,2026-07-25 00:18:26.979050
148,Walters-Vasquez,Consulting,Australia,Outbound Sales,2025-06-28,11,2026-07-25 00:18:26.979388
149,Bailey-Cook,Logistics,Australia,Social Media,2023-05-22,17,2026-07-25 00:18:26.979717
150,Hodge LLC,Marketing,United Kingdom,Outbound Sales,2025-11-07,15,2026-07-25 00:18:26.979914
151,"Simpson, Bates and Morales",Healthcare,Singapore,Partner,2024-10-01,15,2026-07-25 00:18:26.980684
152,Gibson LLC,Education,United Kingdom,Referral,2025-05-04,9,2026-07-25 00:18:26.980909
153,Wilson-Barton,Consulting,Germany,Social Media,2024-01-28,8,2026-07-25 00:18:26.981215
154,Sandoval PLC,Education,Germany,Organic,2025-03-10,10,2026-07-25 00:18:26.981378
155,Brown-Stone,Retail,Canada,Paid Ads,2024-12-18,11,2026-07-25 00:18:26.981645
156,Garrett-Wolf,Consulting,India,Referral,2025-08-25,5,2026-07-25 00:18:26.981957
157,Dunn-Pennington,Retail,Germany,Social Media,2023-11-13,5,2026-07-25 00:18:26.982260
158,"Washington, Johnson and Mccoy",Retail,India,Partner,2024-11-11,14,2026-07-25 00:18:26.982994
159,"Moore, Pierce and Tran",Manufacturing,Australia,Partner,2024-01-07,14,2026-07-25 00:18:26.983635
160,Gay Inc,SaaS,USA,Partner,2023-05-25,13,2026-07-25 00:18:26.983837
161,Holland and Sons,E-Commerce,Singapore,Organic,2024-12-17,19,2026-07-25 00:18:26.984057
162,"Carter, Thornton and Perry",Marketing,Germany,Organic,2025-02-13,12,2026-07-25 00:18:26.984593
163,Sanchez-Arnold,Education,United Kingdom,Partner,2025-01-19,14,2026-07-25 00:18:26.984935
164,Weeks PLC,Consulting,Singapore,Social Media,2024-08-18,18,2026-07-25 00:18:26.985141
165,Hill Group,E-Commerce,USA,Partner,2023-08-01,8,2026-07-25 00:18:26.985338
166,"Adams, Smith and Barber",Education,Germany,Partner,2024-06-11,1,2026-07-25 00:18:26.985838
167,"Duarte, Burns and Hernandez",Marketing,Canada,Social Media,2025-06-30,13,2026-07-25 00:18:26.986321
168,Reed-Arnold,Healthcare,United Kingdom,Partner,2025-04-16,5,2026-07-25 00:18:26.986651
169,Gibson-Morris,E-Commerce,Australia,Organic,2025-04-24,13,2026-07-25 00:18:26.987034
170,"Allen, Reyes and Chase",E-Commerce,Australia,Social Media,2023-10-21,1,2026-07-25 00:18:26.987539
171,Flores Group,Finance,Singapore,Partner,2024-09-30,5,2026-07-25 00:18:26.987733
172,Mcneil-Sparks,Logistics,USA,Organic,2024-08-15,9,2026-07-25 00:18:26.988084
173,Simpson Inc,Marketing,Canada,Referral,2025-10-09,15,2026-07-25 00:18:26.988289
174,"Sanford, Rivera and Garcia",Manufacturing,Canada,Partner,2023-07-16,9,2026-07-25 00:18:26.988804
175,Fox Group,Marketing,Canada,Organic,2024-11-14,16,2026-07-25 00:18:26.989056
176,"Thomas, Pitts and Booker",SaaS,Singapore,Outbound Sales,2023-01-24,2,2026-07-25 00:18:26.989517
177,Harrington-Baker,Manufacturing,USA,Social Media,2023-04-27,3,2026-07-25 00:18:26.989845
178,"Sanders, Miller and Murphy",SaaS,United Kingdom,Organic,2025-08-26,8,2026-07-25 00:18:26.990376
179,"James, Stewart and Higgins",Retail,United Kingdom,Organic,2025-11-13,20,2026-07-25 00:18:26.990842
180,"Johnson, Jones and Welch",Healthcare,USA,Referral,2025-01-28,16,2026-07-25 00:18:26.991368
181,Francis Group,Finance,Australia,Referral,2024-03-22,15,2026-07-25 00:18:26.991579
182,"Padilla, Garcia and Jackson",Education,United Kingdom,Paid Ads,2023-06-02,6,2026-07-25 00:18:26.992073
183,Williams Inc,E-Commerce,Australia,Social Media,2024-04-10,4,2026-07-25 00:18:26.992288
184,Brooks-Thomas,Healthcare,Canada,Organic,2024-03-31,19,2026-07-25 00:18:26.992614
185,Knight-Sparks,SaaS,Canada,Outbound Sales,2025-04-05,13,2026-07-25 00:18:26.992989
186,Miller Group,Marketing,Singapore,Referral,2023-09-22,3,2026-07-25 00:18:26.993195
187,"Allen, Durham and Thomas",E-Commerce,Singapore,Social Media,2025-08-20,8,2026-07-25 00:18:26.993668
188,"King, Scott and Smith",Finance,Singapore,Paid Ads,2024-12-17,20,2026-07-25 00:18:26.994175
189,Byrd-Moore,Finance,United Kingdom,Outbound Sales,2024-12-23,2,2026-07-25 00:18:26.994545
190,Huerta-Evans,Manufacturing,Australia,Partner,2024-11-17,12,2026-07-25 00:18:26.994909
191,"Wright, Bruce and Gonzalez",Finance,Australia,Social Media,2024-10-21,11,2026-07-25 00:18:26.995955
192,Rodriguez-James,SaaS,United Kingdom,Partner,2024-08-20,16,2026-07-25 00:18:26.996815
193,"Phillips, Lyons and Johnson",Finance,Germany,Paid Ads,2024-07-11,15,2026-07-25 00:18:26.997512
194,Hill-Knight,Healthcare,Germany,Referral,2025-10-19,17,2026-07-25 00:18:26.998029
195,"Beltran, Lozano and Mcgee",Education,Australia,Outbound Sales,2025-12-01,16,2026-07-25 00:18:26.998477
196,Lawson LLC,Logistics,Germany,Social Media,2024-03-20,19,2026-07-25 00:18:26.999177
197,"Lee, King and Campos",Education,Canada,Referral,2023-12-07,3,2026-07-25 00:18:27.000058
198,"Massey, Fuller and Berger",Education,Germany,Referral,2025-10-21,15,2026-07-25 00:18:27.000787
199,Parker Group,E-Commerce,Australia,Social Media,2025-10-01,13,2026-07-25 00:18:27.001026
200,"Diaz, Anderson and Browning",Manufacturing,India,Partner,2023-02-21,11,2026-07-25 00:18:27.001500
201,"Perry, Gonzalez and Buchanan",Healthcare,Germany,Referral,2024-05-22,12,2026-07-25 00:18:27.001966
202,"Shaw, Nelson and Martin",Education,Canada,Paid Ads,2024-07-22,20,2026-07-25 00:18:27.002434
203,Francis-Morgan,Education,Australia,Organic,2025-01-18,17,2026-07-25 00:18:27.002786
204,Mccarty-Taylor,Retail,India,Referral,2023-06-28,14,2026-07-25 00:18:27.003154
205,"Ramsey, Whitney and Coffey",Logistics,Australia,Referral,2023-12-17,16,2026-07-25 00:18:27.003620
206,Davis-Foster,Logistics,Germany,Organic,2025-05-15,3,2026-07-25 00:18:27.003946
207,"Martinez, Richardson and Curry",Education,USA,Partner,2024-02-15,8,2026-07-25 00:18:27.004407
208,"James, Little and Watson",Education,Singapore,Outbound Sales,2024-02-12,12,2026-07-25 00:18:27.004895
209,Ruiz PLC,Logistics,Australia,Outbound Sales,2025-11-14,12,2026-07-25 00:18:27.005102
210,Herman-Walker,Marketing,Singapore,Outbound Sales,2025-05-22,11,2026-07-25 00:18:27.005429
211,"Colon, Blankenship and Turner",Manufacturing,Singapore,Partner,2023-04-09,9,2026-07-25 00:18:27.005889
212,Taylor Inc,Education,Canada,Referral,2024-09-26,4,2026-07-25 00:18:27.006084
213,Wilson-Young,Retail,Canada,Organic,2024-04-17,18,2026-07-25 00:18:27.006408
214,Price LLC,Healthcare,USA,Referral,2025-04-15,16,2026-07-25 00:18:27.006638
215,"Horton, Fernandez and Matthews",Education,Singapore,Outbound Sales,2025-11-07,17,2026-07-25 00:18:27.007128
216,Pena-Bass,E-Commerce,Canada,Organic,2023-08-29,7,2026-07-25 00:18:27.007490
217,Crosby-Ramirez,Education,USA,Paid Ads,2025-08-14,6,2026-07-25 00:18:27.007814
218,Robinson-Wallace,Education,India,Social Media,2025-12-08,18,2026-07-25 00:18:27.008211
219,Garcia-Jennings,Healthcare,Canada,Organic,2024-01-02,2,2026-07-25 00:18:27.008556
220,"Howard, Sanders and Lopez",Consulting,Canada,Social Media,2025-04-25,5,2026-07-25 00:18:27.009058
221,Davis-Lewis,Logistics,India,Organic,2023-07-09,19,2026-07-25 00:18:27.009394
222,"Maddox, Williams and Cook",Education,Germany,Partner,2025-09-20,15,2026-07-25 00:18:27.009861
223,"Harris, Gallegos and Spencer",Manufacturing,USA,Organic,2023-07-15,9,2026-07-25 00:18:27.010325
224,Li and Sons,Logistics,India,Organic,2025-06-29,13,2026-07-25 00:18:27.010520
225,Kramer PLC,Logistics,India,Outbound Sales,2024-05-25,2,2026-07-25 00:18:27.010713
226,Garrison-Thomas,Healthcare,USA,Outbound Sales,2023-01-05,10,2026-07-25 00:18:27.011149
227,"King, Thompson and Guerrero",Finance,USA,Organic,2023-07-21,18,2026-07-25 00:18:27.011738
228,Smith and Sons,Marketing,Australia,Outbound Sales,2023-02-10,20,2026-07-25 00:18:27.011970
229,Smith-Baker,Retail,United Kingdom,Outbound Sales,2025-07-03,13,2026-07-25 00:18:27.012299
230,"Fisher, Wilson and Brown",Logistics,Germany,Paid Ads,2023-07-16,19,2026-07-25 00:18:27.012801
231,Palmer-Rodriguez,Marketing,Canada,Outbound Sales,2024-11-27,20,2026-07-25 00:18:27.013142
232,Dougherty Inc,SaaS,Australia,Social Media,2025-02-21,4,2026-07-25 00:18:27.013338
233,"Turner, Schneider and Johnson",Retail,Singapore,Referral,2025-10-20,9,2026-07-25 00:18:27.013799
234,Simmons-Rodriguez,Finance,USA,Referral,2025-01-14,6,2026-07-25 00:18:27.014166
235,Lam LLC,Consulting,India,Referral,2024-11-20,1,2026-07-25 00:18:27.014603
236,Jones LLC,Marketing,Germany,Social Media,2025-08-02,20,2026-07-25 00:18:27.014852
237,"Richards, Joseph and James",Logistics,Canada,Organic,2025-08-27,8,2026-07-25 00:18:27.015545
238,"Phillips, Wagner and Jordan",Education,Singapore,Paid Ads,2025-07-17,15,2026-07-25 00:18:27.016464
239,Farrell Ltd,Finance,Singapore,Referral,2025-12-26,9,2026-07-25 00:18:27.016820
240,"Glenn, Jordan and Beasley",E-Commerce,Singapore,Referral,2025-05-06,14,2026-07-25 00:18:27.017401
241,Wilcox-Ross,Finance,Australia,Referral,2024-10-04,5,2026-07-25 00:18:27.017957
242,Simmons-Ortega,Education,United Kingdom,Referral,2023-05-28,3,2026-07-25 00:18:27.018363
243,Mcdaniel Group,SaaS,USA,Paid Ads,2024-08-04,20,2026-07-25 00:18:27.018594
244,Decker Inc,E-Commerce,Canada,Partner,2023-04-15,4,2026-07-25 00:18:27.018838
245,Garner LLC,Logistics,Singapore,Paid Ads,2024-11-01,13,2026-07-25 00:18:27.019048
246,"Brown, Frye and Hoffman",Education,Australia,Outbound Sales,2023-07-22,16,2026-07-25 00:18:27.019521
247,Jenkins Ltd,Logistics,India,Outbound Sales,2025-11-06,2,2026-07-25 00:18:27.019722
248,"Williams, Roberts and Edwards",Marketing,Singapore,Paid Ads,2024-10-19,20,2026-07-25 00:18:27.020194
249,"Romero, Moore and Olson",Education,India,Organic,2023-06-10,8,2026-07-25 00:18:27.020665
250,Bruce-Richardson,E-Commerce,Australia,Organic,2023-06-18,9,2026-07-25 00:18:27.021051
251,"Perez, Patterson and Hoffman",E-Commerce,India,Referral,2024-03-08,16,2026-07-25 00:18:27.021534
252,"Leonard, Hawkins and Lynch",Consulting,Singapore,Partner,2025-08-23,9,2026-07-25 00:18:27.021999
253,"Adams, White and Park",Healthcare,Australia,Partner,2025-10-18,16,2026-07-25 00:18:27.022501
254,Bell-White,Finance,Germany,Paid Ads,2024-04-24,14,2026-07-25 00:18:27.022849
255,"Sandoval, Jones and Figueroa",Manufacturing,Canada,Social Media,2023-08-11,4,2026-07-25 00:18:27.023371
256,Reese and Sons,Healthcare,Canada,Partner,2023-02-17,16,2026-07-25 00:18:27.023585
257,Chavez-Moore,Education,Singapore,Partner,2024-08-07,18,2026-07-25 00:18:27.023909
258,"Nguyen, Pugh and Carlson",SaaS,Germany,Organic,2024-04-29,11,2026-07-25 00:18:27.024370
259,Moore PLC,Education,Canada,Organic,2023-03-23,13,2026-07-25 00:18:27.024565
260,"Miller, Ramos and Coleman",Consulting,United Kingdom,Organic,2023-03-19,18,2026-07-25 00:18:27.025059
261,Perry-Lewis,Logistics,Germany,Organic,2025-08-01,7,2026-07-25 00:18:27.025408
262,Reed Inc,Consulting,Canada,Outbound Sales,2025-03-06,16,2026-07-25 00:18:27.025618
263,"Gregory, Tucker and Estrada",Logistics,United Kingdom,Organic,2024-03-16,7,2026-07-25 00:18:27.026290
264,Foster PLC,Education,Australia,Referral,2023-03-12,10,2026-07-25 00:18:27.026564
265,Harris and Sons,Logistics,Singapore,Partner,2023-03-27,4,2026-07-25 00:18:27.026766
266,Roberts-Wilson,SaaS,Singapore,Outbound Sales,2023-08-02,8,2026-07-25 00:18:27.027146
267,"Jordan, Anderson and Patel",Healthcare,Canada,Outbound Sales,2025-02-11,1,2026-07-25 00:18:27.027632
268,"Hansen, Barnett and Gomez",Consulting,Germany,Organic,2023-12-24,8,2026-07-25 00:18:27.028100
269,"Williams, Smith and Morse",Finance,Germany,Organic,2024-09-08,5,2026-07-25 00:18:27.028568
270,"Patterson, Sullivan and Bowman",Logistics,Singapore,Paid Ads,2024-05-01,17,2026-07-25 00:18:27.029155
271,Sullivan LLC,Education,Germany,Partner,2024-03-25,16,2026-07-25 00:18:27.029387
272,"Stevens, Norris and Cox",Retail,Germany,Outbound Sales,2023-09-24,5,2026-07-25 00:18:27.029857
273,Sanchez PLC,Marketing,USA,Outbound Sales,2024-11-09,17,2026-07-25 00:18:27.030053
274,"Miller, Harrell and Reese",Healthcare,United Kingdom,Organic,2024-09-14,9,2026-07-25 00:18:27.030579
275,Maxwell-Jones,Marketing,Canada,Outbound Sales,2023-12-11,9,2026-07-25 00:18:27.030938
276,Schmidt and Sons,SaaS,Canada,Social Media,2025-09-10,10,2026-07-25 00:18:27.031149
277,Luna-Fuentes,E-Commerce,Australia,Social Media,2024-06-26,16,2026-07-25 00:18:27.031475
278,Garcia LLC,Healthcare,Germany,Outbound Sales,2023-08-18,16,2026-07-25 00:18:27.031672
279,Morrison Ltd,Manufacturing,Canada,Outbound Sales,2023-11-03,18,2026-07-25 00:18:27.031894
280,Bean Ltd,Marketing,Germany,Paid Ads,2023-04-28,7,2026-07-25 00:18:27.032098
281,Webster-Wolf,Retail,Australia,Partner,2025-02-06,8,2026-07-25 00:18:27.032426
282,"Glass, Cunningham and Reid",Marketing,India,Paid Ads,2024-11-28,16,2026-07-25 00:18:27.033186
283,Lin-Burton,Marketing,Germany,Social Media,2025-08-28,5,2026-07-25 00:18:27.033548
284,Jones-Ramos,Logistics,India,Referral,2023-08-23,17,2026-07-25 00:18:27.033881
285,Vargas-Bell,E-Commerce,Canada,Organic,2024-04-15,15,2026-07-25 00:18:27.034208
286,Murray-Johnson,Finance,Australia,Partner,2023-04-26,1,2026-07-25 00:18:27.034535
287,Jones-Lin,Healthcare,Germany,Social Media,2024-07-26,5,2026-07-25 00:18:27.034887
288,"Wheeler, Cruz and Carpenter",Finance,Germany,Paid Ads,2023-05-21,11,2026-07-25 00:18:27.035365
289,Stout-Armstrong,E-Commerce,Singapore,Partner,2023-03-05,3,2026-07-25 00:18:27.035697
290,Jacobs-Mason,Manufacturing,United Kingdom,Social Media,2023-10-20,18,2026-07-25 00:18:27.036020
291,Garcia-Nolan,Marketing,Canada,Social Media,2023-04-07,16,2026-07-25 00:18:27.036345
292,"Miller, Lucas and Williams",Consulting,India,Outbound Sales,2024-06-17,3,2026-07-25 00:18:27.036806
293,Warren-Bishop,Retail,Singapore,Social Media,2024-11-11,10,2026-07-25 00:18:27.037218
294,Hardin-Hughes,Retail,Singapore,Organic,2024-07-19,14,2026-07-25 00:18:27.037724
295,"Harper, Mccormick and Holland",Finance,United Kingdom,Social Media,2024-06-09,4,2026-07-25 00:18:27.038406
296,Davis-Gregory,Logistics,USA,Social Media,2023-04-13,10,2026-07-25 00:18:27.038864
297,Cummings-Douglas,SaaS,India,Paid Ads,2024-03-17,2,2026-07-25 00:18:27.039336
298,Cook PLC,Education,Canada,Paid Ads,2025-07-25,14,2026-07-25 00:18:27.039602
299,Rangel LLC,Healthcare,USA,Outbound Sales,2025-10-27,14,2026-07-25 00:18:27.039877
300,"Bates, Anderson and Fletcher",E-Commerce,Singapore,Referral,2025-10-16,6,2026-07-25 00:18:27.040431
301,Hansen-Schneider,Healthcare,India,Outbound Sales,2023-05-12,13,2026-07-25 00:18:27.040834
302,Santiago Ltd,E-Commerce,Singapore,Referral,2024-05-25,16,2026-07-25 00:18:27.041074
303,"Davis, Santiago and Romero",E-Commerce,USA,Referral,2025-11-30,15,2026-07-25 00:18:27.041547
304,Parker-Bean,Education,Germany,Paid Ads,2023-01-29,1,2026-07-25 00:18:27.041874
305,Lee-Cooke,Logistics,Canada,Social Media,2024-06-14,18,2026-07-25 00:18:27.042314
306,Phillips Inc,Healthcare,India,Partner,2023-08-29,12,2026-07-25 00:18:27.042565
307,"Conley, Stephenson and Johnson",E-Commerce,Canada,Social Media,2025-02-27,14,2026-07-25 00:18:27.043032
308,"Anderson, Bennett and Martin",Education,Germany,Paid Ads,2024-06-07,7,2026-07-25 00:18:27.043436
309,"Lamb, Martin and Kim",Marketing,United Kingdom,Partner,2025-12-12,4,2026-07-25 00:18:27.043880
310,Rhodes-Young,Retail,Germany,Outbound Sales,2024-09-30,12,2026-07-25 00:18:27.044240
311,"Mitchell, Goodman and Cole",E-Commerce,Canada,Social Media,2024-11-21,10,2026-07-25 00:18:27.044735
312,Collins Group,SaaS,United Kingdom,Social Media,2025-04-09,13,2026-07-25 00:18:27.044952
313,Gregory-Hudson,Education,India,Outbound Sales,2023-10-29,2,2026-07-25 00:18:27.045300
314,Hammond-Strickland,E-Commerce,Singapore,Partner,2024-11-15,10,2026-07-25 00:18:27.045656
315,"Barnes, Martin and Gonzalez",Retail,Australia,Paid Ads,2025-02-20,8,2026-07-25 00:18:27.046178
316,Salas Inc,Retail,Australia,Paid Ads,2025-07-28,5,2026-07-25 00:18:27.046462
317,Sawyer-Spencer,Finance,Singapore,Social Media,2025-09-23,2,2026-07-25 00:18:27.046835
318,"Singleton, Rosales and Mitchell",Education,United Kingdom,Partner,2023-06-09,2,2026-07-25 00:18:27.047366
319,Cole-Palmer,E-Commerce,Canada,Social Media,2023-09-07,5,2026-07-25 00:18:27.047840
320,Potts and Sons,Finance,Canada,Paid Ads,2024-11-10,14,2026-07-25 00:18:27.048278
321,Arias-Perry,Healthcare,USA,Referral,2024-12-01,18,2026-07-25 00:18:27.048656
322,"Brooks, Hughes and Miller",Manufacturing,Australia,Outbound Sales,2024-09-07,9,2026-07-25 00:18:27.049163
323,Flores Inc,Healthcare,Canada,Partner,2023-12-15,10,2026-07-25 00:18:27.049385
324,Moody-Taylor,Manufacturing,United Kingdom,Organic,2025-10-06,15,2026-07-25 00:18:27.049742
325,Horton-Taylor,Finance,USA,Referral,2024-03-21,13,2026-07-25 00:18:27.050145
326,Gilbert-Bullock,Consulting,Canada,Organic,2024-12-29,13,2026-07-25 00:18:27.050693
327,Lewis-Hernandez,SaaS,Canada,Outbound Sales,2023-01-30,4,2026-07-25 00:18:27.051070
328,"Henderson, Parsons and Young",Logistics,Canada,Social Media,2025-08-03,9,2026-07-25 00:18:27.051568
329,Allen Ltd,E-Commerce,Germany,Social Media,2023-07-09,12,2026-07-25 00:18:27.051788
330,Brown-Copeland,Finance,Singapore,Referral,2025-08-25,16,2026-07-25 00:18:27.052135
331,"Herrera, Chen and Andrews",SaaS,Australia,Outbound Sales,2025-02-15,11,2026-07-25 00:18:27.052656
332,Patterson-Mendez,E-Commerce,USA,Social Media,2023-08-12,3,2026-07-25 00:18:27.053053
333,"Butler, Beck and Miller",Logistics,Singapore,Paid Ads,2024-01-09,14,2026-07-25 00:18:27.053554
334,Ashley PLC,Finance,USA,Organic,2024-07-14,2,2026-07-25 00:18:27.053773
335,"Spencer, Myers and Harrison",Education,Germany,Organic,2025-02-27,4,2026-07-25 00:18:27.054267
336,Zavala-King,Retail,Australia,Referral,2025-09-14,13,2026-07-25 00:18:27.054818
337,Kramer-Cooper,Logistics,Canada,Social Media,2023-01-26,18,2026-07-25 00:18:27.055247
338,"Garcia, Perkins and Sherman",Marketing,Australia,Social Media,2025-10-17,5,2026-07-25 00:18:27.055929
339,Bell LLC,Marketing,Singapore,Organic,2023-07-27,16,2026-07-25 00:18:27.056231
340,Greer Ltd,E-Commerce,Germany,Paid Ads,2025-09-25,2,2026-07-25 00:18:27.056505
341,"Mendoza, White and Taylor",Manufacturing,USA,Partner,2024-12-22,15,2026-07-25 00:18:27.057240
342,Carter Inc,Retail,United Kingdom,Paid Ads,2024-12-11,4,2026-07-25 00:18:27.057860
343,Stewart LLC,Manufacturing,Australia,Social Media,2023-11-06,12,2026-07-25 00:18:27.058161
344,Hays-Daniels,SaaS,Germany,Paid Ads,2025-03-11,7,2026-07-25 00:18:27.058663
345,Mullins and Sons,Finance,United Kingdom,Partner,2024-01-29,3,2026-07-25 00:18:27.058963
346,Atkins-Williams,Retail,Singapore,Social Media,2024-03-20,20,2026-07-25 00:18:27.059451
347,Nelson-Lloyd,SaaS,India,Paid Ads,2025-10-15,8,2026-07-25 00:18:27.059897
348,Paul-Kline,Healthcare,United Kingdom,Outbound Sales,2024-11-09,7,2026-07-25 00:18:27.060339
349,Beltran-Crawford,Finance,United Kingdom,Outbound Sales,2024-08-23,7,2026-07-25 00:18:27.060773
350,Glass-Stone,E-Commerce,USA,Referral,2025-02-11,11,2026-07-25 00:18:27.061240
351,"Coleman, Jordan and Carney",Healthcare,United Kingdom,Outbound Sales,2023-05-09,1,2026-07-25 00:18:27.061861
352,"Carter, Garcia and Murphy",Education,United Kingdom,Referral,2023-10-08,5,2026-07-25 00:18:27.062542
353,Griffin-Robbins,Consulting,Canada,Referral,2024-04-04,4,2026-07-25 00:18:27.062992
354,"Wallace, West and Acosta",SaaS,USA,Organic,2023-09-16,12,2026-07-25 00:18:27.063694
355,"Bolton, Hill and Whitney",Retail,Australia,Paid Ads,2024-07-01,1,2026-07-25 00:18:27.064423
356,Lambert Group,Healthcare,Canada,Organic,2023-03-31,5,2026-07-25 00:18:27.064727
357,"Owen, Shelton and Cisneros",Marketing,Australia,Organic,2024-07-18,3,2026-07-25 00:18:27.065426
358,"Gregory, Kim and Martinez",Logistics,Germany,Paid Ads,2023-08-10,17,2026-07-25 00:18:27.066786
359,"Diaz, Reyes and Bradley",E-Commerce,India,Partner,2024-01-02,17,2026-07-25 00:18:27.067427
360,Shelton LLC,Retail,Australia,Organic,2025-07-28,17,2026-07-25 00:18:27.067649
361,Hines-Berry,Education,Germany,Social Media,2024-07-31,1,2026-07-25 00:18:27.068054
362,Sanders-Banks,SaaS,Germany,Partner,2025-04-02,14,2026-07-25 00:18:27.068406
363,Johnson and Sons,Finance,Germany,Social Media,2024-01-23,15,2026-07-25 00:18:27.068639
364,"Hughes, Hoffman and Green",Finance,India,Paid Ads,2025-02-14,20,2026-07-25 00:18:27.069121
365,"Griffin, Davies and Mitchell",Healthcare,India,Referral,2024-02-09,9,2026-07-25 00:18:27.069589
366,Martinez Inc,E-Commerce,Singapore,Outbound Sales,2025-02-02,18,2026-07-25 00:18:27.069791
367,Roach Group,Manufacturing,Germany,Outbound Sales,2024-12-03,17,2026-07-25 00:18:27.069988
368,"Ponce, Downs and Contreras",Education,Germany,Outbound Sales,2023-05-17,20,2026-07-25 00:18:27.070450
369,"Daniels, Vance and York",Marketing,India,Social Media,2023-04-11,4,2026-07-25 00:18:27.070961
370,"Thompson, Ward and Walker",Consulting,Singapore,Referral,2025-12-23,14,2026-07-25 00:18:27.071437
371,Young Group,Logistics,USA,Partner,2023-11-09,11,2026-07-25 00:18:27.071635
372,Spencer-Wood,Logistics,Germany,Partner,2023-02-10,4,2026-07-25 00:18:27.071962
373,Salazar Inc,Manufacturing,Germany,Paid Ads,2025-05-06,9,2026-07-25 00:18:27.072162
374,Sanders-Love,Manufacturing,USA,Social Media,2023-04-13,16,2026-07-25 00:18:27.072493
375,"Jenkins, Ortiz and Andrews",Finance,India,Organic,2025-01-13,3,2026-07-25 00:18:27.073038
376,Day-Cole,Marketing,India,Social Media,2023-07-14,12,2026-07-25 00:18:27.073527
377,"Cooper, Humphrey and Deleon",Healthcare,Australia,Organic,2025-11-22,19,2026-07-25 00:18:27.074168
378,"White, Burch and Reynolds",Consulting,Australia,Paid Ads,2025-09-20,4,2026-07-25 00:18:27.075004
379,Holmes LLC,Marketing,Canada,Social Media,2023-03-28,14,2026-07-25 00:18:27.075346
380,Morris Ltd,SaaS,Canada,Outbound Sales,2023-09-13,10,2026-07-25 00:18:27.075740
381,Meza-Stone,Manufacturing,India,Outbound Sales,2023-12-17,17,2026-07-25 00:18:27.076604
382,King Ltd,Retail,USA,Social Media,2024-03-17,16,2026-07-25 00:18:27.077008
383,Martinez-Turner,Retail,United Kingdom,Organic,2025-05-05,12,2026-07-25 00:18:27.077499
384,Shaw and Sons,Consulting,Canada,Organic,2025-04-08,9,2026-07-25 00:18:27.077874
385,"Moore, Hopkins and Le",E-Commerce,USA,Partner,2025-07-08,18,2026-07-25 00:18:27.078390
386,Kirby-Elliott,E-Commerce,Australia,Social Media,2025-07-29,18,2026-07-25 00:18:27.078845
387,Williams Ltd,SaaS,Australia,Social Media,2023-02-14,9,2026-07-25 00:18:27.079143
388,Curtis-Wang,SaaS,USA,Paid Ads,2025-06-14,10,2026-07-25 00:18:27.079630
389,"Fowler, Jimenez and Burton",Manufacturing,Canada,Organic,2024-10-09,6,2026-07-25 00:18:27.080263
390,"Frye, Webb and Ballard",Healthcare,Australia,Social Media,2024-03-25,13,2026-07-25 00:18:27.080939
391,Evans-Jones,Finance,USA,Social Media,2025-11-30,1,2026-07-25 00:18:27.081298
392,Gonzales Group,Finance,Singapore,Outbound Sales,2023-04-04,7,2026-07-25 00:18:27.081502
393,Peterson and Sons,Marketing,Germany,Partner,2024-12-22,11,2026-07-25 00:18:27.081703
394,"Flores, Travis and Reed",Healthcare,Canada,Paid Ads,2024-04-30,11,2026-07-25 00:18:27.082235
395,Hodges PLC,E-Commerce,Australia,Organic,2024-09-11,2,2026-07-25 00:18:27.082450
396,Flores Group,Healthcare,USA,Outbound Sales,2025-05-22,2,2026-07-25 00:18:27.082647
397,Cole-Thomas,Finance,Canada,Partner,2023-07-10,14,2026-07-25 00:18:27.083041
398,Dougherty-Lin,Logistics,Australia,Partner,2023-03-20,14,2026-07-25 00:18:27.083387
399,Estes and Sons,Education,USA,Outbound Sales,2024-10-11,4,2026-07-25 00:18:27.083601
400,"Griffith, Lee and Moore",Manufacturing,Germany,Organic,2024-05-23,10,2026-07-25 00:18:27.084142
401,Jimenez-Parker,E-Commerce,Germany,Outbound Sales,2025-03-10,10,2026-07-25 00:18:27.084481
402,Landry PLC,SaaS,USA,Partner,2023-02-06,20,2026-07-25 00:18:27.084685
403,Lewis LLC,SaaS,India,Referral,2024-12-11,10,2026-07-25 00:18:27.084884
404,Campbell PLC,Retail,United Kingdom,Referral,2023-03-17,9,2026-07-25 00:18:27.085109
405,"Ruiz, Herrera and Boone",Education,Canada,Organic,2025-10-13,1,2026-07-25 00:18:27.085622
406,Khan Ltd,Logistics,Singapore,Partner,2024-10-31,6,2026-07-25 00:18:27.085824
407,Diaz-Morales,Healthcare,Germany,Outbound Sales,2024-07-22,8,2026-07-25 00:18:27.086172
408,"Lee, Tran and Jones",Consulting,Australia,Social Media,2025-06-04,12,2026-07-25 00:18:27.086650
409,Duran-Ramirez,Finance,Germany,Social Media,2025-02-22,2,2026-07-25 00:18:27.087051
410,"Carr, Anderson and Davis",Marketing,India,Partner,2025-08-26,3,2026-07-25 00:18:27.087517
411,Grant-Diaz,Manufacturing,Australia,Partner,2024-08-02,19,2026-07-25 00:18:27.087845
412,Morrison Group,Marketing,Singapore,Social Media,2023-08-13,14,2026-07-25 00:18:27.088064
413,Williams and Sons,Education,India,Partner,2025-02-15,1,2026-07-25 00:18:27.088296
414,Stone-Hernandez,Manufacturing,USA,Outbound Sales,2024-06-01,15,2026-07-25 00:18:27.088640
415,Murphy PLC,Manufacturing,India,Partner,2025-03-11,4,2026-07-25 00:18:27.088835
416,Long PLC,Retail,Germany,Outbound Sales,2024-05-09,13,2026-07-25 00:18:27.089288
417,"Rogers, Clayton and Patel",Consulting,India,Partner,2024-04-09,10,2026-07-25 00:18:27.089748
418,Wells-Smith,Manufacturing,USA,Paid Ads,2025-05-24,6,2026-07-25 00:18:27.090044
419,"Rodriguez, Butler and Parker",Finance,Australia,Social Media,2024-05-29,4,2026-07-25 00:18:27.090436
420,"Johnson, Wells and Coffey",Consulting,Australia,Referral,2025-12-04,12,2026-07-25 00:18:27.090888
421,"Perez, Williams and Castillo",Manufacturing,Singapore,Social Media,2025-06-17,5,2026-07-25 00:18:27.091367
422,"Griffith, Hampton and James",Retail,India,Referral,2025-03-25,9,2026-07-25 00:18:27.091876
423,Johnson Ltd,Retail,USA,Outbound Sales,2025-11-23,5,2026-07-25 00:18:27.092083
424,Smith LLC,Finance,USA,Social Media,2023-06-20,16,2026-07-25 00:18:27.092275
425,Gutierrez and Sons,Logistics,United Kingdom,Outbound Sales,2024-10-12,19,2026-07-25 00:18:27.092470
426,"Hampton, Knapp and Salas",Logistics,Singapore,Outbound Sales,2024-09-29,20,2026-07-25 00:18:27.092971
427,"Taylor, Clark and Nguyen",Manufacturing,United Kingdom,Social Media,2023-04-07,11,2026-07-25 00:18:27.093484
428,Fox-Edwards,Healthcare,Germany,Organic,2025-10-25,16,2026-07-25 00:18:27.093809
429,Barr-Peterson,Logistics,Singapore,Paid Ads,2023-09-27,9,2026-07-25 00:18:27.094138
430,"Ingram, Le and Schneider",E-Commerce,India,Paid Ads,2024-07-04,17,2026-07-25 00:18:27.094674
431,Bishop-Lee,Finance,Canada,Partner,2025-12-13,15,2026-07-25 00:18:27.095011
432,Grant-Walker,SaaS,India,Paid Ads,2024-01-18,10,2026-07-25 00:18:27.095331
433,Bush-Vaughn,Finance,Singapore,Organic,2024-04-07,20,2026-07-25 00:18:27.095662
434,Castillo-Castro,E-Commerce,Australia,Partner,2025-01-29,15,2026-07-25 00:18:27.096000
435,Martinez-Rhodes,E-Commerce,Australia,Social Media,2024-02-29,2,2026-07-25 00:18:27.096361
436,Cardenas-Blevins,Logistics,United Kingdom,Outbound Sales,2024-08-12,7,2026-07-25 00:18:27.096712
437,Williams-Moses,Manufacturing,Australia,Partner,2023-08-16,17,2026-07-25 00:18:27.097041
438,Bradshaw-Douglas,Healthcare,India,Partner,2023-05-03,4,2026-07-25 00:18:27.097370
439,Harris PLC,Manufacturing,Singapore,Organic,2025-01-14,17,2026-07-25 00:18:27.097612
440,"Horton, Taylor and Gilbert",Healthcare,India,Referral,2024-02-26,15,2026-07-25 00:18:27.098128
441,Sanchez Ltd,Logistics,Australia,Outbound Sales,2025-06-30,20,2026-07-25 00:18:27.098336
442,Little Inc,Healthcare,Canada,Paid Ads,2025-04-04,10,2026-07-25 00:18:27.098530
443,Rivera-Kennedy,Marketing,Germany,Paid Ads,2023-06-05,20,2026-07-25 00:18:27.098881
444,Smith PLC,SaaS,United Kingdom,Social Media,2025-11-24,11,2026-07-25 00:18:27.099123
445,Delgado-Gilmore,Finance,Canada,Organic,2023-09-03,18,2026-07-25 00:18:27.099474
446,Santos-Avila,Marketing,Canada,Paid Ads,2025-01-08,20,2026-07-25 00:18:27.099801
447,Mitchell-Brown,Healthcare,Canada,Organic,2024-03-22,19,2026-07-25 00:18:27.100134
448,"Andrews, Nichols and Sharp",Healthcare,Canada,Paid Ads,2023-05-19,13,2026-07-25 00:18:27.100661
449,Butler and Sons,Healthcare,Australia,Social Media,2023-02-27,3,2026-07-25 00:18:27.100896
450,French-Lopez,Education,Australia,Partner,2023-02-26,11,2026-07-25 00:18:27.101221
451,Smith PLC,Healthcare,Singapore,Social Media,2024-03-25,17,2026-07-25 00:18:27.101419
452,Hebert LLC,Finance,Singapore,Social Media,2025-07-25,14,2026-07-25 00:18:27.101616
453,Hays-Daniels,Consulting,Canada,Organic,2024-03-18,12,2026-07-25 00:18:27.101944
454,Rosales Group,Education,USA,Referral,2025-02-06,11,2026-07-25 00:18:27.102177
455,Lamb LLC,Logistics,USA,Referral,2024-02-28,5,2026-07-25 00:18:27.102394
456,"Stevens, Scott and Lopez",Healthcare,India,Paid Ads,2023-09-10,4,2026-07-25 00:18:27.102879
457,Bradley-Todd,Consulting,United Kingdom,Outbound Sales,2024-06-07,17,2026-07-25 00:18:27.103217
458,"Chase, Prince and Wilcox",SaaS,Singapore,Paid Ads,2023-09-30,20,2026-07-25 00:18:27.103740
459,Miller-Caldwell,Healthcare,Australia,Partner,2025-03-11,5,2026-07-25 00:18:27.104067
460,Woods and Sons,Healthcare,USA,Social Media,2023-10-15,20,2026-07-25 00:18:27.104260
461,Reyes-Griffin,Healthcare,Singapore,Partner,2023-01-11,2,2026-07-25 00:18:27.104583
462,Turner-Sharp,Marketing,Canada,Social Media,2024-02-19,8,2026-07-25 00:18:27.104945
463,Valdez-Schwartz,Logistics,Australia,Paid Ads,2023-01-18,15,2026-07-25 00:18:27.105377
464,"Wilson, Parker and Sullivan",Retail,Australia,Referral,2023-04-07,10,2026-07-25 00:18:27.105826
465,"Carrillo, Vaughn and Fowler",Logistics,United Kingdom,Referral,2025-02-19,12,2026-07-25 00:18:27.106216
466,Mendez-Robinson,E-Commerce,Germany,Partner,2024-04-03,10,2026-07-25 00:18:27.106487
467,Hernandez-Adkins,Marketing,Australia,Outbound Sales,2023-07-27,14,2026-07-25 00:18:27.106786
468,Perry-Dunn,Healthcare,United Kingdom,Referral,2025-07-29,20,2026-07-25 00:18:27.107183
469,"Pham, Petersen and Gill",Healthcare,United Kingdom,Paid Ads,2025-01-01,2,2026-07-25 00:18:27.107644
470,"Marks, Miller and Griffin",Logistics,United Kingdom,Paid Ads,2025-11-22,18,2026-07-25 00:18:27.108109
471,Miller-Elliott,Finance,Singapore,Outbound Sales,2025-12-29,4,2026-07-25 00:18:27.108453
472,"Leach, Harris and Herrera",Education,India,Referral,2023-04-06,9,2026-07-25 00:18:27.109041
473,Bond-Ramos,Logistics,Australia,Referral,2023-09-13,14,2026-07-25 00:18:27.109395
474,Love Group,Finance,USA,Partner,2025-11-22,12,2026-07-25 00:18:27.109598
475,"Griffin, Brown and Anderson",SaaS,Germany,Organic,2023-05-22,13,2026-07-25 00:18:27.110076
476,Elliott-Hansen,Consulting,Canada,Referral,2024-10-07,13,2026-07-25 00:18:27.110411
477,Cummings-Foster,Finance,Canada,Referral,2025-11-11,1,2026-07-25 00:18:27.110820
478,"Robinson, Jones and Henderson",Manufacturing,India,Social Media,2023-01-05,11,2026-07-25 00:18:27.111301
479,Weaver Inc,Healthcare,USA,Organic,2025-12-24,10,2026-07-25 00:18:27.111537
480,Johnson-Ortiz,Logistics,Singapore,Referral,2023-04-18,16,2026-07-25 00:18:27.111881
481,"Good, Brewer and Fisher",Logistics,Australia,Organic,2023-07-30,3,2026-07-25 00:18:27.112354
482,Kane-Knox,SaaS,Canada,Referral,2024-08-17,5,2026-07-25 00:18:27.112734
483,Vega Ltd,Consulting,Singapore,Outbound Sales,2024-08-06,17,2026-07-25 00:18:27.112945
484,Valdez LLC,Marketing,India,Paid Ads,2025-04-17,8,2026-07-25 00:18:27.113221
485,Haney Group,Education,India,Organic,2023-07-04,8,2026-07-25 00:18:27.113418
486,Luna and Sons,Marketing,Singapore,Outbound Sales,2025-04-01,15,2026-07-25 00:18:27.113617
487,Good Group,Finance,India,Partner,2023-01-06,20,2026-07-25 00:18:27.113815
488,"Stephens, Patel and Morrow",Consulting,India,Social Media,2025-11-12,17,2026-07-25 00:18:27.114285
489,Reed-Hill,E-Commerce,USA,Social Media,2024-01-20,5,2026-07-25 00:18:27.114657
490,Pacheco Group,Education,Germany,Organic,2023-06-25,20,2026-07-25 00:18:27.114865
491,Allen Inc,Manufacturing,USA,Outbound Sales,2025-08-13,14,2026-07-25 00:18:27.115064
492,"Johnson, Harper and Warner",Healthcare,Singapore,Social Media,2023-06-06,3,2026-07-25 00:18:27.115541
493,Yang Group,Consulting,Canada,Organic,2023-03-17,17,2026-07-25 00:18:27.115740
494,Fernandez Inc,Consulting,Australia,Outbound Sales,2024-11-12,18,2026-07-25 00:18:27.116148
495,"Holder, Young and Hendricks",SaaS,Germany,Partner,2023-08-06,2,2026-07-25 00:18:27.116925
496,Ray-Barton,Marketing,Canada,Paid Ads,2025-06-13,1,2026-07-25 00:18:27.117248
497,Turner and Sons,Manufacturing,United Kingdom,Organic,2024-05-13,12,2026-07-25 00:18:27.117416
498,"Walker, Turner and Brown",Retail,Singapore,Social Media,2025-10-22,4,2026-07-25 00:18:27.117801
499,"Buck, Garrett and Simmons",E-Commerce,Singapore,Paid Ads,2025-07-08,5,2026-07-25 00:18:27.118183
500,Compton Ltd,SaaS,Canada,Outbound Sales,2025-02-08,11,2026-07-25 00:18:27.118349
501,Floyd-Flores,Healthcare,United Kingdom,Social Media,2025-11-08,15,2026-07-25 00:18:27.118653
502,Hernandez-Bennett,Logistics,Singapore,Referral,2024-10-08,5,2026-07-25 00:18:27.118929
503,Allen-Perez,Finance,Singapore,Partner,2025-04-15,2,2026-07-25 00:18:27.119196
504,Melendez-Hart,Education,USA,Organic,2023-08-13,7,2026-07-25 00:18:27.119459
505,"Moreno, Price and Scott",SaaS,Canada,Paid Ads,2024-10-09,17,2026-07-25 00:18:27.119826
506,"Miller, Cole and Watson",Marketing,United Kingdom,Outbound Sales,2024-05-28,16,2026-07-25 00:18:27.120192
507,"Calderon, Williams and Bennett",Education,India,Social Media,2025-04-12,7,2026-07-25 00:18:27.120612
508,"Williams, Jones and Ballard",Education,Canada,Organic,2025-07-28,11,2026-07-25 00:18:27.121270
509,"Powers, Robinson and Clark",Education,India,Paid Ads,2025-07-01,14,2026-07-25 00:18:27.121698
510,Krueger-Smith,Marketing,Singapore,Partner,2024-06-01,13,2026-07-25 00:18:27.121966
511,"Wilson, Key and Mendoza",Manufacturing,USA,Partner,2023-10-23,16,2026-07-25 00:18:27.122340
512,"Munoz, Harris and Herman",Manufacturing,United Kingdom,Outbound Sales,2024-01-12,9,2026-07-25 00:18:27.122747
513,Rowe-James,Finance,Singapore,Partner,2025-05-07,3,2026-07-25 00:18:27.123019
514,"Howard, Green and Hunt",Marketing,Australia,Referral,2025-04-08,18,2026-07-25 00:18:27.123392
515,Garcia-Zavala,Education,Canada,Organic,2025-02-11,3,2026-07-25 00:18:27.123655
516,Rocha-Wood,Manufacturing,Singapore,Paid Ads,2024-12-30,10,2026-07-25 00:18:27.123919
517,Hart and Sons,Logistics,Australia,Social Media,2024-10-05,14,2026-07-25 00:18:27.124079
518,Green PLC,Healthcare,Singapore,Partner,2023-08-15,12,2026-07-25 00:18:27.124238
519,"Butler, Hernandez and Rivera",Logistics,India,Social Media,2025-06-18,12,2026-07-25 00:18:27.124642
520,"Whitaker, Porter and Pena",E-Commerce,Germany,Paid Ads,2024-08-13,2,2026-07-25 00:18:27.125034
521,Scott-Underwood,Finance,Singapore,Social Media,2025-11-29,13,2026-07-25 00:18:27.125296
522,"Henry, Jackson and Norton",Manufacturing,Australia,Social Media,2025-09-23,6,2026-07-25 00:18:27.125663
523,Cortez Group,SaaS,USA,Outbound Sales,2023-09-20,15,2026-07-25 00:18:27.125825
524,"Mooney, Bernard and Warren",SaaS,USA,Organic,2023-10-13,8,2026-07-25 00:18:27.126194
525,"Williams, Smith and Taylor",Manufacturing,Canada,Partner,2023-04-26,19,2026-07-25 00:18:27.126575
526,Jones and Sons,SaaS,Australia,Referral,2025-09-06,15,2026-07-25 00:18:27.126791
527,Wagner LLC,Manufacturing,Canada,Partner,2023-01-15,3,2026-07-25 00:18:27.126951
528,"Little, Peck and Durham",E-Commerce,USA,Outbound Sales,2023-04-04,12,2026-07-25 00:18:27.127319
529,Smith-Patel,Marketing,Canada,Social Media,2025-10-21,9,2026-07-25 00:18:27.127587
530,Smith Ltd,Retail,India,Organic,2024-09-30,6,2026-07-25 00:18:27.127799
531,"Madden, Smith and Li",Logistics,Australia,Partner,2024-03-02,18,2026-07-25 00:18:27.128248
532,Drake-Browning,Finance,Canada,Paid Ads,2025-11-13,15,2026-07-25 00:18:27.128517
533,Warren and Sons,Retail,Australia,Paid Ads,2023-06-16,16,2026-07-25 00:18:27.128709
534,"Fox, Ochoa and Adams",Retail,India,Referral,2023-10-26,3,2026-07-25 00:18:27.129084
535,Watson Group,Logistics,USA,Social Media,2024-09-08,15,2026-07-25 00:18:27.129251
536,"Sanchez, Terry and Evans",Finance,United Kingdom,Social Media,2024-12-14,11,2026-07-25 00:18:27.129620
537,"Frey, Santos and Johnson",Manufacturing,Singapore,Organic,2023-05-06,18,2026-07-25 00:18:27.129992
538,Bennett-Alvarez,Consulting,Canada,Paid Ads,2024-09-21,6,2026-07-25 00:18:27.130267
539,Warner Inc,Healthcare,United Kingdom,Paid Ads,2025-09-16,17,2026-07-25 00:18:27.130429
540,Newman-Rivera,Retail,India,Referral,2025-02-15,5,2026-07-25 00:18:27.130729
541,"Ellison, Hall and Valenzuela",Retail,United Kingdom,Partner,2023-05-29,1,2026-07-25 00:18:27.131111
542,"Alvarez, Williams and Jones",Manufacturing,Australia,Outbound Sales,2025-12-11,12,2026-07-25 00:18:27.131486
543,"Elliott, Johnson and Mcfarland",Logistics,United Kingdom,Outbound Sales,2024-03-11,5,2026-07-25 00:18:27.131857
544,Ali PLC,E-Commerce,India,Organic,2024-05-03,10,2026-07-25 00:18:27.132018
545,"Nicholson, Hickman and Evans",Marketing,Singapore,Social Media,2023-08-12,16,2026-07-25 00:18:27.132380
546,Knight Group,Consulting,Germany,Partner,2025-05-26,19,2026-07-25 00:18:27.132833
547,"Rivera, Campos and Taylor",Finance,USA,Paid Ads,2025-11-17,3,2026-07-25 00:18:27.133351
548,"Miller, Mcgee and Reed",Logistics,Germany,Social Media,2025-12-06,17,2026-07-25 00:18:27.133735
549,Hall-Jones,Manufacturing,USA,Outbound Sales,2023-06-01,19,2026-07-25 00:18:27.133998
550,"Friedman, Sanders and Ayala",Healthcare,United Kingdom,Referral,2025-07-29,14,2026-07-25 00:18:27.134374
551,"Nelson, Riddle and Henry",Consulting,United Kingdom,Organic,2023-02-16,4,2026-07-25 00:18:27.134786
552,"Pugh, Reynolds and Frazier",Consulting,USA,Paid Ads,2024-07-06,6,2026-07-25 00:18:27.135164
553,Miller-Montgomery,Healthcare,Canada,Social Media,2025-10-23,8,2026-07-25 00:18:27.135435
554,"Jones, Adams and James",Manufacturing,Australia,Paid Ads,2024-01-18,3,2026-07-25 00:18:27.135808
555,Singh LLC,Education,USA,Social Media,2025-09-11,18,2026-07-25 00:18:27.135975
556,Davis LLC,Education,USA,Social Media,2024-07-14,10,2026-07-25 00:18:27.136400
557,Juarez-Garcia,E-Commerce,Australia,Organic,2024-11-21,17,2026-07-25 00:18:27.137099
558,Jordan PLC,Healthcare,Australia,Outbound Sales,2023-05-16,5,2026-07-25 00:18:27.137422
559,"Russell, Johnson and Gomez",Healthcare,Singapore,Outbound Sales,2025-05-11,20,2026-07-25 00:18:27.137878
560,"George, Nguyen and Cruz",Manufacturing,United Kingdom,Outbound Sales,2023-05-25,2,2026-07-25 00:18:27.138495
561,Hughes-Miller,SaaS,India,Organic,2024-03-29,19,2026-07-25 00:18:27.139199
562,Armstrong and Sons,Education,Singapore,Referral,2025-05-19,19,2026-07-25 00:18:27.139717
563,Jackson-Adams,Marketing,Australia,Social Media,2025-11-30,1,2026-07-25 00:18:27.140614
564,Thomas-Jackson,Logistics,Singapore,Outbound Sales,2024-02-21,10,2026-07-25 00:18:27.141008
565,Evans-Patton,Education,Germany,Referral,2024-03-04,13,2026-07-25 00:18:27.141289
566,Raymond-Le,Education,Germany,Organic,2024-07-14,2,2026-07-25 00:18:27.141556
567,"Jensen, Ellis and Taylor",Healthcare,Germany,Partner,2025-02-09,16,2026-07-25 00:18:27.141982
568,Cook-Oliver,Logistics,USA,Paid Ads,2023-01-11,20,2026-07-25 00:18:27.142278
569,Cook-Ochoa,Healthcare,Canada,Social Media,2024-05-26,11,2026-07-25 00:18:27.142546
570,"Taylor, Flores and Valentine",Manufacturing,Germany,Referral,2025-10-08,12,2026-07-25 00:18:27.142918
571,Edwards-Oconnell,Consulting,Australia,Organic,2023-11-09,11,2026-07-25 00:18:27.143276
572,Navarro-Chen,Retail,Germany,Organic,2024-05-10,9,2026-07-25 00:18:27.143551
573,Nguyen LLC,Logistics,USA,Referral,2025-06-13,4,2026-07-25 00:18:27.143727
574,Wilson-Elliott,SaaS,Canada,Partner,2024-09-02,20,2026-07-25 00:18:27.144052
575,"White, Saunders and Johnson",Marketing,USA,Referral,2025-07-08,11,2026-07-25 00:18:27.144437
576,"Clark, Salinas and Guerra",E-Commerce,Singapore,Paid Ads,2024-12-18,7,2026-07-25 00:18:27.144812
577,Chambers-Taylor,Healthcare,Germany,Outbound Sales,2023-04-18,15,2026-07-25 00:18:27.145080
578,King and Sons,Logistics,Canada,Partner,2024-04-15,1,2026-07-25 00:18:27.145250
579,Jones-Ewing,Finance,Germany,Outbound Sales,2024-10-19,15,2026-07-25 00:18:27.145512
580,"Morales, Hunter and Knapp",Retail,USA,Outbound Sales,2025-01-14,12,2026-07-25 00:18:27.145883
581,Stephens-Gibbs,SaaS,India,Paid Ads,2025-12-10,16,2026-07-25 00:18:27.146213
582,"Woodard, Herrera and Little",E-Commerce,United Kingdom,Social Media,2024-07-12,16,2026-07-25 00:18:27.146589
583,Mack Ltd,Education,Australia,Organic,2023-05-13,4,2026-07-25 00:18:27.146760
584,Jackson-Salazar,Marketing,USA,Paid Ads,2025-10-29,12,2026-07-25 00:18:27.147021
585,"Byrd, Ross and Goodwin",Marketing,Canada,Organic,2025-05-24,13,2026-07-25 00:18:27.147398
586,Smith LLC,SaaS,Australia,Outbound Sales,2024-10-30,7,2026-07-25 00:18:27.147618
587,"Burgess, Grant and Watts",Manufacturing,Australia,Paid Ads,2023-12-11,3,2026-07-25 00:18:27.148052
588,Brooks-Ford,Marketing,Australia,Partner,2023-12-10,18,2026-07-25 00:18:27.148339
589,"Vaughn, Hernandez and Cuevas",Education,United Kingdom,Outbound Sales,2025-11-21,20,2026-07-25 00:18:27.148715
590,Phillips Inc,Finance,USA,Organic,2025-01-19,13,2026-07-25 00:18:27.148878
591,"Thomas, Collins and Gibson",Manufacturing,United Kingdom,Paid Ads,2023-06-30,18,2026-07-25 00:18:27.149529
592,"Webb, Alvarez and Kim",Manufacturing,United Kingdom,Referral,2023-11-18,7,2026-07-25 00:18:27.150110
593,Flores-Evans,E-Commerce,Australia,Partner,2025-12-18,17,2026-07-25 00:18:27.150431
594,Sweeney Ltd,SaaS,India,Organic,2023-06-28,5,2026-07-25 00:18:27.150604
595,"Marsh, Spears and Yang",Manufacturing,United Kingdom,Partner,2023-06-19,17,2026-07-25 00:18:27.150978
596,Arnold LLC,Logistics,USA,Outbound Sales,2025-03-12,17,2026-07-25 00:18:27.151140
597,Mullen-Hall,Healthcare,Canada,Outbound Sales,2025-05-19,11,2026-07-25 00:18:27.151417
598,"Lopez, Davidson and Reynolds",Healthcare,Germany,Outbound Sales,2024-09-21,10,2026-07-25 00:18:27.151795
599,"Mendez, Gonzalez and Vargas",E-Commerce,Canada,Outbound Sales,2023-02-15,17,2026-07-25 00:18:27.152530
600,Bush and Sons,Consulting,Germany,Social Media,2024-08-27,19,2026-07-25 00:18:27.152992
601,"Stokes, Brown and Garcia",Education,Germany,Organic,2024-03-08,12,2026-07-25 00:18:27.153585
602,Diaz and Sons,Manufacturing,Singapore,Organic,2025-04-14,14,2026-07-25 00:18:27.153854
603,Baker Group,E-Commerce,Canada,Social Media,2024-12-11,1,2026-07-25 00:18:27.154077
604,"Edwards, Price and Long",E-Commerce,Germany,Paid Ads,2025-03-30,19,2026-07-25 00:18:27.154559
605,Bell-Ellis,E-Commerce,USA,Social Media,2023-06-27,2,2026-07-25 00:18:27.154889
606,"Mccarthy, Evans and Mendez",E-Commerce,Germany,Referral,2023-09-26,17,2026-07-25 00:18:27.155368
607,"Anderson, Wilson and Torres",E-Commerce,United Kingdom,Partner,2023-05-12,5,2026-07-25 00:18:27.155895
608,Steele-Dixon,Retail,India,Outbound Sales,2023-10-12,4,2026-07-25 00:18:27.156241
609,"Taylor, Reyes and Lopez",Retail,India,Partner,2024-10-11,11,2026-07-25 00:18:27.156710
610,"Steele, Brewer and Cooke",Marketing,USA,Partner,2025-09-14,7,2026-07-25 00:18:27.157183
611,Burns and Sons,Marketing,Australia,Outbound Sales,2025-05-12,16,2026-07-25 00:18:27.157387
612,Wilkinson-Harvey,SaaS,Singapore,Referral,2023-10-18,17,2026-07-25 00:18:27.157734
613,Washington and Sons,Retail,Australia,Paid Ads,2024-07-11,16,2026-07-25 00:18:27.158040
614,"Wagner, Simpson and Cohen",Consulting,Germany,Paid Ads,2024-08-19,6,2026-07-25 00:18:27.158559
615,"Larsen, Burns and Miller",Logistics,Australia,Paid Ads,2024-10-07,18,2026-07-25 00:18:27.159042
616,Carter LLC,Manufacturing,Singapore,Social Media,2023-02-17,9,2026-07-25 00:18:27.159244
617,"Roberts, Norman and Cunningham",E-Commerce,Germany,Referral,2023-12-16,8,2026-07-25 00:18:27.159714
618,"Dixon, Armstrong and Adams",Education,Australia,Paid Ads,2025-02-08,8,2026-07-25 00:18:27.160235
619,Weaver-Sherman,Education,United Kingdom,Paid Ads,2025-04-23,7,2026-07-25 00:18:27.160578
620,"Robinson, Coleman and Fitzgerald",Logistics,Canada,Partner,2024-11-16,12,2026-07-25 00:18:27.161050
621,Evans Inc,Consulting,United Kingdom,Social Media,2025-10-12,9,2026-07-25 00:18:27.161255
622,Bailey-Montoya,Education,India,Outbound Sales,2024-11-29,18,2026-07-25 00:18:27.161582
623,Rowe and Sons,Marketing,Germany,Paid Ads,2024-11-13,5,2026-07-25 00:18:27.161818
624,"Matthews, Bell and Page",Education,India,Paid Ads,2023-11-23,3,2026-07-25 00:18:27.162309
625,Martin-Taylor,Manufacturing,Germany,Social Media,2025-09-09,9,2026-07-25 00:18:27.162643
626,Trujillo PLC,Logistics,USA,Referral,2023-11-17,18,2026-07-25 00:18:27.162842
627,"Campbell, Ryan and Morris",Education,Australia,Social Media,2024-06-28,9,2026-07-25 00:18:27.163309
628,Roberts-Adams,Healthcare,India,Outbound Sales,2025-12-29,19,2026-07-25 00:18:27.163644
629,"Ochoa, Taylor and Brady",Retail,USA,Organic,2025-03-10,17,2026-07-25 00:18:27.164170
630,Riddle Ltd,Retail,Singapore,Referral,2024-10-01,2,2026-07-25 00:18:27.164387
631,"Cline, Wright and Dawson",Finance,Germany,Paid Ads,2023-07-17,16,2026-07-25 00:18:27.164855
632,"Long, Thomas and Chen",Finance,Singapore,Referral,2024-01-20,1,2026-07-25 00:18:27.165393
633,Brooks-Jones,Consulting,USA,Partner,2025-09-02,16,2026-07-25 00:18:27.165831
634,Robertson-Ramirez,Logistics,Singapore,Referral,2023-05-25,10,2026-07-25 00:18:27.166360
635,Clements-Murphy,Manufacturing,Canada,Social Media,2024-07-27,2,2026-07-25 00:18:27.166703
636,"Davis, Stanton and Reid",Finance,Singapore,Outbound Sales,2023-01-04,8,2026-07-25 00:18:27.167205
637,Horn-Flynn,Consulting,Singapore,Social Media,2025-12-19,2,2026-07-25 00:18:27.167496
638,Donaldson and Sons,Healthcare,Germany,Referral,2024-09-09,2,2026-07-25 00:18:27.167703
639,Morris-Campbell,Marketing,United Kingdom,Partner,2025-02-07,6,2026-07-25 00:18:27.168087
640,"Anderson, Phelps and Kramer",Education,India,Organic,2025-04-30,10,2026-07-25 00:18:27.168830
641,Williams Ltd,E-Commerce,Australia,Organic,2025-11-26,11,2026-07-25 00:18:27.169048
642,Martinez and Sons,Education,Germany,Social Media,2024-12-14,18,2026-07-25 00:18:27.169215
643,Smith-Rubio,Consulting,Germany,Referral,2024-11-16,17,2026-07-25 00:18:27.169479
644,"Blankenship, Khan and Turner",Logistics,Canada,Referral,2023-11-11,4,2026-07-25 00:18:27.169893
645,Pena LLC,Manufacturing,USA,Social Media,2024-03-01,15,2026-07-25 00:18:27.170069
646,Beck-Banks,Education,Singapore,Referral,2023-05-09,1,2026-07-25 00:18:27.170336
647,Garrett-Barber,Manufacturing,United Kingdom,Paid Ads,2023-03-22,19,2026-07-25 00:18:27.170601
648,Rios-Padilla,Retail,USA,Outbound Sales,2023-12-30,13,2026-07-25 00:18:27.170969
649,Woods and Sons,Marketing,Australia,Paid Ads,2023-01-02,3,2026-07-25 00:18:27.171172
650,Stone Group,Marketing,Singapore,Organic,2025-07-11,6,2026-07-25 00:18:27.171344
651,Dominguez Inc,Healthcare,Germany,Paid Ads,2023-01-15,8,2026-07-25 00:18:27.171508
652,"Anderson, Jones and Reyes",SaaS,Canada,Partner,2024-10-18,8,2026-07-25 00:18:27.171942
653,Edwards LLC,Logistics,United Kingdom,Paid Ads,2023-06-09,11,2026-07-25 00:18:27.172120
654,Ayala-Mullins,Education,Australia,Social Media,2023-08-02,19,2026-07-25 00:18:27.172425
655,"Haney, Thomas and Moreno",SaaS,Canada,Social Media,2023-07-26,12,2026-07-25 00:18:27.172905
656,"Santos, Alexander and Bowen",Retail,India,Social Media,2023-01-14,4,2026-07-25 00:18:27.173389
657,"Hernandez, Jenkins and Parks",Logistics,Canada,Referral,2025-09-02,13,2026-07-25 00:18:27.173804
658,Mosley and Sons,Consulting,Singapore,Paid Ads,2023-12-04,4,2026-07-25 00:18:27.174004
659,"Blair, Bell and Jordan",Education,Canada,Outbound Sales,2023-07-11,8,2026-07-25 00:18:27.174382
660,Hill Inc,Retail,USA,Partner,2023-08-06,5,2026-07-25 00:18:27.174579
661,"Burke, Griffith and Mitchell",Logistics,Singapore,Outbound Sales,2024-01-21,12,2026-07-25 00:18:27.174949
662,Abbott Ltd,Marketing,Singapore,Outbound Sales,2025-12-08,16,2026-07-25 00:18:27.175112
663,Holmes PLC,Consulting,United Kingdom,Social Media,2024-04-13,7,2026-07-25 00:18:27.175309
664,"Myers, Lucas and Bowers",Retail,Singapore,Outbound Sales,2023-10-21,3,2026-07-25 00:18:27.175715
665,Cruz-Allen,Consulting,Germany,Outbound Sales,2024-01-07,12,2026-07-25 00:18:27.176097
666,"Jones, Oneal and Smith",Finance,Australia,Organic,2025-09-18,2,2026-07-25 00:18:27.176496
667,Anderson-Valencia,Consulting,Australia,Referral,2024-07-14,19,2026-07-25 00:18:27.176768
668,Diaz-Vega,Consulting,USA,Referral,2025-06-01,11,2026-07-25 00:18:27.177041
669,Smith Inc,Consulting,Germany,Organic,2025-01-01,7,2026-07-25 00:18:27.177206
670,Lewis-Livingston,E-Commerce,Germany,Organic,2023-01-22,17,2026-07-25 00:18:27.177566
671,"Mitchell, Marquez and Wang",Logistics,United Kingdom,Organic,2024-09-10,15,2026-07-25 00:18:27.178009
672,"Morales, Davidson and Medina",Healthcare,Australia,Partner,2024-10-20,15,2026-07-25 00:18:27.178510
673,Miller-Miller,E-Commerce,India,Outbound Sales,2023-08-26,15,2026-07-25 00:18:27.178818
674,Herrera Group,Education,Singapore,Organic,2023-11-12,13,2026-07-25 00:18:27.178998
675,"Hines, Santos and Day",Education,United Kingdom,Organic,2025-06-29,7,2026-07-25 00:18:27.179561
676,"Kim, Ashley and Allen",E-Commerce,India,Organic,2024-04-26,14,2026-07-25 00:18:27.180395
677,Middleton Inc,Manufacturing,Singapore,Organic,2024-01-15,18,2026-07-25 00:18:27.180816
678,"Lynch, Parker and Harmon",SaaS,India,Partner,2024-12-05,2,2026-07-25 00:18:27.181404
679,Smith and Sons,Education,Germany,Referral,2023-09-30,5,2026-07-25 00:18:27.181801
680,Martin LLC,Marketing,Canada,Partner,2025-12-25,15,2026-07-25 00:18:27.182448
681,"Logan, Le and Jackson",Marketing,Germany,Organic,2025-03-23,18,2026-07-25 00:18:27.183614
682,"Norman, Adams and Tanner",Healthcare,Singapore,Paid Ads,2023-07-17,4,2026-07-25 00:18:27.184426
683,Roman-Nelson,Healthcare,Australia,Partner,2023-02-15,17,2026-07-25 00:18:27.184846
684,Joseph-Ray,Healthcare,Singapore,Referral,2023-04-10,1,2026-07-25 00:18:27.185231
685,Gibson-Ward,SaaS,Canada,Partner,2023-04-30,18,2026-07-25 00:18:27.185613
686,"Jackson, Moore and Ayala",Marketing,Australia,Partner,2025-02-15,8,2026-07-25 00:18:27.186294
687,"Sharp, Perez and Hicks",Retail,Germany,Paid Ads,2025-06-10,5,2026-07-25 00:18:27.187036
688,Sanchez Group,Education,USA,Social Media,2023-03-10,4,2026-07-25 00:18:27.187309
689,Mora-White,SaaS,United Kingdom,Social Media,2024-07-19,14,2026-07-25 00:18:27.187736
690,"Pratt, Klein and Rios",E-Commerce,United Kingdom,Organic,2023-02-24,8,2026-07-25 00:18:27.188442
691,Wright-Moon,Retail,India,Organic,2023-12-15,20,2026-07-25 00:18:27.188922
692,Mckenzie-Duncan,SaaS,Germany,Outbound Sales,2024-05-12,2,2026-07-25 00:18:27.189422
693,"Nunez, Williams and Walker",Retail,Singapore,Organic,2023-07-05,13,2026-07-25 00:18:27.190058
694,Finley Inc,Logistics,USA,Outbound Sales,2025-03-12,7,2026-07-25 00:18:27.190347
695,Ayala-Collins,SaaS,USA,Outbound Sales,2024-12-23,10,2026-07-25 00:18:27.190801
696,"Bryant, Wood and Carter",Retail,United Kingdom,Social Media,2023-05-15,19,2026-07-25 00:18:27.191566
697,"Dean, Marshall and Vargas",Manufacturing,Australia,Outbound Sales,2024-04-17,11,2026-07-25 00:18:27.192207
698,Oconnor PLC,Retail,Canada,Referral,2025-02-05,17,2026-07-25 00:18:27.192480
699,Smith Group,Retail,Germany,Paid Ads,2024-01-16,9,2026-07-25 00:18:27.192878
700,Weaver Ltd,SaaS,Australia,Outbound Sales,2023-02-07,6,2026-07-25 00:18:27.193580
701,Tapia Inc,Marketing,Australia,Partner,2025-12-13,2,2026-07-25 00:18:27.193969
702,Sweeney-Acosta,Manufacturing,Singapore,Social Media,2025-10-18,13,2026-07-25 00:18:27.194447
703,Moreno and Sons,Consulting,Canada,Social Media,2023-06-11,14,2026-07-25 00:18:27.194726
704,Woodward-Kaufman,Marketing,USA,Paid Ads,2024-10-14,13,2026-07-25 00:18:27.195175
705,"Ramirez, Williams and Hall",Healthcare,United Kingdom,Outbound Sales,2023-08-10,16,2026-07-25 00:18:27.195872
706,Haynes-Watson,Retail,United Kingdom,Referral,2025-03-18,10,2026-07-25 00:18:27.196344
707,"Davis, Anderson and Wilkins",Healthcare,United Kingdom,Partner,2023-05-12,2,2026-07-25 00:18:27.197025
708,"Bradley, Graham and Brandt",Consulting,Germany,Partner,2023-04-27,18,2026-07-25 00:18:27.197744
709,Green-Edwards,Consulting,USA,Partner,2024-01-03,8,2026-07-25 00:18:27.198252
710,"Decker, Nguyen and Chavez",Education,USA,Paid Ads,2024-09-02,3,2026-07-25 00:18:27.198898
711,Harding and Sons,Logistics,United Kingdom,Paid Ads,2023-12-29,3,2026-07-25 00:18:27.199168
712,Moore and Sons,Consulting,Singapore,Referral,2025-06-27,2,2026-07-25 00:18:27.200061
713,Edwards-Martinez,Education,Germany,Social Media,2024-11-29,20,2026-07-25 00:18:27.200714
714,Hayes Group,E-Commerce,India,Organic,2024-07-10,7,2026-07-25 00:18:27.200996
715,Davis Ltd,E-Commerce,Singapore,Social Media,2024-02-16,18,2026-07-25 00:18:27.201266
716,"Terry, Williams and Huff",Retail,Germany,Referral,2024-04-17,11,2026-07-25 00:18:27.201919
717,Davis and Sons,Education,India,Referral,2024-05-24,7,2026-07-25 00:18:27.202199
718,Palmer-Byrd,Finance,Singapore,Partner,2024-07-06,8,2026-07-25 00:18:27.203216
719,Johnson Group,E-Commerce,Singapore,Referral,2024-02-09,13,2026-07-25 00:18:27.203522
720,"Adkins, Wright and Murray",Retail,Australia,Paid Ads,2024-12-03,10,2026-07-25 00:18:27.204098
721,Smith and Sons,Marketing,Germany,Outbound Sales,2023-08-06,12,2026-07-25 00:18:27.204393
722,Colon LLC,Education,Canada,Paid Ads,2023-07-23,17,2026-07-25 00:18:27.204652
723,"Pace, Miller and Willis",Logistics,Germany,Organic,2025-12-02,16,2026-07-25 00:18:27.205233
724,Osborn and Sons,Manufacturing,USA,Paid Ads,2023-04-27,11,2026-07-25 00:18:27.205480
725,Lamb-Davis,Marketing,India,Outbound Sales,2025-09-30,8,2026-07-25 00:18:27.205855
726,Williams Group,Healthcare,India,Paid Ads,2024-05-30,18,2026-07-25 00:18:27.206197
727,Glass Group,E-Commerce,Australia,Social Media,2023-03-20,14,2026-07-25 00:18:27.206571
728,Johnson-Vega,Education,USA,Referral,2024-09-05,11,2026-07-25 00:18:27.207070
729,Lewis-Lopez,Retail,Germany,Outbound Sales,2023-09-26,8,2026-07-25 00:18:27.207524
730,Stephenson-Johnson,Logistics,Australia,Social Media,2024-03-10,11,2026-07-25 00:18:27.208044
731,"Sanchez, Phillips and Jenkins",Education,United Kingdom,Partner,2025-08-19,16,2026-07-25 00:18:27.208683
732,Brown-Ramirez,Logistics,USA,Social Media,2025-05-05,12,2026-07-25 00:18:27.209493
733,Gonzalez-Wilkerson,Healthcare,USA,Social Media,2023-08-02,18,2026-07-25 00:18:27.209885
734,Mccoy PLC,Logistics,USA,Outbound Sales,2025-03-27,2,2026-07-25 00:18:27.210089
735,Casey-Howard,Consulting,India,Organic,2023-01-31,2,2026-07-25 00:18:27.210502
736,Cooper-Cunningham,SaaS,Germany,Referral,2025-04-25,8,2026-07-25 00:18:27.210991
737,Nelson-Johnson,Finance,Singapore,Referral,2024-05-14,1,2026-07-25 00:18:27.211452
738,Johnson LLC,Retail,Australia,Partner,2025-07-16,12,2026-07-25 00:18:27.211734
739,Moreno-Wang,SaaS,Australia,Social Media,2023-04-02,20,2026-07-25 00:18:27.212176
740,Garcia Ltd,Logistics,Singapore,Partner,2023-12-28,1,2026-07-25 00:18:27.212425
741,Ferguson-Moody,SaaS,Australia,Outbound Sales,2024-01-10,14,2026-07-25 00:18:27.212798
742,Johnston Group,SaaS,India,Outbound Sales,2023-03-28,9,2026-07-25 00:18:27.213001
743,Thompson PLC,Consulting,Canada,Organic,2024-07-05,17,2026-07-25 00:18:27.213199
744,"Wolfe, Sloan and Johnson",Marketing,United Kingdom,Referral,2024-05-09,4,2026-07-25 00:18:27.213677
745,Meza-Elliott,Finance,Australia,Referral,2025-12-24,8,2026-07-25 00:18:27.214137
746,Copeland Group,Retail,Australia,Outbound Sales,2025-05-24,9,2026-07-25 00:18:27.214535
747,Thompson-Johnson,Manufacturing,Canada,Partner,2025-04-22,3,2026-07-25 00:18:27.215033
748,Guzman Inc,Manufacturing,Germany,Partner,2023-03-29,19,2026-07-25 00:18:27.215326
749,Smith-Hardin,Retail,Singapore,Referral,2025-03-28,10,2026-07-25 00:18:27.215794
750,Peterson and Sons,Finance,Singapore,Social Media,2023-11-09,2,2026-07-25 00:18:27.216636
751,Johnson PLC,Finance,Germany,Partner,2024-05-17,13,2026-07-25 00:18:27.216958
752,Schroeder PLC,Consulting,Germany,Organic,2025-12-30,1,2026-07-25 00:18:27.217226
753,Brooks Ltd,Healthcare,India,Partner,2024-07-20,14,2026-07-25 00:18:27.217493
754,"Garcia, Turner and Taylor",Manufacturing,Australia,Organic,2024-09-06,17,2026-07-25 00:18:27.218265
755,"Fry, Conner and Yu",SaaS,USA,Referral,2023-09-02,19,2026-07-25 00:18:27.219254
756,Thompson-Novak,Logistics,Canada,Organic,2025-10-05,3,2026-07-25 00:18:27.220074
757,"Buchanan, Walker and Chapman",Education,Australia,Outbound Sales,2025-12-13,2,2026-07-25 00:18:27.220896
758,Parker-Barker,Healthcare,United Kingdom,Paid Ads,2023-09-30,1,2026-07-25 00:18:27.224436
759,Daniel Ltd,Retail,Australia,Referral,2023-07-17,13,2026-07-25 00:18:27.224961
760,Rosales-Townsend,Finance,Canada,Referral,2025-06-08,19,2026-07-25 00:18:27.225658
761,White LLC,Retail,Australia,Partner,2025-05-31,18,2026-07-25 00:18:27.226013
762,Bowman Inc,Manufacturing,Germany,Social Media,2025-08-07,5,2026-07-25 00:18:27.226432
763,Rivera Inc,Finance,Australia,Social Media,2025-02-09,12,2026-07-25 00:18:27.226780
764,Haas-Jackson,SaaS,India,Partner,2024-01-05,8,2026-07-25 00:18:27.227252
765,"Santiago, Daniel and Rogers",Finance,Canada,Outbound Sales,2023-05-18,20,2026-07-25 00:18:27.227909
766,Clark-Steele,E-Commerce,Germany,Paid Ads,2023-01-18,1,2026-07-25 00:18:27.228375
767,Buchanan-Le,Education,United Kingdom,Partner,2024-06-28,16,2026-07-25 00:18:27.228878
768,Kim-Barnes,Retail,Canada,Outbound Sales,2023-03-16,13,2026-07-25 00:18:27.229336
769,Snyder-Gray,Marketing,USA,Social Media,2023-09-16,19,2026-07-25 00:18:27.229789
770,Garcia-Mendoza,Marketing,India,Outbound Sales,2025-04-28,10,2026-07-25 00:18:27.230275
771,"Chang, Perez and Hayes",Retail,Singapore,Organic,2025-06-16,3,2026-07-25 00:18:27.231645
772,Smith-Green,Education,USA,Partner,2023-02-21,5,2026-07-25 00:18:27.232313
773,Peterson Group,Marketing,Canada,Paid Ads,2023-06-12,4,2026-07-25 00:18:27.233167
774,"Jones, Mcmahon and Spence",Finance,India,Paid Ads,2023-09-07,15,2026-07-25 00:18:27.233930
775,"Galloway, Barry and Bush",Manufacturing,United Kingdom,Paid Ads,2024-06-08,4,2026-07-25 00:18:27.234641
776,"Martin, Preston and Moore",Healthcare,India,Referral,2024-11-01,14,2026-07-25 00:18:27.235263
777,Harris-Lee,Logistics,Australia,Outbound Sales,2023-06-07,17,2026-07-25 00:18:27.235657
778,"Bowen, Blair and Baker",Marketing,India,Organic,2025-12-19,3,2026-07-25 00:18:27.236210
779,Young-Williams,Manufacturing,Australia,Organic,2024-03-13,20,2026-07-25 00:18:27.236537
780,"Larsen, Hernandez and Ward",E-Commerce,United Kingdom,Paid Ads,2025-06-07,13,2026-07-25 00:18:27.237261
781,Phillips Ltd,SaaS,Canada,Partner,2024-10-26,13,2026-07-25 00:18:27.237623
782,"Castillo, Davis and Clark",Finance,Singapore,Outbound Sales,2025-08-29,8,2026-07-25 00:18:27.238254
783,Rowland-Wells,E-Commerce,Australia,Referral,2025-09-18,13,2026-07-25 00:18:27.238627
784,Glover-Ruiz,Healthcare,USA,Paid Ads,2023-06-29,10,2026-07-25 00:18:27.238998
785,Davis-Stephens,Education,Germany,Referral,2025-10-23,3,2026-07-25 00:18:27.240226
786,Mcclure-Wood,Healthcare,Germany,Paid Ads,2023-10-15,14,2026-07-25 00:18:27.240694
787,Baker Group,Education,Germany,Organic,2024-11-23,12,2026-07-25 00:18:27.240934
788,Hood PLC,Education,USA,Social Media,2024-02-14,16,2026-07-25 00:18:27.241200
789,Goodwin Ltd,E-Commerce,Australia,Referral,2023-04-06,15,2026-07-25 00:18:27.241432
790,Barnett PLC,Finance,USA,Paid Ads,2023-05-31,1,2026-07-25 00:18:27.241685
791,"Perez, Brown and Hughes",Marketing,Canada,Outbound Sales,2024-10-05,13,2026-07-25 00:18:27.242224
792,Sheppard-Mcdaniel,Manufacturing,Germany,Paid Ads,2025-03-22,14,2026-07-25 00:18:27.242576
793,"Keith, Alvarez and Miller",E-Commerce,USA,Paid Ads,2025-01-07,11,2026-07-25 00:18:27.243048
794,"Duncan, Black and Duncan",E-Commerce,Singapore,Referral,2023-02-23,16,2026-07-25 00:18:27.243553
795,Martinez Group,Manufacturing,USA,Partner,2025-08-21,11,2026-07-25 00:18:27.243769
796,Stanton and Sons,Education,Singapore,Social Media,2023-09-26,16,2026-07-25 00:18:27.244025
797,Henderson Ltd,E-Commerce,United Kingdom,Referral,2023-07-16,11,2026-07-25 00:18:27.244276
798,Osborn Ltd,Marketing,Canada,Partner,2024-11-07,12,2026-07-25 00:18:27.244511
799,"Scott, Bartlett and Sloan",Finance,Australia,Referral,2023-08-18,19,2026-07-25 00:18:27.245088
800,Hughes Group,Consulting,USA,Social Media,2023-04-15,18,2026-07-25 00:18:27.245331
801,Gates-Stone,SaaS,Singapore,Partner,2025-05-07,7,2026-07-25 00:18:27.245693
802,"Dean, Mills and Barnes",Logistics,United Kingdom,Paid Ads,2023-01-20,3,2026-07-25 00:18:27.246293
803,Hernandez PLC,Marketing,Singapore,Partner,2024-10-05,5,2026-07-25 00:18:27.246577
804,Buckley PLC,Education,USA,Paid Ads,2025-06-24,5,2026-07-25 00:18:27.246802
805,Dillon-Beard,Marketing,United Kingdom,Partner,2023-06-06,3,2026-07-25 00:18:27.247218
806,Reyes-Washington,Logistics,Australia,Partner,2024-09-30,19,2026-07-25 00:18:27.247600
807,Johnson-Hill,Marketing,Australia,Outbound Sales,2025-08-03,14,2026-07-25 00:18:27.248285
808,"Franklin, Steele and Williams",Consulting,India,Paid Ads,2023-08-12,18,2026-07-25 00:18:27.249689
809,"Young, Reese and Mccall",E-Commerce,Singapore,Organic,2024-05-29,4,2026-07-25 00:18:27.251199
810,Morgan LLC,Retail,Singapore,Social Media,2024-08-01,12,2026-07-25 00:18:27.251469
811,Cameron-Garrison,Healthcare,Singapore,Outbound Sales,2024-04-28,2,2026-07-25 00:18:27.251801
812,Compton and Sons,E-Commerce,Singapore,Social Media,2025-11-29,13,2026-07-25 00:18:27.252033
813,Mccann-Ramos,Manufacturing,United Kingdom,Partner,2023-07-28,4,2026-07-25 00:18:27.252408
814,Daniel-Jacobs,SaaS,India,Paid Ads,2024-05-13,8,2026-07-25 00:18:27.252798
815,Alexander Group,Consulting,Singapore,Outbound Sales,2023-05-19,18,2026-07-25 00:18:27.253071
816,"Camacho, Nicholson and Robertson",E-Commerce,Singapore,Outbound Sales,2025-01-22,8,2026-07-25 00:18:27.253605
817,Collins PLC,Logistics,Canada,Partner,2023-09-04,15,2026-07-25 00:18:27.253843
818,Deleon PLC,E-Commerce,Singapore,Outbound Sales,2024-09-18,5,2026-07-25 00:18:27.254104
819,Thompson and Sons,Manufacturing,India,Partner,2025-06-02,4,2026-07-25 00:18:27.254350
820,Johnson Inc,Education,Germany,Organic,2023-03-31,4,2026-07-25 00:18:27.254816
821,"Gonzalez, Richardson and Marshall",Healthcare,Canada,Paid Ads,2024-07-13,11,2026-07-25 00:18:27.257343
822,"Leblanc, Maldonado and Allen",Logistics,United Kingdom,Referral,2024-09-08,17,2026-07-25 00:18:27.257936
823,"Griffin, Horne and Wells",Logistics,Canada,Partner,2025-01-29,4,2026-07-25 00:18:27.258480
824,Cooper-Monroe,Logistics,Singapore,Social Media,2025-05-06,15,2026-07-25 00:18:27.258838
825,"Rivas, Davis and Johnson",Manufacturing,India,Paid Ads,2024-02-06,2,2026-07-25 00:18:27.259307
826,Nash and Sons,Finance,India,Paid Ads,2023-03-19,4,2026-07-25 00:18:27.259716
827,"Perez, Clark and Pearson",Healthcare,Singapore,Referral,2023-12-10,17,2026-07-25 00:18:27.260403
828,Hancock Ltd,Healthcare,Australia,Referral,2025-03-08,11,2026-07-25 00:18:27.260642
829,Buck-Holland,Consulting,Germany,Partner,2023-01-14,8,2026-07-25 00:18:27.260977
830,Walker PLC,Marketing,Singapore,Referral,2025-07-22,6,2026-07-25 00:18:27.261211
831,"Rasmussen, Day and Coleman",Marketing,Germany,Organic,2024-04-19,20,2026-07-25 00:18:27.261739
832,Stevens-Robinson,Retail,Germany,Outbound Sales,2024-08-07,14,2026-07-25 00:18:27.262149
833,"Meyer, Hanson and Silva",Marketing,India,Social Media,2024-04-14,7,2026-07-25 00:18:27.262699
834,"Key, Levy and Franco",Retail,Canada,Social Media,2023-01-12,3,2026-07-25 00:18:27.263327
835,"Wheeler, Campbell and Cohen",E-Commerce,India,Outbound Sales,2025-05-22,6,2026-07-25 00:18:27.263874
836,Rogers LLC,Manufacturing,Canada,Referral,2025-01-18,15,2026-07-25 00:18:27.264374
837,Hensley-Green,Finance,Canada,Social Media,2025-09-22,16,2026-07-25 00:18:27.264920
838,Lopez-Holmes,Consulting,Singapore,Paid Ads,2025-10-09,20,2026-07-25 00:18:27.265411
839,Trujillo PLC,Marketing,Australia,Partner,2024-01-09,19,2026-07-25 00:18:27.265763
840,"Flores, Taylor and Johnson",Finance,Canada,Paid Ads,2024-09-19,15,2026-07-25 00:18:27.267002
841,Green-Barnes,E-Commerce,USA,Social Media,2025-02-11,10,2026-07-25 00:18:27.267510
842,"Johnson, Erickson and Armstrong",E-Commerce,Australia,Organic,2024-08-26,5,2026-07-25 00:18:27.268515
843,Barber-Walker,Manufacturing,India,Referral,2023-10-23,10,2026-07-25 00:18:27.268979
844,"Glover, Knox and Powers",Finance,USA,Paid Ads,2025-04-10,5,2026-07-25 00:18:27.269512
845,Bruce-Pittman,Consulting,Germany,Partner,2025-02-27,20,2026-07-25 00:18:27.269884
846,Carter Group,Healthcare,Australia,Partner,2025-05-17,14,2026-07-25 00:18:27.270093
847,"Green, Stokes and Hines",Healthcare,Germany,Social Media,2023-07-18,18,2026-07-25 00:18:27.270556
848,"Lam, Pena and Walker",Healthcare,Australia,Referral,2023-10-12,16,2026-07-25 00:18:27.271071
849,"Savage, Fisher and Eaton",Education,USA,Referral,2023-12-13,11,2026-07-25 00:18:27.271595
850,Richards-Ford,Logistics,Australia,Organic,2024-07-31,12,2026-07-25 00:18:27.271928
851,Brown-Walters,SaaS,Germany,Referral,2023-07-02,7,2026-07-25 00:18:27.272253
852,"Jones, Preston and Mason",Marketing,Australia,Outbound Sales,2025-06-20,16,2026-07-25 00:18:27.272739
853,Moreno-Gutierrez,Marketing,Singapore,Partner,2025-11-23,14,2026-07-25 00:18:27.273077
854,Gay LLC,Logistics,Germany,Referral,2023-08-23,3,2026-07-25 00:18:27.273273
855,"Orozco, Hatfield and Thomas",E-Commerce,India,Referral,2024-09-27,10,2026-07-25 00:18:27.273735
856,Freeman Ltd,SaaS,Canada,Referral,2023-10-08,18,2026-07-25 00:18:27.273934
857,Walters-Smith,Education,USA,Partner,2023-10-02,19,2026-07-25 00:18:27.274261
858,Juarez and Sons,Logistics,Australia,Outbound Sales,2024-02-29,4,2026-07-25 00:18:27.274459
859,Burns Inc,E-Commerce,India,Paid Ads,2025-06-14,18,2026-07-25 00:18:27.274654
860,"Hamilton, Jordan and Patterson",Manufacturing,Australia,Organic,2023-07-21,15,2026-07-25 00:18:27.275152
861,Smith-Ferguson,Consulting,USA,Partner,2025-01-11,4,2026-07-25 00:18:27.275487
862,Mcclain PLC,Retail,Canada,Organic,2024-08-02,15,2026-07-25 00:18:27.275683
863,Rhodes Ltd,Education,Canada,Organic,2023-10-24,15,2026-07-25 00:18:27.275879
864,Steele LLC,Finance,United Kingdom,Referral,2024-01-22,7,2026-07-25 00:18:27.276073
865,Garcia PLC,E-Commerce,Singapore,Paid Ads,2024-04-29,20,2026-07-25 00:18:27.276267
866,Jackson-Colon,Marketing,USA,Outbound Sales,2025-07-03,5,2026-07-25 00:18:27.276591
867,Bryant-Meyer,Retail,United Kingdom,Referral,2024-04-08,2,2026-07-25 00:18:27.276948
868,Hamilton-Mcdaniel,E-Commerce,Canada,Outbound Sales,2025-03-25,9,2026-07-25 00:18:27.277281
869,Ferrell-Henry,E-Commerce,Australia,Referral,2023-07-27,11,2026-07-25 00:18:27.277607
870,Vaughan Group,Education,Canada,Outbound Sales,2023-10-20,9,2026-07-25 00:18:27.277801
871,Walker and Sons,Consulting,Singapore,Organic,2023-01-30,5,2026-07-25 00:18:27.278360
872,"Johnson, Wagner and Martinez",Marketing,India,Paid Ads,2023-11-25,5,2026-07-25 00:18:27.279002
873,Brooks Ltd,Healthcare,USA,Referral,2025-10-07,11,2026-07-25 00:18:27.279222
874,"Dean, Wheeler and Williams",Retail,United Kingdom,Social Media,2024-02-02,13,2026-07-25 00:18:27.279686
875,"Huff, Williams and Wilson",Logistics,USA,Outbound Sales,2023-06-17,9,2026-07-25 00:18:27.280437
876,Martinez-King,Marketing,Germany,Partner,2024-11-21,3,2026-07-25 00:18:27.281037
877,Harris Ltd,Finance,Germany,Outbound Sales,2025-12-26,9,2026-07-25 00:18:27.281407
878,Turner Ltd,Manufacturing,Germany,Partner,2025-09-06,11,2026-07-25 00:18:27.281654
879,"Meyer, Dean and Haynes",E-Commerce,India,Social Media,2023-06-06,3,2026-07-25 00:18:27.282129
880,Hunt PLC,Logistics,Singapore,Social Media,2024-10-12,12,2026-07-25 00:18:27.282329
881,Wilson-Rodriguez,Finance,United Kingdom,Outbound Sales,2023-07-02,13,2026-07-25 00:18:27.282747
882,"Gonzalez, Baker and Mills",Retail,Germany,Referral,2023-11-05,16,2026-07-25 00:18:27.283327
883,Warner-Phillips,Education,Canada,Paid Ads,2023-11-10,11,2026-07-25 00:18:27.283682
884,"Crawford, Clark and Fitzpatrick",Consulting,Australia,Referral,2023-03-03,19,2026-07-25 00:18:27.284459
885,Smith Ltd,Logistics,United Kingdom,Paid Ads,2024-05-28,2,2026-07-25 00:18:27.284719
886,Conley Ltd,SaaS,India,Social Media,2023-05-19,15,2026-07-25 00:18:27.284968
887,Herring PLC,SaaS,India,Referral,2025-02-06,15,2026-07-25 00:18:27.285192
888,"Cummings, Conway and Newman",Logistics,India,Partner,2023-04-27,7,2026-07-25 00:18:27.285696
889,Baker-Williams,Healthcare,Singapore,Paid Ads,2024-12-10,6,2026-07-25 00:18:27.286097
890,Phelps LLC,Education,India,Social Media,2023-09-29,12,2026-07-25 00:18:27.286314
891,Simmons-Wilson,Education,India,Paid Ads,2025-11-17,6,2026-07-25 00:18:27.286638
892,Christian Ltd,SaaS,Germany,Social Media,2023-03-13,10,2026-07-25 00:18:27.286833
893,Murphy Group,Retail,Germany,Social Media,2025-10-02,3,2026-07-25 00:18:27.287026
894,Johns-Davis,Finance,India,Referral,2025-08-23,16,2026-07-25 00:18:27.287347
895,Wilson Group,Finance,USA,Outbound Sales,2024-06-16,8,2026-07-25 00:18:27.287542
896,Houston-Vaughn,Consulting,Singapore,Partner,2024-12-10,1,2026-07-25 00:18:27.287899
897,Banks-Robles,SaaS,Singapore,Paid Ads,2025-01-12,4,2026-07-25 00:18:27.288235
898,Horton Inc,Marketing,Singapore,Referral,2023-06-25,16,2026-07-25 00:18:27.288494
899,Perry PLC,Finance,USA,Partner,2023-09-05,3,2026-07-25 00:18:27.288700
900,"Gregory, White and James",Finance,India,Paid Ads,2025-01-19,12,2026-07-25 00:18:27.289161
901,"Johnson, Cohen and Roberson",Education,USA,Partner,2024-07-11,5,2026-07-25 00:18:27.289625
902,Knapp-Rodriguez,Healthcare,India,Outbound Sales,2023-07-22,19,2026-07-25 00:18:27.289982
903,Williams-Green,SaaS,Australia,Social Media,2024-09-30,6,2026-07-25 00:18:27.290313
904,Bush Ltd,Logistics,Canada,Social Media,2024-05-03,7,2026-07-25 00:18:27.290509
905,"Ray, Cunningham and Levine",Healthcare,Germany,Outbound Sales,2025-03-26,15,2026-07-25 00:18:27.290964
906,Stone-Watts,Retail,India,Organic,2025-11-06,5,2026-07-25 00:18:27.291284
907,Reynolds Ltd,Finance,Australia,Social Media,2025-08-18,13,2026-07-25 00:18:27.291475
908,Reed-Rhodes,Manufacturing,Germany,Paid Ads,2024-01-22,5,2026-07-25 00:18:27.291819
909,Combs PLC,Retail,Canada,Social Media,2024-08-20,3,2026-07-25 00:18:27.292019
910,Smith and Sons,Retail,Australia,Outbound Sales,2025-08-10,20,2026-07-25 00:18:27.292211
911,Christian-Booth,E-Commerce,Canada,Social Media,2025-02-24,1,2026-07-25 00:18:27.292532
912,Flores-Rivera,Education,USA,Outbound Sales,2023-04-27,20,2026-07-25 00:18:27.292853
913,Hunter PLC,Consulting,USA,Social Media,2024-03-08,13,2026-07-25 00:18:27.293100
914,Powell-Young,Education,Singapore,Organic,2025-09-26,8,2026-07-25 00:18:27.293433
915,Solis-West,Logistics,Germany,Organic,2024-12-14,8,2026-07-25 00:18:27.293779
916,Stewart-Hooper,Logistics,Singapore,Outbound Sales,2025-02-13,3,2026-07-25 00:18:27.294111
917,Garcia Group,Consulting,India,Paid Ads,2025-10-11,11,2026-07-25 00:18:27.294305
918,"Dunn, Petersen and Conner",Healthcare,Germany,Outbound Sales,2023-02-25,14,2026-07-25 00:18:27.294758
919,"Torres, Romero and Clark",Manufacturing,Australia,Social Media,2025-08-19,6,2026-07-25 00:18:27.295215
920,Clements-Cox,Logistics,United Kingdom,Organic,2025-11-09,1,2026-07-25 00:18:27.295534
921,Richard LLC,E-Commerce,India,Organic,2023-03-26,9,2026-07-25 00:18:27.295742
922,"Greene, Moran and Cox",Retail,India,Organic,2025-05-20,13,2026-07-25 00:18:27.296505
923,Davis Ltd,Consulting,Canada,Social Media,2024-12-03,17,2026-07-25 00:18:27.296837
924,Peterson Ltd,Marketing,Germany,Social Media,2023-12-11,13,2026-07-25 00:18:27.297061
925,"Boyd, Park and Williams",Finance,Singapore,Outbound Sales,2024-03-29,18,2026-07-25 00:18:27.297530
926,Taylor-Love,E-Commerce,USA,Paid Ads,2023-09-13,3,2026-07-25 00:18:27.297927
927,King and Sons,Education,India,Outbound Sales,2024-09-27,7,2026-07-25 00:18:27.298119
928,Conrad Group,Healthcare,Australia,Paid Ads,2023-10-19,13,2026-07-25 00:18:27.298283
929,Summers-Lee,E-Commerce,Singapore,Social Media,2023-12-01,3,2026-07-25 00:18:27.298550
930,Sherman Inc,Education,Singapore,Partner,2024-06-08,8,2026-07-25 00:18:27.298711
931,"Chapman, Barton and Hayes",SaaS,USA,Organic,2025-09-10,14,2026-07-25 00:18:27.299092
932,"Blanchard, Taylor and Porter",Finance,Germany,Outbound Sales,2025-10-19,20,2026-07-25 00:18:27.299475
933,"Williams, Mcconnell and Roberson",SaaS,Canada,Social Media,2025-04-03,6,2026-07-25 00:18:27.299979
934,"Norman, Kent and Holt",Finance,India,Social Media,2025-01-20,5,2026-07-25 00:18:27.300663
935,"Ochoa, Garcia and Sandoval",SaaS,USA,Partner,2023-09-27,12,2026-07-25 00:18:27.301332
936,Gordon-Cruz,Consulting,Australia,Social Media,2025-07-30,9,2026-07-25 00:18:27.301858
937,"Farmer, Hill and Stuart",Healthcare,Canada,Referral,2025-08-04,9,2026-07-25 00:18:27.302517
938,Ballard-Taylor,Finance,United Kingdom,Organic,2024-04-01,11,2026-07-25 00:18:27.303000
939,"Tanner, Hunt and Cameron",Marketing,Canada,Outbound Sales,2025-07-24,3,2026-07-25 00:18:27.303708
940,Joseph-Walls,Education,Singapore,Outbound Sales,2025-04-30,3,2026-07-25 00:18:27.304191
941,Harris PLC,Logistics,Germany,Outbound Sales,2025-09-09,12,2026-07-25 00:18:27.304477
942,"Reed, Chambers and Zavala",SaaS,Germany,Outbound Sales,2024-03-27,6,2026-07-25 00:18:27.305143
943,Gordon Ltd,Manufacturing,USA,Paid Ads,2025-10-06,4,2026-07-25 00:18:27.305383
944,Page-Hodges,E-Commerce,Singapore,Social Media,2025-09-16,4,2026-07-25 00:18:27.305756
945,Aguilar-Bender,Retail,Singapore,Outbound Sales,2025-05-23,1,2026-07-25 00:18:27.306106
946,"Adkins, Skinner and Mitchell",SaaS,United Kingdom,Organic,2024-10-10,8,2026-07-25 00:18:27.306589
947,Mills Inc,SaaS,Germany,Paid Ads,2024-10-18,13,2026-07-25 00:18:27.306802
948,Brown Inc,Healthcare,USA,Organic,2024-08-14,18,2026-07-25 00:18:27.307040
949,Christensen-Martin,Marketing,USA,Paid Ads,2023-11-07,8,2026-07-25 00:18:27.307405
950,"King, Franco and Vaughn",Marketing,Singapore,Paid Ads,2024-03-21,9,2026-07-25 00:18:27.307935
951,Molina Inc,Finance,Australia,Paid Ads,2024-04-03,4,2026-07-25 00:18:27.308217
952,Garcia-Parrish,Consulting,Singapore,Organic,2024-07-11,6,2026-07-25 00:18:27.308577
953,Newton PLC,Retail,United Kingdom,Outbound Sales,2025-05-22,2,2026-07-25 00:18:27.308804
954,Dixon Ltd,Marketing,India,Partner,2024-08-27,10,2026-07-25 00:18:27.309033
955,"Beck, House and Hughes",Education,Canada,Organic,2024-03-22,18,2026-07-25 00:18:27.309560
956,Church-Brown,Logistics,India,Paid Ads,2025-11-30,7,2026-07-25 00:18:27.309965
957,Oliver Group,Education,Australia,Paid Ads,2024-01-26,20,2026-07-25 00:18:27.310195
958,"Bush, Holland and Fischer",Retail,Germany,Paid Ads,2023-12-17,19,2026-07-25 00:18:27.310711
959,"Morrison, Parsons and Brandt",Logistics,United Kingdom,Referral,2025-04-29,18,2026-07-25 00:18:27.311239
960,Thompson-Fleming,Retail,USA,Organic,2024-04-01,14,2026-07-25 00:18:27.311612
961,Moss Inc,SaaS,USA,Outbound Sales,2023-10-18,12,2026-07-25 00:18:27.311873
962,Patterson PLC,SaaS,Canada,Organic,2024-08-08,13,2026-07-25 00:18:27.312102
963,Martin LLC,Education,India,Referral,2024-02-15,17,2026-07-25 00:18:27.312315
964,Owens-Pineda,Retail,Germany,Partner,2023-01-09,2,2026-07-25 00:18:27.312586
965,Mcfarland PLC,Healthcare,Singapore,Paid Ads,2023-03-04,3,2026-07-25 00:18:27.312744
966,"Gilbert, Stanley and Henry",SaaS,USA,Outbound Sales,2023-03-21,14,2026-07-25 00:18:27.313121
967,"Howard, Bowers and Stewart",Manufacturing,Germany,Social Media,2025-06-08,3,2026-07-25 00:18:27.313497
968,Meyer PLC,E-Commerce,India,Outbound Sales,2023-12-08,5,2026-07-25 00:18:27.313654
969,Daniels-Powell,Marketing,India,Outbound Sales,2023-09-05,19,2026-07-25 00:18:27.314033
970,Ware Ltd,SaaS,Germany,Social Media,2024-06-26,5,2026-07-25 00:18:27.314302
971,Ward-Robinson,Retail,Canada,Paid Ads,2024-05-30,11,2026-07-25 00:18:27.314768
972,"Wells, Hoffman and Goodwin",Marketing,Singapore,Social Media,2025-08-18,11,2026-07-25 00:18:27.315435
973,Wilson LLC,Manufacturing,Germany,Paid Ads,2025-10-05,8,2026-07-25 00:18:27.315759
974,Conway PLC,Finance,USA,Referral,2024-11-23,19,2026-07-25 00:18:27.316054
975,Haley Ltd,Finance,USA,Organic,2025-08-22,6,2026-07-25 00:18:27.316423
976,Moon-Landry,Logistics,Germany,Paid Ads,2024-05-13,14,2026-07-25 00:18:27.316913
977,Fernandez-Campbell,Finance,Australia,Paid Ads,2024-08-22,7,2026-07-25 00:18:27.317397
978,Robertson-Hicks,Logistics,Canada,Partner,2025-03-13,9,2026-07-25 00:18:27.317931
979,Phillips Ltd,Finance,India,Referral,2025-01-26,10,2026-07-25 00:18:27.318215
980,Palmer-Vaughan,E-Commerce,India,Referral,2023-10-27,11,2026-07-25 00:18:27.318690
981,"Ferguson, Sims and Clark",Healthcare,India,Social Media,2023-09-18,8,2026-07-25 00:18:27.319341
982,Hancock Group,Manufacturing,Germany,Outbound Sales,2025-09-04,2,2026-07-25 00:18:27.319635
983,Medina Ltd,Education,Canada,Referral,2023-06-11,1,2026-07-25 00:18:27.319950
984,"Montoya, Jones and Parks",Marketing,United Kingdom,Partner,2024-11-07,18,2026-07-25 00:18:27.320625
985,Love-Johnson,Consulting,USA,Organic,2023-02-06,15,2026-07-25 00:18:27.321097
986,Thompson LLC,Finance,United Kingdom,Referral,2023-04-24,4,2026-07-25 00:18:27.321380
987,Andrews and Sons,SaaS,India,Referral,2025-05-16,5,2026-07-25 00:18:27.321654
988,Hughes-Mccoy,Retail,United Kingdom,Partner,2024-02-06,12,2026-07-25 00:18:27.322023
989,Smith-Nunez,Finance,Australia,Outbound Sales,2024-11-03,9,2026-07-25 00:18:27.322368
990,May PLC,Finance,India,Organic,2025-04-10,7,2026-07-25 00:18:27.322579
991,"Richards, Haynes and Jones",Logistics,United Kingdom,Referral,2023-04-09,3,2026-07-25 00:18:27.323112
992,Roberts Ltd,Manufacturing,India,Organic,2025-02-20,15,2026-07-25 00:18:27.323357
993,"Miller, Hubbard and Kim",SaaS,USA,Outbound Sales,2024-04-13,14,2026-07-25 00:18:27.323892
994,"Johnson, Moore and Robinson",Marketing,Germany,Organic,2024-09-05,13,2026-07-25 00:18:27.324452
995,"Phillips, Walters and Evans",Marketing,USA,Paid Ads,2024-08-30,7,2026-07-25 00:18:27.324966
996,Bernard-Smith,Healthcare,Canada,Paid Ads,2025-10-03,15,2026-07-25 00:18:27.325335
997,Martinez Inc,Healthcare,India,Outbound Sales,2025-05-12,20,2026-07-25 00:18:27.325555
998,"Long, Kelley and Miller",E-Commerce,USA,Social Media,2025-06-08,10,2026-07-25 00:18:27.326122
999,"Figueroa, Swanson and Lewis",Logistics,Germany,Outbound Sales,2023-11-23,16,2026-07-25 00:18:27.326665
1000,"Thomas, White and Jensen",SaaS,India,Paid Ads,2025-09-30,13,2026-07-25 00:18:27.327170
1001,Wilson Ltd,Healthcare,Germany,Referral,2024-01-28,17,2026-07-25 00:18:27.327400
1002,York PLC,Retail,Singapore,Outbound Sales,2025-05-31,1,2026-07-25 00:18:27.327633
1003,"Dunn, Roberts and Jones",Marketing,United Kingdom,Social Media,2024-12-17,12,2026-07-25 00:18:27.328394
1004,Swanson Group,Logistics,Australia,Partner,2023-06-02,12,2026-07-25 00:18:27.328737
1005,Anderson-Rios,E-Commerce,Australia,Paid Ads,2024-05-28,13,2026-07-25 00:18:27.329197
1006,Harvey-Mccullough,Education,USA,Organic,2023-06-05,11,2026-07-25 00:18:27.329635
1007,Hayes-Jensen,E-Commerce,USA,Organic,2024-05-08,9,2026-07-25 00:18:27.330023
1008,"Silva, Cunningham and Diaz",SaaS,United Kingdom,Partner,2024-04-19,17,2026-07-25 00:18:27.330494
1009,Jackson-Edwards,Manufacturing,United Kingdom,Outbound Sales,2024-05-06,8,2026-07-25 00:18:27.330817
1010,"Singh, Graham and Larsen",Healthcare,India,Referral,2023-12-11,8,2026-07-25 00:18:27.331280
1011,"Quinn, Humphrey and Ford",Education,Australia,Social Media,2023-07-28,2,2026-07-25 00:18:27.331772
1012,Tucker-Rodriguez,Retail,Australia,Partner,2024-07-11,12,2026-07-25 00:18:27.332138
1013,"Miller, Ramirez and Serrano",Healthcare,USA,Referral,2025-09-29,19,2026-07-25 00:18:27.332830
1014,Baker Ltd,Manufacturing,United Kingdom,Social Media,2025-04-16,12,2026-07-25 00:18:27.333157
1015,"Jones, Smith and Hunter",E-Commerce,India,Social Media,2023-04-29,12,2026-07-25 00:18:27.333538
1016,"Riley, Hammond and Lewis",E-Commerce,Australia,Referral,2023-02-18,19,2026-07-25 00:18:27.333949
1017,"Green, Shannon and Fernandez",Retail,United Kingdom,Partner,2023-02-26,18,2026-07-25 00:18:27.334324
1018,Diaz and Sons,Education,USA,Partner,2025-10-12,2,2026-07-25 00:18:27.334486
1019,"Vincent, Anderson and Mason",Finance,India,Referral,2025-07-04,20,2026-07-25 00:18:27.334851
1020,Cox-Smith,Retail,India,Outbound Sales,2023-05-21,16,2026-07-25 00:18:27.335111
1021,"Sutton, Todd and Taylor",SaaS,Canada,Outbound Sales,2024-01-07,7,2026-07-25 00:18:27.335475
1022,Knight PLC,Healthcare,Canada,Social Media,2023-09-05,6,2026-07-25 00:18:27.335639
1023,Fitzgerald Group,Manufacturing,India,Organic,2025-10-21,5,2026-07-25 00:18:27.335839
1024,Robinson Group,E-Commerce,Singapore,Referral,2024-07-11,4,2026-07-25 00:18:27.336011
1025,Baker and Sons,Consulting,United Kingdom,Paid Ads,2023-12-27,3,2026-07-25 00:18:27.336172
1026,"Clark, Velez and Ward",Manufacturing,Singapore,Social Media,2023-03-08,13,2026-07-25 00:18:27.336534
1027,Keith-Williams,E-Commerce,India,Paid Ads,2024-12-30,10,2026-07-25 00:18:27.336796
1028,Garcia-Schmitt,Manufacturing,USA,Referral,2025-10-04,14,2026-07-25 00:18:27.337058
1029,Davenport-Baker,Logistics,Singapore,Paid Ads,2025-09-11,6,2026-07-25 00:18:27.337315
1030,"Thompson, Valdez and Diaz",Consulting,Singapore,Outbound Sales,2025-04-25,12,2026-07-25 00:18:27.337678
1031,Black Group,Retail,Singapore,Outbound Sales,2025-10-11,6,2026-07-25 00:18:27.337872
1032,"Sullivan, Roth and Reed",Marketing,Canada,Social Media,2023-12-13,10,2026-07-25 00:18:27.338298
1033,"Smith, Macias and Gonzales",Healthcare,USA,Social Media,2025-01-18,1,2026-07-25 00:18:27.338701
1034,Robertson LLC,E-Commerce,Germany,Outbound Sales,2023-12-24,2,2026-07-25 00:18:27.338863
1035,Lopez LLC,Healthcare,Australia,Paid Ads,2023-11-25,20,2026-07-25 00:18:27.339020
1036,"Montoya, Guerrero and Perry",Retail,Singapore,Outbound Sales,2025-07-24,4,2026-07-25 00:18:27.339378
1037,"Wilson, Leonard and Mendoza",Logistics,USA,Paid Ads,2024-05-27,3,2026-07-25 00:18:27.339737
1038,Holland Group,Retail,Canada,Paid Ads,2025-07-06,6,2026-07-25 00:18:27.339923
1039,Williams PLC,Finance,United Kingdom,Social Media,2023-02-04,11,2026-07-25 00:18:27.340087
1040,Taylor PLC,Logistics,India,Paid Ads,2025-07-09,7,2026-07-25 00:18:27.340243
1041,"Thomas, Jackson and Nielsen",Retail,Singapore,Organic,2023-03-02,12,2026-07-25 00:18:27.340602
1042,Greene-Elliott,Education,United Kingdom,Organic,2025-03-13,1,2026-07-25 00:18:27.340859
1043,"Luna, Nicholson and Valentine",SaaS,Germany,Partner,2023-01-29,14,2026-07-25 00:18:27.341218
1044,Obrien-Ruiz,Healthcare,Germany,Partner,2023-12-03,13,2026-07-25 00:18:27.341474
1045,Robinson Group,Manufacturing,Australia,Partner,2025-01-18,4,2026-07-25 00:18:27.341631
1046,Norton and Sons,Logistics,United Kingdom,Outbound Sales,2025-07-22,8,2026-07-25 00:18:27.341809
1047,"Dixon, Jackson and Jennings",Healthcare,Germany,Organic,2025-08-26,2,2026-07-25 00:18:27.342180
1048,"Garza, Hall and Cruz",Education,India,Paid Ads,2024-12-05,9,2026-07-25 00:18:27.342541
1049,Harris PLC,Finance,India,Paid Ads,2023-06-18,6,2026-07-25 00:18:27.342698
1050,Serrano-Jacobs,Marketing,USA,Social Media,2025-11-29,3,2026-07-25 00:18:27.342952
1051,Valenzuela-Greene,Consulting,India,Paid Ads,2023-10-03,20,2026-07-25 00:18:27.343208
1052,"Goodwin, Davis and Hopkins",E-Commerce,Germany,Social Media,2025-04-05,1,2026-07-25 00:18:27.343567
1053,"Carey, Prince and Hampton",Marketing,Singapore,Referral,2025-07-26,20,2026-07-25 00:18:27.344009
1054,Boyd-Wood,Marketing,USA,Organic,2025-10-05,4,2026-07-25 00:18:27.344430
1055,"Moreno, Perez and Lang",Manufacturing,USA,Referral,2023-03-09,14,2026-07-25 00:18:27.344832
1056,Chapman-Figueroa,Consulting,Singapore,Social Media,2024-08-15,18,2026-07-25 00:18:27.345100
1057,"Davis, Anderson and Woods",Education,Singapore,Paid Ads,2025-12-18,10,2026-07-25 00:18:27.345474
1058,Campbell PLC,Retail,India,Organic,2023-12-28,13,2026-07-25 00:18:27.345658
1059,Lopez-Fletcher,E-Commerce,Australia,Partner,2024-09-26,5,2026-07-25 00:18:27.345928
1060,"Mills, Meyer and Brooks",SaaS,Canada,Organic,2023-01-12,14,2026-07-25 00:18:27.346300
1061,"Brock, Ortiz and Rodriguez",Finance,Canada,Social Media,2023-11-16,20,2026-07-25 00:18:27.346717
1062,"Richards, Green and Herrera",Logistics,USA,Organic,2024-10-23,1,2026-07-25 00:18:27.347097
1063,Carr-Braun,Retail,USA,Social Media,2025-05-27,10,2026-07-25 00:18:27.347358
1064,Gutierrez PLC,Finance,Germany,Organic,2024-09-09,10,2026-07-25 00:18:27.347513
1065,Wood PLC,Marketing,Germany,Partner,2025-01-19,9,2026-07-25 00:18:27.347694
1066,Hinton-Lane,Finance,Singapore,Outbound Sales,2025-01-21,13,2026-07-25 00:18:27.347959
1067,"Taylor, Shields and Wilson",Healthcare,Canada,Partner,2024-09-10,12,2026-07-25 00:18:27.348328
1068,Logan-Avery,Healthcare,Germany,Organic,2023-12-23,9,2026-07-25 00:18:27.348585
1069,Romero LLC,Logistics,Germany,Paid Ads,2023-06-05,8,2026-07-25 00:18:27.348740
1070,"Terry, Mann and Martin",Education,Australia,Organic,2025-05-05,5,2026-07-25 00:18:27.349107
1071,Brock and Sons,Finance,India,Social Media,2025-09-14,12,2026-07-25 00:18:27.349265
1072,"Graham, Brown and Walker",Consulting,Germany,Outbound Sales,2025-01-02,8,2026-07-25 00:18:27.349661
1073,"Johnson, Cruz and Joyce",Consulting,India,Partner,2023-05-05,17,2026-07-25 00:18:27.350050
1074,"Meyer, Dawson and Harper",Marketing,Australia,Social Media,2025-08-11,16,2026-07-25 00:18:27.350421
1075,"Snyder, Smith and Jefferson",E-Commerce,USA,Partner,2023-09-30,10,2026-07-25 00:18:27.350789
1076,Lee-Bowers,Finance,Germany,Social Media,2025-03-15,2,2026-07-25 00:18:27.351051
1077,"Hale, Gilbert and Craig",Consulting,Australia,Outbound Sales,2025-03-04,19,2026-07-25 00:18:27.351418
1078,Pena and Sons,E-Commerce,USA,Organic,2024-07-12,15,2026-07-25 00:18:27.351592
1079,Chan-Gomez,Healthcare,USA,Referral,2023-05-15,7,2026-07-25 00:18:27.351856
1080,Willis-Holmes,Healthcare,India,Partner,2024-09-05,3,2026-07-25 00:18:27.352123
1081,Calhoun PLC,Marketing,USA,Social Media,2025-12-29,5,2026-07-25 00:18:27.352281
1082,"Gallegos, Herman and Bailey",E-Commerce,Canada,Paid Ads,2024-03-17,3,2026-07-25 00:18:27.352644
1083,Obrien and Sons,Finance,Germany,Outbound Sales,2024-03-05,13,2026-07-25 00:18:27.352801
1084,Andrews-Green,Consulting,Canada,Paid Ads,2024-12-07,17,2026-07-25 00:18:27.353109
1085,"Rodriguez, Jones and Phillips",Logistics,United Kingdom,Organic,2024-09-24,20,2026-07-25 00:18:27.353481
1086,"Frye, Walter and Li",E-Commerce,Australia,Partner,2023-07-01,4,2026-07-25 00:18:27.353870
1087,Benson-Church,Marketing,USA,Referral,2025-06-12,19,2026-07-25 00:18:27.354138
1088,Carrillo-Todd,E-Commerce,Australia,Organic,2025-05-24,4,2026-07-25 00:18:27.354398
1089,"Murray, Matthews and Johnson",E-Commerce,United Kingdom,Organic,2024-12-13,10,2026-07-25 00:18:27.354765
1090,Jones-Schultz,Consulting,Canada,Partner,2023-06-30,9,2026-07-25 00:18:27.355031
1091,"Haynes, Mcbride and Gutierrez",Marketing,Singapore,Partner,2023-12-09,19,2026-07-25 00:18:27.355395
1092,"Nichols, Haynes and Baker",E-Commerce,Germany,Organic,2024-07-02,6,2026-07-25 00:18:27.355778
1093,Ross Ltd,Education,Germany,Referral,2024-03-22,20,2026-07-25 00:18:27.355941
1094,Spencer and Sons,E-Commerce,Singapore,Social Media,2024-06-15,13,2026-07-25 00:18:27.356098
1095,Gomez-Shannon,SaaS,Germany,Paid Ads,2025-01-10,8,2026-07-25 00:18:27.356355
1096,Valentine Ltd,SaaS,Singapore,Partner,2024-02-22,9,2026-07-25 00:18:27.356513
1097,Mclaughlin-Young,Manufacturing,India,Paid Ads,2023-10-23,10,2026-07-25 00:18:27.356770
1098,Clark-Harris,Education,Canada,Partner,2024-01-12,4,2026-07-25 00:18:27.357032
1099,"Kelly, Maxwell and Wilson",Retail,USA,Paid Ads,2024-01-23,15,2026-07-25 00:18:27.357398
1100,"Sosa, Vasquez and Smith",Manufacturing,Canada,Social Media,2023-05-02,14,2026-07-25 00:18:27.357784
1101,Charles LLC,E-Commerce,Singapore,Organic,2025-04-21,7,2026-07-25 00:18:27.357950
1102,Vasquez-Galloway,Logistics,USA,Partner,2025-08-22,16,2026-07-25 00:18:27.358215
1103,Henry-Joyce,Consulting,United Kingdom,Paid Ads,2025-06-11,2,2026-07-25 00:18:27.358472
1104,Sanders-Christensen,Consulting,United Kingdom,Referral,2025-03-05,3,2026-07-25 00:18:27.358727
1105,Fox Group,Education,Singapore,Outbound Sales,2023-07-19,13,2026-07-25 00:18:27.358879
1106,"Johnson, Reed and Dalton",Healthcare,United Kingdom,Outbound Sales,2025-01-13,19,2026-07-25 00:18:27.359244
1107,Bray-Wolfe,SaaS,USA,Referral,2023-09-29,7,2026-07-25 00:18:27.359505
1108,Norris-Smith,SaaS,USA,Organic,2024-12-15,15,2026-07-25 00:18:27.359783
1109,Carpenter-Nguyen,SaaS,Canada,Social Media,2023-11-24,7,2026-07-25 00:18:27.360336
1110,Lopez-Baker,Education,Canada,Partner,2025-08-09,17,2026-07-25 00:18:27.360681
1111,Mullen-Cooper,Marketing,Singapore,Organic,2024-02-23,1,2026-07-25 00:18:27.360947
1112,Coleman-Barnes,Retail,Canada,Partner,2023-10-13,20,2026-07-25 00:18:27.361206
1113,Dickerson-Ramirez,Logistics,USA,Partner,2024-08-01,19,2026-07-25 00:18:27.361470
1114,"Anderson, Johnston and Perez",Consulting,Canada,Paid Ads,2023-10-07,6,2026-07-25 00:18:27.361876
1115,"Nelson, Young and Reynolds",Education,Singapore,Social Media,2023-06-05,3,2026-07-25 00:18:27.362285
1116,Thomas Ltd,Education,India,Partner,2024-08-14,2,2026-07-25 00:18:27.362456
1117,Shaffer-Thompson,Healthcare,United Kingdom,Outbound Sales,2023-08-21,7,2026-07-25 00:18:27.362714
1118,Cowan Ltd,Retail,Singapore,Referral,2025-02-15,7,2026-07-25 00:18:27.362871
1119,"Le, Floyd and Evans",Education,Singapore,Partner,2025-03-14,17,2026-07-25 00:18:27.363227
1120,"Williams, Garcia and Martin",SaaS,United Kingdom,Social Media,2025-05-23,1,2026-07-25 00:18:27.363584
1121,Woods-Soto,Logistics,USA,Social Media,2023-12-01,6,2026-07-25 00:18:27.363871
1122,"Cook, Ward and Castro",E-Commerce,United Kingdom,Organic,2024-11-29,8,2026-07-25 00:18:27.364237
1123,Smith-Martinez,Education,Australia,Paid Ads,2024-02-05,9,2026-07-25 00:18:27.364491
1124,"Gonzalez, Johnston and Banks",Marketing,Germany,Paid Ads,2025-11-21,15,2026-07-25 00:18:27.364847
1125,Kelly-Nunez,Education,USA,Partner,2023-09-29,10,2026-07-25 00:18:27.365104
1126,"Griffin, Miller and Austin",Consulting,United Kingdom,Outbound Sales,2025-01-27,13,2026-07-25 00:18:27.365458
1127,"Frye, Oneill and Davidson",E-Commerce,India,Organic,2024-12-21,17,2026-07-25 00:18:27.365853
1128,Welch-Duncan,Manufacturing,Australia,Social Media,2024-06-08,20,2026-07-25 00:18:27.366162
1129,Martin and Sons,E-Commerce,Canada,Paid Ads,2023-04-21,4,2026-07-25 00:18:27.366328
1130,Delgado-Page,Logistics,India,Paid Ads,2024-05-01,9,2026-07-25 00:18:27.366583
1131,"Foster, Barron and Norman",Manufacturing,United Kingdom,Paid Ads,2025-07-29,9,2026-07-25 00:18:27.366941
1132,"Matthews, Sheppard and Gutierrez",Education,USA,Referral,2024-07-18,17,2026-07-25 00:18:27.367375
1133,Martinez and Sons,Retail,India,Outbound Sales,2023-10-13,13,2026-07-25 00:18:27.367542
1134,Shepard-Haynes,Manufacturing,Singapore,Referral,2025-10-25,1,2026-07-25 00:18:27.367826
1135,Jackson Inc,Logistics,Canada,Paid Ads,2023-05-05,14,2026-07-25 00:18:27.368041
1136,Zuniga Group,Marketing,Germany,Social Media,2023-05-29,2,2026-07-25 00:18:27.368207
1137,Johnson Group,E-Commerce,Singapore,Outbound Sales,2025-05-01,7,2026-07-25 00:18:27.368367
1138,Garcia PLC,Manufacturing,Singapore,Social Media,2025-03-24,8,2026-07-25 00:18:27.368532
1139,Pena Group,Consulting,Singapore,Partner,2023-08-30,12,2026-07-25 00:18:27.368699
1140,Wright LLC,Consulting,Canada,Referral,2024-04-25,18,2026-07-25 00:18:27.368866
1141,"Martinez, Rose and Jackson",Healthcare,Canada,Organic,2024-11-19,16,2026-07-25 00:18:27.369246
1142,"Kelly, Herman and Lin",Healthcare,Singapore,Paid Ads,2023-02-24,18,2026-07-25 00:18:27.369626
1143,"Donovan, Dunn and Taylor",Healthcare,Singapore,Paid Ads,2024-12-26,3,2026-07-25 00:18:27.370045
1144,"Thompson, Harper and Welch",Retail,Canada,Referral,2025-12-19,10,2026-07-25 00:18:27.370465
1145,"Graham, Bowman and Ferguson",Marketing,United Kingdom,Paid Ads,2025-09-14,12,2026-07-25 00:18:27.370880
1146,Fernandez-Ballard,Education,Australia,Paid Ads,2024-06-23,15,2026-07-25 00:18:27.371173
1147,Diaz-Green,Finance,Germany,Organic,2024-11-17,19,2026-07-25 00:18:27.371466
1148,Smith and Sons,E-Commerce,Australia,Organic,2024-04-16,16,2026-07-25 00:18:27.371640
1149,Harrison-Smith,Retail,Australia,Organic,2024-06-18,13,2026-07-25 00:18:27.371899
1150,Evans-Cannon,Consulting,Canada,Partner,2025-02-03,2,2026-07-25 00:18:27.372130
1151,"Hall, Smith and Brooks",Healthcare,USA,Referral,2024-03-31,11,2026-07-25 00:18:27.372446
1152,"Kim, Wright and Espinoza",Marketing,Australia,Partner,2024-10-01,5,2026-07-25 00:18:27.372764
1153,Clayton-Walker,Manufacturing,United Kingdom,Social Media,2025-09-30,6,2026-07-25 00:18:27.372990
1154,Garrett-Black,Finance,Germany,Paid Ads,2023-05-04,6,2026-07-25 00:18:27.373213
1155,"Cohen, Mitchell and Paul",Manufacturing,Singapore,Organic,2025-08-10,1,2026-07-25 00:18:27.373523
1156,Lopez-Jones,Logistics,Canada,Referral,2024-02-22,6,2026-07-25 00:18:27.373747
1157,Rodriguez-Gibson,E-Commerce,United Kingdom,Referral,2023-08-01,16,2026-07-25 00:18:27.373993
1158,Graves-Vasquez,Finance,USA,Outbound Sales,2024-12-04,14,2026-07-25 00:18:27.374218
1159,Hernandez PLC,Marketing,Germany,Partner,2024-05-13,16,2026-07-25 00:18:27.374355
1160,Compton LLC,Marketing,India,Organic,2023-02-04,18,2026-07-25 00:18:27.374490
1161,Espinoza Ltd,Retail,Singapore,Paid Ads,2024-02-23,1,2026-07-25 00:18:27.374627
1162,Davis Inc,Manufacturing,United Kingdom,Outbound Sales,2023-01-13,7,2026-07-25 00:18:27.374762
1163,Peterson LLC,SaaS,Singapore,Organic,2025-02-05,8,2026-07-25 00:18:27.374895
1164,Ford-Moody,Retail,Singapore,Paid Ads,2025-02-13,10,2026-07-25 00:18:27.375114
1165,Bridges and Sons,Healthcare,India,Partner,2024-05-28,17,2026-07-25 00:18:27.375249
1166,Rowe-Jones,E-Commerce,Canada,Referral,2023-03-29,3,2026-07-25 00:18:27.375523
1167,Lee LLC,SaaS,Canada,Paid Ads,2024-12-31,15,2026-07-25 00:18:27.375666
1168,Martinez Ltd,Consulting,Australia,Outbound Sales,2024-08-15,11,2026-07-25 00:18:27.375826
1169,Wise-Ramos,Marketing,Singapore,Referral,2024-01-22,11,2026-07-25 00:18:27.376135
1170,Murray Inc,Logistics,Canada,Referral,2023-02-22,6,2026-07-25 00:18:27.376327
1171,"Hendrix, Kennedy and Maldonado",Marketing,India,Referral,2025-03-20,8,2026-07-25 00:18:27.376643
1172,Moore-Chandler,Healthcare,USA,Social Media,2024-04-29,1,2026-07-25 00:18:27.376866
1173,"Martinez, Olson and Evans",E-Commerce,Australia,Referral,2025-05-03,4,2026-07-25 00:18:27.377177
1174,Boyer and Sons,Manufacturing,Singapore,Social Media,2024-07-13,2,2026-07-25 00:18:27.377312
1175,Chen LLC,Marketing,Singapore,Paid Ads,2023-06-25,18,2026-07-25 00:18:27.377446
1176,Bauer PLC,E-Commerce,India,Outbound Sales,2023-01-24,2,2026-07-25 00:18:27.377581
1177,Mccormick-Smith,Finance,Singapore,Organic,2023-07-05,2,2026-07-25 00:18:27.377819
1178,"Logan, Alvarez and Carlson",Finance,Germany,Partner,2023-03-07,13,2026-07-25 00:18:27.378134
1179,Wright Group,Finance,Australia,Paid Ads,2024-07-30,16,2026-07-25 00:18:27.378270
1180,"Montgomery, Galvan and Shea",Healthcare,USA,Social Media,2023-05-22,1,2026-07-25 00:18:27.378572
1181,Brown Ltd,Education,Germany,Social Media,2025-08-29,4,2026-07-25 00:18:27.378705
1182,"Herrera, Rodriguez and Freeman",Consulting,Canada,Outbound Sales,2023-08-28,20,2026-07-25 00:18:27.379006
1183,"Kramer, Sherman and Trujillo",Healthcare,Germany,Organic,2024-05-07,17,2026-07-25 00:18:27.379309
1184,"Lee, Norris and Howard",E-Commerce,India,Paid Ads,2024-11-12,4,2026-07-25 00:18:27.379611
1185,Roach-Washington,Finance,Germany,Referral,2023-07-29,20,2026-07-25 00:18:27.379845
1186,"Phillips, Terry and Lopez",Retail,United Kingdom,Paid Ads,2024-11-10,17,2026-07-25 00:18:27.380154
1187,"Bailey, Oconnor and Hill",Retail,Canada,Social Media,2023-10-17,14,2026-07-25 00:18:27.380456
1188,"Martin, Schmidt and Cole",Education,USA,Organic,2025-07-19,18,2026-07-25 00:18:27.380757
1189,"Richardson, Smith and Little",Logistics,USA,Social Media,2024-02-14,16,2026-07-25 00:18:27.381055
1190,"Lopez, Smith and Vincent",Manufacturing,USA,Organic,2024-08-11,1,2026-07-25 00:18:27.381350
1191,Flores Inc,Finance,India,Outbound Sales,2025-08-21,16,2026-07-25 00:18:27.381481
1192,"Fuentes, Lee and Vega",Healthcare,India,Outbound Sales,2025-10-19,3,2026-07-25 00:18:27.381777
1193,Austin LLC,Finance,Canada,Social Media,2025-05-06,8,2026-07-25 00:18:27.381934
1194,"Morris, Davis and Hopkins",Logistics,Canada,Paid Ads,2024-09-28,15,2026-07-25 00:18:27.382236
1195,White Inc,SaaS,India,Referral,2023-03-10,2,2026-07-25 00:18:27.382367
1196,Washington Inc,Education,Canada,Social Media,2023-11-10,11,2026-07-25 00:18:27.382509
1197,"May, Price and Burns",Marketing,Singapore,Organic,2023-02-19,4,2026-07-25 00:18:27.382850
1198,"Garza, Williams and Walker",SaaS,India,Referral,2025-08-27,6,2026-07-25 00:18:27.383207
1199,Conrad and Sons,Manufacturing,Canada,Partner,2023-04-21,20,2026-07-25 00:18:27.383346
1200,Hebert-Collier,Education,Singapore,Organic,2025-10-15,12,2026-07-25 00:18:27.383562
1201,"Brown, Grant and Hurley",Manufacturing,USA,Organic,2024-12-28,13,2026-07-25 00:18:27.383881
1202,Bauer-Brown,Marketing,Germany,Paid Ads,2024-10-08,13,2026-07-25 00:18:27.384099
1203,Rice-Navarro,Logistics,United Kingdom,Partner,2025-08-16,6,2026-07-25 00:18:27.384310
1204,Blackburn PLC,Finance,USA,Social Media,2024-04-17,2,2026-07-25 00:18:27.384441
1205,Hardy PLC,Healthcare,India,Partner,2023-05-31,19,2026-07-25 00:18:27.384569
1206,Lee Ltd,Logistics,United Kingdom,Outbound Sales,2024-08-21,15,2026-07-25 00:18:27.384698
1207,"Garrett, White and Curry",Healthcare,Australia,Partner,2024-01-22,12,2026-07-25 00:18:27.384994
1208,"Garcia, Fowler and Howard",E-Commerce,India,Social Media,2024-10-06,5,2026-07-25 00:18:27.385289
1209,"Ortega, Andrade and Jackson",Logistics,Germany,Organic,2024-12-13,14,2026-07-25 00:18:27.385580
1210,"Morales, Morgan and Moore",Logistics,India,Organic,2023-10-08,9,2026-07-25 00:18:27.385888
1211,Mahoney-Orr,Manufacturing,India,Social Media,2025-07-20,17,2026-07-25 00:18:27.386101
1212,Kirk-Gutierrez,E-Commerce,Singapore,Outbound Sales,2025-05-04,8,2026-07-25 00:18:27.386307
1213,Mckenzie-Morris,Manufacturing,Australia,Outbound Sales,2025-09-10,20,2026-07-25 00:18:27.386514
1214,"Gardner, Brooks and Pierce",Finance,Germany,Social Media,2024-01-09,8,2026-07-25 00:18:27.386802
1215,Nixon-West,Logistics,Canada,Social Media,2024-01-30,13,2026-07-25 00:18:27.387007
1216,Barber LLC,Healthcare,United Kingdom,Outbound Sales,2024-09-08,20,2026-07-25 00:18:27.387133
1217,Holmes LLC,SaaS,India,Social Media,2025-07-14,6,2026-07-25 00:18:27.387258
1218,Joyce-Lewis,Consulting,United Kingdom,Partner,2023-01-11,16,2026-07-25 00:18:27.387461
1219,Ingram Ltd,Healthcare,India,Partner,2024-05-04,11,2026-07-25 00:18:27.387587
1220,"Dixon, Duncan and Duncan",Retail,Canada,Paid Ads,2024-03-04,2,2026-07-25 00:18:27.387892
1221,Stevens and Sons,Consulting,USA,Outbound Sales,2023-05-27,13,2026-07-25 00:18:27.388027
1222,Richardson-Perkins,Marketing,United Kingdom,Referral,2023-08-04,3,2026-07-25 00:18:27.388231
1223,Shepherd-Davis,Logistics,Germany,Outbound Sales,2023-12-28,15,2026-07-25 00:18:27.388435
1224,"Hardin, Navarro and Cummings",Finance,United Kingdom,Partner,2024-09-13,15,2026-07-25 00:18:27.388719
1225,Freeman Ltd,Manufacturing,India,Partner,2025-01-19,1,2026-07-25 00:18:27.388845
1226,"Weiss, Davis and May",Finance,Germany,Partner,2025-12-27,2,2026-07-25 00:18:27.389128
1227,"Stokes, James and Deleon",Consulting,Australia,Organic,2023-02-28,3,2026-07-25 00:18:27.389412
1228,Hobbs-Hamilton,E-Commerce,Australia,Social Media,2024-06-03,10,2026-07-25 00:18:27.389618
1229,Adkins PLC,Consulting,Australia,Referral,2023-07-07,15,2026-07-25 00:18:27.389742
1230,"Waters, Reyes and Torres",Manufacturing,Canada,Organic,2023-01-18,8,2026-07-25 00:18:27.390046
1231,Fernandez-Hernandez,Logistics,Canada,Outbound Sales,2023-03-05,20,2026-07-25 00:18:27.390252
1232,"Walker, Williams and Dennis",E-Commerce,Germany,Social Media,2025-02-19,12,2026-07-25 00:18:27.390535
1233,Mullins-Johnston,Logistics,India,Organic,2024-09-02,8,2026-07-25 00:18:27.390736
1234,Reynolds Group,SaaS,Canada,Paid Ads,2023-05-20,10,2026-07-25 00:18:27.390860
1235,Rogers Group,Consulting,Australia,Paid Ads,2023-08-18,4,2026-07-25 00:18:27.390985
1236,"Williams, Ross and Miller",SaaS,USA,Partner,2025-06-06,5,2026-07-25 00:18:27.391267
1237,Ayala-Anderson,Marketing,India,Paid Ads,2025-02-18,20,2026-07-25 00:18:27.391467
1238,Hansen-Freeman,Retail,USA,Organic,2023-07-29,13,2026-07-25 00:18:27.391667
1239,"Gonzalez, Gilbert and Fitzgerald",Retail,Germany,Referral,2025-10-10,11,2026-07-25 00:18:27.391971
1240,Jones Group,Finance,United Kingdom,Partner,2024-01-18,2,2026-07-25 00:18:27.392493
1241,"Glass, Davis and Powers",E-Commerce,India,Partner,2024-05-17,15,2026-07-25 00:18:27.392958
1242,Bailey-Flores,E-Commerce,Australia,Referral,2024-10-19,16,2026-07-25 00:18:27.393183
1243,"Johnson, Torres and Huerta",SaaS,Australia,Social Media,2025-07-11,2,2026-07-25 00:18:27.393474
1244,Hanson-Alexander,Consulting,Germany,Outbound Sales,2025-08-15,16,2026-07-25 00:18:27.393680
1245,Jennings and Sons,Consulting,United Kingdom,Referral,2023-12-29,19,2026-07-25 00:18:27.393806
1246,Singh and Sons,Healthcare,Singapore,Referral,2023-05-14,4,2026-07-25 00:18:27.394026
1247,Melton LLC,Marketing,Singapore,Outbound Sales,2025-08-22,20,2026-07-25 00:18:27.394156
1248,Benson-Rodriguez,Manufacturing,Australia,Partner,2023-01-22,14,2026-07-25 00:18:27.394363
1249,Johnson-Clark,E-Commerce,Singapore,Referral,2024-11-30,9,2026-07-25 00:18:27.394569
1250,Harris PLC,Marketing,Canada,Paid Ads,2025-04-15,15,2026-07-25 00:18:27.394695
1251,"Webb, Blair and Thomas",Healthcare,USA,Partner,2024-02-06,20,2026-07-25 00:18:27.394979
1252,"Smith, Aguilar and Alvarado",Consulting,Canada,Social Media,2025-12-21,18,2026-07-25 00:18:27.395264
1253,Jackson-Campbell,Manufacturing,Singapore,Social Media,2023-03-09,18,2026-07-25 00:18:27.395467
1254,"Nelson, Marshall and Landry",Retail,USA,Referral,2025-12-18,20,2026-07-25 00:18:27.395751
1255,Guerrero-Alvarado,Education,Singapore,Paid Ads,2023-04-14,5,2026-07-25 00:18:27.395975
1256,Lin-Smith,Healthcare,Australia,Outbound Sales,2025-10-22,11,2026-07-25 00:18:27.396183
1257,Hall-James,Finance,United Kingdom,Paid Ads,2025-10-05,18,2026-07-25 00:18:27.396386
1258,Washington-Harper,Logistics,Australia,Outbound Sales,2023-06-04,14,2026-07-25 00:18:27.396589
1259,Gonzalez Group,Consulting,Canada,Partner,2023-05-17,1,2026-07-25 00:18:27.396713
1260,"Smith, Wright and Moreno",Consulting,India,Organic,2025-05-20,13,2026-07-25 00:18:27.396998
1261,Long-Moore,Healthcare,India,Social Media,2024-06-02,2,2026-07-25 00:18:27.397199
1262,"Bell, Garrett and Young",Retail,Canada,Referral,2024-06-22,10,2026-07-25 00:18:27.397481
1263,Cain-Garrett,Education,USA,Organic,2025-02-17,10,2026-07-25 00:18:27.397684
1264,Raymond LLC,Retail,United Kingdom,Outbound Sales,2024-08-24,2,2026-07-25 00:18:27.397807
1265,Peterson Group,Manufacturing,United Kingdom,Partner,2023-12-17,4,2026-07-25 00:18:27.397985
1266,Miller Group,E-Commerce,United Kingdom,Social Media,2025-10-17,18,2026-07-25 00:18:27.398120
1267,"Salazar, Garrett and Perez",Retail,Singapore,Social Media,2025-03-19,18,2026-07-25 00:18:27.398407
1268,"Hernandez, Waller and Browning",Marketing,USA,Outbound Sales,2024-01-09,10,2026-07-25 00:18:27.398693
1269,Daniels-Clark,SaaS,Germany,Partner,2024-05-26,14,2026-07-25 00:18:27.398896
1270,"Weaver, Mcbride and Huffman",Manufacturing,Australia,Organic,2023-08-04,1,2026-07-25 00:18:27.399205
1271,"Thornton, Mills and Taylor",Education,USA,Outbound Sales,2024-04-25,15,2026-07-25 00:18:27.399530
1272,"Fitzpatrick, Stark and Stewart",Retail,Singapore,Social Media,2023-08-14,12,2026-07-25 00:18:27.399827
1273,"Fry, Wilson and Stewart",E-Commerce,Australia,Social Media,2025-05-15,20,2026-07-25 00:18:27.400145
1274,"Johnson, Flores and Dudley",Retail,United Kingdom,Social Media,2023-08-15,7,2026-07-25 00:18:27.400438
1275,Ramos-Peck,Education,Germany,Referral,2024-09-30,3,2026-07-25 00:18:27.400643
1276,"Hill, Maxwell and Rodriguez",Healthcare,USA,Social Media,2025-09-16,17,2026-07-25 00:18:27.400928
1277,Farmer PLC,Finance,Germany,Organic,2023-10-14,14,2026-07-25 00:18:27.401055
1278,Obrien-Salazar,Education,Australia,Paid Ads,2025-08-16,5,2026-07-25 00:18:27.401258
1279,Hall Inc,Healthcare,Australia,Paid Ads,2025-07-15,1,2026-07-25 00:18:27.401383
1280,Watts Group,Manufacturing,Germany,Social Media,2024-07-12,5,2026-07-25 00:18:27.401509
1281,"Mathis, Harrison and Banks",SaaS,USA,Paid Ads,2023-07-28,20,2026-07-25 00:18:27.401793
1282,Henry-Taylor,SaaS,United Kingdom,Social Media,2023-10-13,20,2026-07-25 00:18:27.402017
1283,Johnson Inc,Education,Germany,Outbound Sales,2023-10-28,18,2026-07-25 00:18:27.402149
1284,Walker-Powers,Manufacturing,India,Social Media,2024-02-24,11,2026-07-25 00:18:27.402350
1285,Jones Group,Consulting,USA,Referral,2023-11-12,17,2026-07-25 00:18:27.402476
1286,Watts-Delacruz,Finance,United Kingdom,Outbound Sales,2025-08-16,6,2026-07-25 00:18:27.402677
1287,Sullivan-Williams,Marketing,Australia,Outbound Sales,2024-01-19,13,2026-07-25 00:18:27.402881
1288,"Edwards, Carr and Newton",Finance,Canada,Referral,2024-08-13,7,2026-07-25 00:18:27.403228
1289,"Fox, Liu and Buchanan",Manufacturing,Canada,Paid Ads,2025-07-11,10,2026-07-25 00:18:27.403519
1290,Hayes Inc,Retail,United Kingdom,Outbound Sales,2025-03-19,17,2026-07-25 00:18:27.403645
1291,"Medina, Terrell and Williams",Logistics,Australia,Social Media,2024-01-17,1,2026-07-25 00:18:27.403949
1292,"Hubbard, Estes and Lee",Finance,Singapore,Paid Ads,2024-08-24,15,2026-07-25 00:18:27.404240
1293,Wilkerson-Ayala,Retail,Singapore,Outbound Sales,2024-11-13,20,2026-07-25 00:18:27.404444
1294,Jackson-Phillips,Retail,India,Social Media,2024-03-20,11,2026-07-25 00:18:27.404646
1295,"Black, Thomas and Gallegos",Marketing,United Kingdom,Organic,2023-03-26,13,2026-07-25 00:18:27.404929
1296,Sharp Inc,Education,Australia,Social Media,2024-12-02,10,2026-07-25 00:18:27.405055
1297,"Pace, Horton and Taylor",SaaS,Australia,Paid Ads,2023-10-07,17,2026-07-25 00:18:27.405339
1298,Hayes-White,Consulting,Germany,Partner,2024-10-04,2,2026-07-25 00:18:27.405541
1299,"Huang, Khan and Davis",Education,Singapore,Referral,2025-07-06,11,2026-07-25 00:18:27.405824
1300,"Wong, Dawson and Martin",Consulting,India,Organic,2024-05-18,6,2026-07-25 00:18:27.406129
1301,Wilson Group,Consulting,Australia,Organic,2023-07-11,3,2026-07-25 00:18:27.406260
1302,Miller-Zimmerman,Retail,Singapore,Social Media,2025-09-11,7,2026-07-25 00:18:27.406462
1303,"Herring, Gray and James",Marketing,United Kingdom,Organic,2025-03-05,7,2026-07-25 00:18:27.406747
1304,Cunningham-Keller,Consulting,United Kingdom,Social Media,2023-09-23,14,2026-07-25 00:18:27.406952
1305,Melton and Sons,Finance,Singapore,Social Media,2023-08-22,5,2026-07-25 00:18:27.407078
1306,Parker-Cross,SaaS,Germany,Social Media,2023-03-21,11,2026-07-25 00:18:27.407280
1307,Sims-Wilson,SaaS,India,Organic,2024-11-24,2,2026-07-25 00:18:27.407481
1308,Smith LLC,Healthcare,United Kingdom,Paid Ads,2023-07-24,18,2026-07-25 00:18:27.407605
1309,Jimenez-Jimenez,Finance,Australia,Referral,2023-01-19,9,2026-07-25 00:18:27.407808
1310,"Andrade, Young and Chapman",Marketing,Germany,Partner,2023-01-09,13,2026-07-25 00:18:27.408373
1311,Ortiz-Miller,Marketing,Canada,Organic,2025-01-08,13,2026-07-25 00:18:27.408680
1312,Sanchez PLC,Finance,Australia,Organic,2025-07-21,20,2026-07-25 00:18:27.408842
1313,"Fuller, Wilkins and Clark",Finance,United Kingdom,Social Media,2024-03-08,19,2026-07-25 00:18:27.409225
1314,Brown LLC,SaaS,Singapore,Organic,2023-10-15,12,2026-07-25 00:18:27.409391
1315,Nash Ltd,Consulting,India,Paid Ads,2023-02-27,10,2026-07-25 00:18:27.409551
1316,"Evans, Knapp and Williams",E-Commerce,India,Paid Ads,2025-06-17,15,2026-07-25 00:18:27.410077
1317,Martin LLC,Marketing,Germany,Social Media,2024-10-09,1,2026-07-25 00:18:27.410317
1318,"Holt, Larson and Cobb",Logistics,USA,Outbound Sales,2025-08-07,8,2026-07-25 00:18:27.410832
1319,Curry-Ward,Healthcare,Singapore,Partner,2023-10-03,18,2026-07-25 00:18:27.411260
1320,Mack LLC,Education,Singapore,Referral,2023-02-25,10,2026-07-25 00:18:27.411426
1321,Wilkins-Chang,Manufacturing,India,Outbound Sales,2024-07-26,18,2026-07-25 00:18:27.411645
1322,Carter and Sons,Healthcare,India,Organic,2025-05-05,1,2026-07-25 00:18:27.411777
1323,"Villarreal, Murphy and Gutierrez",E-Commerce,Australia,Partner,2023-07-09,18,2026-07-25 00:18:27.412078
1324,"Clark, Brown and Duncan",Consulting,India,Paid Ads,2023-11-22,7,2026-07-25 00:18:27.412378
1325,"Benitez, Webb and Barker",Manufacturing,USA,Partner,2025-09-04,17,2026-07-25 00:18:27.412674
1326,Lynch-Stewart,Healthcare,USA,Referral,2024-03-22,8,2026-07-25 00:18:27.412934
1327,"Carney, Gomez and Anderson",E-Commerce,United Kingdom,Paid Ads,2025-03-27,7,2026-07-25 00:18:27.413301
1328,Stone-Welch,Finance,USA,Social Media,2025-05-24,19,2026-07-25 00:18:27.413539
1329,Stephenson and Sons,SaaS,United Kingdom,Outbound Sales,2025-02-04,15,2026-07-25 00:18:27.413676
1330,Smith Inc,Consulting,India,Paid Ads,2024-03-27,3,2026-07-25 00:18:27.413807
1331,"Robles, Mclaughlin and Clark",Education,India,Referral,2024-12-23,19,2026-07-25 00:18:27.414104
1332,Gutierrez-Cook,Logistics,Canada,Paid Ads,2025-08-13,5,2026-07-25 00:18:27.414320
1333,"Lewis, Davidson and Vaughn",Retail,India,Paid Ads,2025-05-20,20,2026-07-25 00:18:27.414643
1334,Parker PLC,Finance,USA,Paid Ads,2024-01-31,16,2026-07-25 00:18:27.414819
1335,Wang-Wilson,Logistics,Canada,Outbound Sales,2025-05-04,10,2026-07-25 00:18:27.415046
1336,Foster-Carroll,E-Commerce,USA,Outbound Sales,2024-06-01,19,2026-07-25 00:18:27.415260
1337,Lee LLC,Manufacturing,United Kingdom,Paid Ads,2023-02-15,14,2026-07-25 00:18:27.415405
1338,Hendricks-Robles,Healthcare,India,Paid Ads,2025-11-10,8,2026-07-25 00:18:27.415620
1339,Olson Ltd,Retail,Singapore,Social Media,2025-09-29,14,2026-07-25 00:18:27.415751
1340,"Huang, Ford and Olsen",Education,United Kingdom,Paid Ads,2024-12-16,5,2026-07-25 00:18:27.416264
1341,"Evans, Hardy and Stewart",Manufacturing,Germany,Partner,2023-03-29,15,2026-07-25 00:18:27.416731
1342,Clark Ltd,Manufacturing,United Kingdom,Paid Ads,2025-04-12,16,2026-07-25 00:18:27.416911
1343,Jones-Hernandez,Consulting,India,Referral,2024-05-30,20,2026-07-25 00:18:27.417181
1344,Terrell-Sims,Finance,United Kingdom,Paid Ads,2023-02-18,5,2026-07-25 00:18:27.417445
1345,"Obrien, Lopez and Wilson",Consulting,USA,Paid Ads,2023-09-15,3,2026-07-25 00:18:27.417865
1346,"Hodge, Mckinney and Nelson",Finance,India,Outbound Sales,2024-04-23,1,2026-07-25 00:18:27.418252
1347,Wiley-Watson,E-Commerce,Australia,Partner,2023-05-15,19,2026-07-25 00:18:27.418518
1348,Warren and Sons,Retail,India,Outbound Sales,2024-04-15,9,2026-07-25 00:18:27.418678
1349,Glover-Strickland,Consulting,Australia,Partner,2023-06-24,5,2026-07-25 00:18:27.418939
1350,Hunter-Lloyd,Manufacturing,Germany,Referral,2023-05-24,19,2026-07-25 00:18:27.419205
1351,Lee Group,Education,USA,Partner,2025-02-15,17,2026-07-25 00:18:27.419363
1352,Rowe-Thomas,Consulting,India,Partner,2025-03-24,12,2026-07-25 00:18:27.419663
1353,"Rhodes, Anderson and Hardy",Consulting,India,Social Media,2023-06-02,8,2026-07-25 00:18:27.420054
1354,Reeves-Boyd,E-Commerce,Singapore,Referral,2024-12-14,17,2026-07-25 00:18:27.420317
1355,Randolph-Mcdaniel,Healthcare,Germany,Referral,2023-01-07,6,2026-07-25 00:18:27.420640
1356,Cook Inc,E-Commerce,Australia,Social Media,2025-07-12,5,2026-07-25 00:18:27.420810
1357,"Miranda, Reese and Johnson",Logistics,Canada,Organic,2023-06-10,8,2026-07-25 00:18:27.421180
1358,"Mcclain, Flores and Lee",Logistics,USA,Organic,2024-04-29,9,2026-07-25 00:18:27.421552
1359,"Flores, Alexander and Wilson",Manufacturing,USA,Organic,2024-03-05,7,2026-07-25 00:18:27.421959
1360,Hill Inc,Consulting,United Kingdom,Paid Ads,2023-08-20,13,2026-07-25 00:18:27.422124
1361,"Palmer, Clark and Bell",Logistics,Germany,Organic,2025-08-25,2,2026-07-25 00:18:27.422495
1362,Thomas-Bush,Manufacturing,India,Social Media,2024-05-09,17,2026-07-25 00:18:27.422757
1363,"Sanchez, Jones and Austin",Education,United Kingdom,Social Media,2024-03-16,9,2026-07-25 00:18:27.423131
1364,"Wallace, Anderson and Ruiz",E-Commerce,Australia,Outbound Sales,2024-06-10,6,2026-07-25 00:18:27.423506
1365,Rodriguez Inc,Marketing,Singapore,Partner,2025-11-15,12,2026-07-25 00:18:27.423701
1366,Myers-Bush,E-Commerce,Singapore,Organic,2023-05-14,17,2026-07-25 00:18:27.424660
1367,"Huff, Lyons and Jensen",Education,Germany,Referral,2025-07-09,17,2026-07-25 00:18:27.425469
1368,Roth-Marquez,Marketing,Canada,Paid Ads,2024-04-30,16,2026-07-25 00:18:27.426012
1369,"Miller, Livingston and Duran",Logistics,Australia,Organic,2025-11-08,17,2026-07-25 00:18:27.426707
1370,Davis Ltd,Healthcare,Germany,Referral,2025-06-01,8,2026-07-25 00:18:27.427017
1371,Bryant Ltd,Finance,Australia,Social Media,2024-12-28,9,2026-07-25 00:18:27.427287
1372,"Miranda, Ruiz and Meza",Retail,USA,Referral,2025-09-28,6,2026-07-25 00:18:27.427955
1373,"Scott, Cox and White",Manufacturing,Australia,Social Media,2023-08-12,4,2026-07-25 00:18:27.428735
1374,Mccormick-Khan,Retail,Germany,Paid Ads,2025-10-30,4,2026-07-25 00:18:27.429254
1375,Johnson-Alvarez,Logistics,Singapore,Partner,2024-12-05,16,2026-07-25 00:18:27.429736
1376,Murray-Jackson,Retail,Australia,Referral,2024-06-29,14,2026-07-25 00:18:27.430257
1377,"Andrews, Romero and Sullivan",SaaS,USA,Organic,2024-06-25,5,2026-07-25 00:18:27.430908
1378,Hawkins-Jones,E-Commerce,Australia,Referral,2023-06-16,5,2026-07-25 00:18:27.431241
1379,"Murray, Garza and Allen",Consulting,India,Outbound Sales,2024-04-14,5,2026-07-25 00:18:27.431879
1380,"Moore, Olson and Jones",SaaS,USA,Paid Ads,2024-01-14,6,2026-07-25 00:18:27.432487
1381,"Garza, Mueller and Graham",Consulting,Germany,Outbound Sales,2023-11-20,19,2026-07-25 00:18:27.433303
1382,"Benson, Thompson and Caldwell",SaaS,Singapore,Social Media,2024-06-15,10,2026-07-25 00:18:27.433953
1383,Wilson-Carlson,Finance,USA,Partner,2025-06-10,20,2026-07-25 00:18:27.434369
1384,"Davis, Wallace and Parker",Logistics,United Kingdom,Partner,2024-05-20,6,2026-07-25 00:18:27.434902
1385,George Ltd,Retail,United Kingdom,Partner,2024-09-22,20,2026-07-25 00:18:27.435184
1386,Murphy-Newman,Healthcare,United Kingdom,Outbound Sales,2025-07-15,6,2026-07-25 00:18:27.435657
1387,Robinson and Sons,E-Commerce,Singapore,Outbound Sales,2023-04-06,9,2026-07-25 00:18:27.435981
1388,"Pacheco, Sherman and Guerrero",Healthcare,Singapore,Social Media,2025-06-21,11,2026-07-25 00:18:27.436503
1389,"Carter, Gilbert and West",Logistics,Australia,Outbound Sales,2024-12-04,3,2026-07-25 00:18:27.437076
1390,"Rich, Evans and Bauer",Retail,Germany,Partner,2023-11-16,5,2026-07-25 00:18:27.437694
1391,Sellers-Zuniga,Finance,India,Referral,2025-11-21,17,2026-07-25 00:18:27.438171
1392,Aguilar PLC,Consulting,Singapore,Partner,2024-06-18,5,2026-07-25 00:18:27.438479
1393,Abbott-Phelps,E-Commerce,India,Referral,2025-03-03,16,2026-07-25 00:18:27.438825
1394,Santana-Faulkner,E-Commerce,Australia,Organic,2023-04-07,18,2026-07-25 00:18:27.439226
1395,"Castro, Irwin and Rodriguez",Consulting,United Kingdom,Organic,2023-01-02,3,2026-07-25 00:18:27.439832
1396,Young Ltd,Logistics,Singapore,Referral,2024-03-14,20,2026-07-25 00:18:27.440518
1397,Garrett-Joseph,Consulting,United Kingdom,Organic,2025-07-05,14,2026-07-25 00:18:27.440970
1398,Graham-Clark,Consulting,Germany,Paid Ads,2024-09-22,2,2026-07-25 00:18:27.441375
1399,Taylor-Peters,Consulting,Germany,Referral,2023-09-27,16,2026-07-25 00:18:27.441835
1400,Moore-Bright,Marketing,Canada,Outbound Sales,2024-07-13,19,2026-07-25 00:18:27.442214
1401,Taylor Inc,Finance,Germany,Referral,2025-11-06,9,2026-07-25 00:18:27.442431
1402,Thomas Group,Logistics,United Kingdom,Referral,2025-10-04,3,2026-07-25 00:18:27.442599
1403,Proctor-Taylor,Education,Australia,Outbound Sales,2025-10-19,14,2026-07-25 00:18:27.442913
1404,"Shaffer, Dalton and English",Education,USA,Organic,2023-08-02,1,2026-07-25 00:18:27.443414
1405,"Conrad, Hanson and Gibson",E-Commerce,Australia,Organic,2025-12-16,17,2026-07-25 00:18:27.443932
1406,"Wilkins, Cruz and Perez",SaaS,Germany,Social Media,2024-10-20,7,2026-07-25 00:18:27.444438
1407,"Smith, Jimenez and Simon",Manufacturing,Germany,Paid Ads,2024-10-21,4,2026-07-25 00:18:27.444943
1408,Jenkins-Payne,Healthcare,Germany,Social Media,2025-02-18,19,2026-07-25 00:18:27.445269
1409,Good PLC,Education,Canada,Outbound Sales,2024-07-24,14,2026-07-25 00:18:27.445493
1410,"Richardson, Carpenter and Nixon",E-Commerce,Canada,Outbound Sales,2025-01-20,9,2026-07-25 00:18:27.446020
1411,Cross PLC,Marketing,United Kingdom,Referral,2023-05-05,14,2026-07-25 00:18:27.446262
1412,Black-Mills,Consulting,United Kingdom,Outbound Sales,2024-03-10,16,2026-07-25 00:18:27.446617
1413,Sanchez Ltd,Healthcare,Canada,Outbound Sales,2025-08-05,18,2026-07-25 00:18:27.446824
1414,"Miller, Schultz and Yates",Logistics,Canada,Paid Ads,2025-10-28,19,2026-07-25 00:18:27.447246
1415,"Brown, Cooper and Osborne",Manufacturing,United Kingdom,Social Media,2024-04-30,13,2026-07-25 00:18:27.447689
1416,Hunt-Harrison,Healthcare,United Kingdom,Social Media,2024-12-29,4,2026-07-25 00:18:27.448077
1417,Gomez-Levine,Retail,Germany,Social Media,2024-05-29,6,2026-07-25 00:18:27.448417
1418,Jackson-Neal,Finance,USA,Outbound Sales,2024-04-02,13,2026-07-25 00:18:27.448725
1419,"Torres, Glover and Green",Manufacturing,United Kingdom,Outbound Sales,2025-07-17,20,2026-07-25 00:18:27.449350
1420,Lane-Berry,SaaS,USA,Partner,2025-09-04,1,2026-07-25 00:18:27.449789
1421,Lamb-Weber,Finance,United Kingdom,Referral,2025-10-16,16,2026-07-25 00:18:27.450175
1422,Miller-Wagner,E-Commerce,Germany,Organic,2024-03-21,3,2026-07-25 00:18:27.450500
1423,Anderson-Campbell,Education,USA,Paid Ads,2024-03-07,3,2026-07-25 00:18:27.450848
1424,Figueroa PLC,E-Commerce,India,Social Media,2024-02-04,13,2026-07-25 00:18:27.451028
1425,"Stevenson, Hopkins and Wood",Marketing,Australia,Social Media,2023-09-29,17,2026-07-25 00:18:27.451467
1426,Patton-Young,Education,Singapore,Outbound Sales,2023-09-30,2,2026-07-25 00:18:27.451895
1427,"Atkins, Cooper and Miller",Healthcare,Singapore,Partner,2023-10-08,15,2026-07-25 00:18:27.452601
1428,"Peck, Moore and Crawford",SaaS,USA,Social Media,2023-08-14,17,2026-07-25 00:18:27.453244
1429,Young-Alexander,Education,USA,Organic,2024-10-03,20,2026-07-25 00:18:27.453674
1430,Clark Ltd,Consulting,Australia,Social Media,2025-09-17,8,2026-07-25 00:18:27.454050
1431,May Inc,E-Commerce,USA,Social Media,2024-06-20,2,2026-07-25 00:18:27.454373
1432,Marshall Group,Manufacturing,USA,Social Media,2023-03-23,1,2026-07-25 00:18:27.454662
1433,Reese-Goodwin,Healthcare,India,Paid Ads,2024-04-13,13,2026-07-25 00:18:27.455106
1434,James Ltd,Manufacturing,Singapore,Partner,2025-04-07,13,2026-07-25 00:18:27.455436
1435,Baker-Moreno,E-Commerce,USA,Outbound Sales,2024-08-28,1,2026-07-25 00:18:27.455862
1436,Roberts Group,Finance,India,Outbound Sales,2024-11-06,10,2026-07-25 00:18:27.456440
1437,"Stewart, Moreno and Blanchard",Consulting,Australia,Paid Ads,2024-08-16,12,2026-07-25 00:18:27.457124
1438,"Walsh, Blanchard and Reynolds",Education,USA,Outbound Sales,2023-06-01,7,2026-07-25 00:18:27.458281
1439,Rogers-Adams,Logistics,Germany,Outbound Sales,2025-10-09,1,2026-07-25 00:18:27.458823
1440,Pena-Myers,Education,USA,Partner,2023-06-02,17,2026-07-25 00:18:27.459342
1441,"Allen, Powers and Townsend",Finance,Australia,Organic,2025-11-15,17,2026-07-25 00:18:27.460002
1442,Byrd-Kaiser,Education,Canada,Organic,2025-03-18,17,2026-07-25 00:18:27.460456
1443,"Smith, Smith and Jones",Education,Australia,Outbound Sales,2024-05-01,9,2026-07-25 00:18:27.461155
1444,Fox Ltd,Logistics,Germany,Outbound Sales,2024-09-30,16,2026-07-25 00:18:27.461443
1445,Robinson-Campbell,Retail,United Kingdom,Paid Ads,2024-11-23,15,2026-07-25 00:18:27.461894
1446,Johnson Inc,Logistics,Australia,Organic,2023-10-27,16,2026-07-25 00:18:27.462215
1447,"Douglas, Houston and Sampson",Finance,Canada,Organic,2023-03-30,13,2026-07-25 00:18:27.462842
1448,Erickson Inc,Retail,Singapore,Social Media,2025-09-18,8,2026-07-25 00:18:27.463154
1449,"Anderson, Douglas and Yoder",Manufacturing,Germany,Paid Ads,2023-05-15,17,2026-07-25 00:18:27.463788
1450,Kemp Ltd,Consulting,India,Social Media,2025-05-29,9,2026-07-25 00:18:27.464090
1451,Phillips-Guerrero,Retail,Canada,Organic,2023-10-14,13,2026-07-25 00:18:27.464541
1452,"Chavez, Carney and Hammond",Manufacturing,India,Outbound Sales,2023-04-28,6,2026-07-25 00:18:27.465123
1453,"Carrillo, Morris and Martin",Logistics,Canada,Paid Ads,2025-12-11,7,2026-07-25 00:18:27.465575
1454,Waters-Reyes,E-Commerce,Canada,Referral,2023-04-25,7,2026-07-25 00:18:27.465860
1455,Scott LLC,Logistics,Singapore,Referral,2024-05-31,8,2026-07-25 00:18:27.466077
1456,Jones-Krause,Retail,United Kingdom,Paid Ads,2023-10-04,7,2026-07-25 00:18:27.466439
1457,"Long, Brewer and Rodriguez",Retail,USA,Referral,2023-11-08,20,2026-07-25 00:18:27.466849
1458,Robinson-Schneider,Manufacturing,USA,Organic,2025-04-19,4,2026-07-25 00:18:27.467198
1459,"Green, Johnson and Jones",Finance,Singapore,Social Media,2024-11-16,16,2026-07-25 00:18:27.467731
1460,Smith-Jimenez,E-Commerce,India,Outbound Sales,2024-01-25,2,2026-07-25 00:18:27.468130
1461,"Smith, Johnson and Myers",Logistics,Canada,Outbound Sales,2025-10-11,11,2026-07-25 00:18:27.468649
1462,"Rivera, Myers and Smith",Logistics,Australia,Paid Ads,2023-08-24,16,2026-07-25 00:18:27.469247
1463,Graham-Anthony,Healthcare,United Kingdom,Outbound Sales,2025-02-01,9,2026-07-25 00:18:27.469634
1464,"Perez, Cruz and Norris",Marketing,USA,Outbound Sales,2023-04-19,5,2026-07-25 00:18:27.470178
1465,Bradley LLC,SaaS,Australia,Partner,2025-01-18,16,2026-07-25 00:18:27.470410
1466,"Turner, Brown and Shea",Consulting,India,Outbound Sales,2024-06-01,12,2026-07-25 00:18:27.470915
1467,Diaz LLC,Marketing,United Kingdom,Social Media,2025-10-02,6,2026-07-25 00:18:27.471174
1468,Hodges-Roberts,Logistics,India,Social Media,2023-05-05,17,2026-07-25 00:18:27.471530
1469,Spencer Group,Logistics,Canada,Social Media,2023-11-12,1,2026-07-25 00:18:27.471754
1470,Evans Group,SaaS,Singapore,Referral,2025-10-23,13,2026-07-25 00:18:27.472097
1471,"Barker, Tucker and Mcclure",E-Commerce,India,Paid Ads,2023-06-15,12,2026-07-25 00:18:27.472673
1472,"Lopez, Johnson and Johnson",E-Commerce,United Kingdom,Paid Ads,2024-11-11,6,2026-07-25 00:18:27.473331
1473,Burns Inc,Consulting,Canada,Referral,2025-07-10,9,2026-07-25 00:18:27.473599
1474,"Parker, Ferguson and Flowers",Logistics,Australia,Paid Ads,2025-04-19,12,2026-07-25 00:18:27.474161
1475,Johnson Inc,Healthcare,Germany,Partner,2024-11-28,7,2026-07-25 00:18:27.474387
1476,"Williams, Wilson and Roman",Marketing,Singapore,Paid Ads,2024-06-08,12,2026-07-25 00:18:27.474911
1477,"Ellis, Gregory and Sawyer",Marketing,Canada,Partner,2025-11-02,6,2026-07-25 00:18:27.475513
1478,"Riley, Buckley and Johnson",E-Commerce,USA,Outbound Sales,2023-08-20,8,2026-07-25 00:18:27.476135
1479,Valdez-Ruiz,Finance,Singapore,Paid Ads,2023-08-08,8,2026-07-25 00:18:27.476599
1480,Sanchez Ltd,Consulting,Germany,Partner,2025-08-18,7,2026-07-25 00:18:27.476862
1481,Jackson Inc,Healthcare,United Kingdom,Social Media,2023-07-22,5,2026-07-25 00:18:27.477120
1482,Bryant and Sons,Logistics,United Kingdom,Organic,2024-04-22,6,2026-07-25 00:18:27.477395
1483,Meyers Inc,Marketing,Germany,Referral,2025-07-07,17,2026-07-25 00:18:27.477632
1484,Larson-Gilbert,Consulting,Singapore,Paid Ads,2023-06-27,16,2026-07-25 00:18:27.478057
1485,Simmons Ltd,Education,Canada,Outbound Sales,2023-04-09,19,2026-07-25 00:18:27.478371
1486,Nguyen-Daugherty,SaaS,Germany,Organic,2025-11-19,6,2026-07-25 00:18:27.479820
1487,"Taylor, Copeland and Mcguire",SaaS,USA,Paid Ads,2025-06-13,16,2026-07-25 00:18:27.480417
1488,"Thompson, Brown and Hill",Finance,Germany,Social Media,2023-03-12,11,2026-07-25 00:18:27.480988
1489,Horton PLC,Education,Canada,Paid Ads,2024-10-06,18,2026-07-25 00:18:27.481234
1490,Sanchez-Perkins,Consulting,United Kingdom,Paid Ads,2023-09-14,12,2026-07-25 00:18:27.481601
1491,Moody Ltd,SaaS,Germany,Organic,2023-07-27,12,2026-07-25 00:18:27.481825
1492,Strickland-Smith,E-Commerce,USA,Outbound Sales,2025-08-09,19,2026-07-25 00:18:27.482219
1493,Smith and Sons,Consulting,USA,Paid Ads,2025-01-26,12,2026-07-25 00:18:27.482447
1494,"Pearson, Eaton and Butler",Manufacturing,Singapore,Outbound Sales,2023-05-19,16,2026-07-25 00:18:27.482993
1495,"Martinez, Thomas and Nelson",Logistics,India,Partner,2025-01-09,20,2026-07-25 00:18:27.483627
1496,Allen-Thompson,Education,Germany,Social Media,2024-11-30,5,2026-07-25 00:18:27.484071
1497,Carlson Ltd,Healthcare,Singapore,Paid Ads,2025-12-10,14,2026-07-25 00:18:27.484269
1498,"Clements, Burton and Patton",E-Commerce,Australia,Partner,2025-02-15,3,2026-07-25 00:18:27.484651
1499,Smith-Young,Finance,USA,Paid Ads,2024-06-24,8,2026-07-25 00:18:27.484940
1500,"Davila, Montgomery and Huffman",Manufacturing,Canada,Social Media,2023-07-02,10,2026-07-25 00:18:27.485332
1501,"Robinson, Townsend and Hopkins",Education,Australia,Social Media,2025-04-18,13,2026-07-25 00:18:27.485732
1502,Lee and Sons,Education,Germany,Paid Ads,2024-03-05,19,2026-07-25 00:18:27.485937
1503,Jimenez-Moore,Consulting,Germany,Partner,2025-11-30,6,2026-07-25 00:18:27.486279
1504,Newman LLC,Healthcare,United Kingdom,Organic,2023-03-08,5,2026-07-25 00:18:27.486474
1505,King-Jensen,Retail,Singapore,Paid Ads,2023-11-22,3,2026-07-25 00:18:27.486816
1506,Garcia Inc,Retail,USA,Partner,2024-12-04,4,2026-07-25 00:18:27.487038
1507,Moore Inc,Finance,India,Partner,2025-04-14,18,2026-07-25 00:18:27.487238
1508,"Wilson, Jacobson and Griffith",SaaS,India,Partner,2025-01-23,17,2026-07-25 00:18:27.487712
1509,"Nguyen, Gonzalez and Rhodes",Finance,India,Paid Ads,2025-07-09,20,2026-07-25 00:18:27.488486
1510,Maxwell LLC,Healthcare,India,Social Media,2024-05-20,13,2026-07-25 00:18:27.488766
1511,Young Group,Education,USA,Referral,2023-12-20,10,2026-07-25 00:18:27.489007
1512,Vance-Jones,Logistics,Singapore,Referral,2023-11-07,5,2026-07-25 00:18:27.489709
1513,Brown-Graham,Consulting,United Kingdom,Referral,2025-06-27,1,2026-07-25 00:18:27.490434
1514,"Gibson, Hughes and Taylor",SaaS,Singapore,Paid Ads,2023-12-02,11,2026-07-25 00:18:27.491022
1515,"Howard, Nelson and Rogers",Logistics,Germany,Outbound Sales,2023-10-29,9,2026-07-25 00:18:27.491538
1516,"Carroll, Ramirez and Rodriguez",Consulting,Germany,Referral,2023-02-19,18,2026-07-25 00:18:27.492029
1517,Barnes-Wolf,Healthcare,Australia,Outbound Sales,2024-12-24,15,2026-07-25 00:18:27.492304
1518,Munoz-Clarke,E-Commerce,Germany,Outbound Sales,2023-12-08,18,2026-07-25 00:18:27.492569
1519,"Whitehead, Lane and Tran",Education,Canada,Partner,2025-09-18,18,2026-07-25 00:18:27.492945
1520,Jenkins PLC,Retail,United Kingdom,Organic,2023-12-23,15,2026-07-25 00:18:27.493105
1521,Vargas Group,Education,Canada,Partner,2025-01-29,9,2026-07-25 00:18:27.493262
1522,Blair Ltd,Healthcare,Canada,Organic,2024-03-09,1,2026-07-25 00:18:27.493455
1523,Murphy PLC,Consulting,United Kingdom,Referral,2024-01-19,12,2026-07-25 00:18:27.493655
1524,"Shah, Mcintyre and Villanueva",Education,Germany,Outbound Sales,2023-12-12,1,2026-07-25 00:18:27.494073
1525,Williams Group,Logistics,United Kingdom,Partner,2024-10-10,10,2026-07-25 00:18:27.494238
1526,Simmons Group,SaaS,United Kingdom,Partner,2025-02-22,10,2026-07-25 00:18:27.494395
1527,"Nicholson, Chavez and Allen",E-Commerce,USA,Organic,2025-01-14,18,2026-07-25 00:18:27.494763
1528,Steele Group,Manufacturing,USA,Partner,2025-05-17,18,2026-07-25 00:18:27.494919
1529,Howard and Sons,Marketing,Germany,Referral,2023-12-05,6,2026-07-25 00:18:27.495074
1530,Smith Ltd,Marketing,United Kingdom,Partner,2025-10-03,8,2026-07-25 00:18:27.495229
1531,Warner PLC,Education,India,Partner,2024-04-18,8,2026-07-25 00:18:27.495387
1532,Bray Group,Consulting,United Kingdom,Outbound Sales,2025-06-25,9,2026-07-25 00:18:27.495541
1533,"Sullivan, Clarke and Wood",Education,Singapore,Social Media,2023-08-04,18,2026-07-25 00:18:27.495934
1534,"Schultz, Dalton and Jones",Education,Germany,Referral,2024-12-22,3,2026-07-25 00:18:27.496311
1535,Schmidt-Phillips,Healthcare,USA,Paid Ads,2025-12-09,4,2026-07-25 00:18:27.496572
1536,"Shah, Daniels and Norton",Logistics,Australia,Partner,2024-02-24,9,2026-07-25 00:18:27.496939
1537,Oliver LLC,E-Commerce,Germany,Referral,2025-11-29,11,2026-07-25 00:18:27.497096
1538,"Dougherty, Leonard and Barron",SaaS,USA,Organic,2023-03-27,18,2026-07-25 00:18:27.497464
1539,Diaz-Harvey,SaaS,USA,Organic,2023-06-22,10,2026-07-25 00:18:27.497722
1540,Thompson-Hansen,Education,USA,Social Media,2024-07-21,15,2026-07-25 00:18:27.498008
1541,"Fletcher, Harris and Zavala",SaaS,USA,Organic,2023-04-15,5,2026-07-25 00:18:27.498407
1542,"Wilson, Mendoza and Crosby",SaaS,Germany,Referral,2024-01-06,11,2026-07-25 00:18:27.498781
1543,"Clark, Mcgee and Perez",Marketing,Canada,Partner,2025-06-20,12,2026-07-25 00:18:27.499296
1544,Gordon-Henderson,Logistics,Singapore,Organic,2024-07-01,11,2026-07-25 00:18:27.499653
1545,Watson Group,Finance,United Kingdom,Referral,2023-03-26,2,2026-07-25 00:18:27.499838
1546,"Rose, Martinez and Mckinney",Education,United Kingdom,Partner,2025-01-25,3,2026-07-25 00:18:27.500243
1547,"Lam, Hayes and Richardson",Consulting,Germany,Referral,2025-11-19,7,2026-07-25 00:18:27.500618
1548,"Lamb, Everett and Jones",Education,United Kingdom,Partner,2025-11-11,1,2026-07-25 00:18:27.500996
1549,Miller and Sons,Finance,United Kingdom,Social Media,2024-12-12,8,2026-07-25 00:18:27.501157
1550,Rodriguez LLC,Marketing,United Kingdom,Partner,2024-03-23,8,2026-07-25 00:18:27.501316
1551,"Hernandez, Hernandez and Harris",SaaS,USA,Partner,2023-06-24,4,2026-07-25 00:18:27.501688
1552,Carter Ltd,Consulting,Singapore,Referral,2025-09-01,16,2026-07-25 00:18:27.501846
1553,Wells Group,Marketing,Singapore,Paid Ads,2025-04-21,11,2026-07-25 00:18:27.502045
1554,"Newman, Carter and Brown",Healthcare,Singapore,Social Media,2024-11-20,2,2026-07-25 00:18:27.502415
1555,"Newman, Jenkins and Cooper",Consulting,Australia,Organic,2023-12-27,9,2026-07-25 00:18:27.502788
1556,Tucker-Wade,Logistics,Singapore,Paid Ads,2025-09-30,7,2026-07-25 00:18:27.503096
1557,"Wallace, Torres and Anderson",Manufacturing,India,Social Media,2025-04-03,7,2026-07-25 00:18:27.503471
1558,Mccormick and Sons,Finance,USA,Social Media,2024-04-21,14,2026-07-25 00:18:27.503627
1559,Arellano-Carrillo,Manufacturing,India,Referral,2025-01-22,9,2026-07-25 00:18:27.503904
1560,Gomez Group,E-Commerce,India,Partner,2023-03-15,8,2026-07-25 00:18:27.504646
1561,"Glass, Joseph and Mitchell",SaaS,India,Outbound Sales,2023-09-16,16,2026-07-25 00:18:27.505464
1562,"Schwartz, Estrada and Hernandez",E-Commerce,USA,Paid Ads,2023-09-30,3,2026-07-25 00:18:27.506116
1563,Williams LLC,Retail,USA,Partner,2024-01-05,3,2026-07-25 00:18:27.506364
1564,Alexander LLC,E-Commerce,Canada,Social Media,2025-06-11,2,2026-07-25 00:18:27.506599
1565,Hart Inc,SaaS,Canada,Social Media,2023-10-14,5,2026-07-25 00:18:27.506886
1566,Spence-Hernandez,Consulting,United Kingdom,Organic,2025-10-30,5,2026-07-25 00:18:27.507309
1567,"Cantrell, Ferguson and Martinez",Logistics,USA,Paid Ads,2024-11-27,18,2026-07-25 00:18:27.507858
1568,Velazquez-Mack,Manufacturing,United Kingdom,Partner,2023-02-08,7,2026-07-25 00:18:27.508362
1569,Moore-Cordova,SaaS,Singapore,Partner,2024-12-12,12,2026-07-25 00:18:27.508742
1570,"Rivera, Thornton and Wells",Healthcare,Canada,Organic,2025-04-28,16,2026-07-25 00:18:27.509343
1571,"Estrada, Marsh and Chandler",Logistics,Australia,Paid Ads,2024-03-26,18,2026-07-25 00:18:27.509951
1572,Norris-Dennis,Logistics,USA,Outbound Sales,2024-11-17,6,2026-07-25 00:18:27.510348
1573,Gregory Inc,Consulting,Canada,Paid Ads,2023-03-04,15,2026-07-25 00:18:27.510535
1574,Morales and Sons,Education,United Kingdom,Outbound Sales,2024-04-23,18,2026-07-25 00:18:27.510749
1575,Davis-Brown,Healthcare,India,Outbound Sales,2024-11-23,5,2026-07-25 00:18:27.511083
1576,Silva and Sons,Logistics,Canada,Paid Ads,2025-09-23,18,2026-07-25 00:18:27.511261
1577,Johnson PLC,Manufacturing,Germany,Organic,2024-03-07,17,2026-07-25 00:18:27.511472
1578,"Powers, Miller and Hunt",Marketing,Singapore,Referral,2024-11-22,1,2026-07-25 00:18:27.512073
1579,Stewart-Jacobs,E-Commerce,United Kingdom,Paid Ads,2023-10-30,20,2026-07-25 00:18:27.512440
1580,"Ward, Hernandez and Nash",Retail,Canada,Social Media,2023-03-29,3,2026-07-25 00:18:27.512968
1581,Watson-Mitchell,Consulting,United Kingdom,Partner,2024-07-28,7,2026-07-25 00:18:27.513313
1582,Madden-Sawyer,Consulting,Singapore,Partner,2024-06-29,18,2026-07-25 00:18:27.513649
1583,Luna Group,Healthcare,Australia,Paid Ads,2023-05-17,11,2026-07-25 00:18:27.513849
1584,Roberts-Shaffer,Marketing,Singapore,Paid Ads,2024-10-07,4,2026-07-25 00:18:27.514232
1585,"Mosley, Taylor and Matthews",Finance,Australia,Social Media,2024-10-20,3,2026-07-25 00:18:27.514710
1586,Clark Group,SaaS,United Kingdom,Referral,2023-05-14,6,2026-07-25 00:18:27.514970
1587,Jones-Choi,SaaS,USA,Organic,2025-03-27,16,2026-07-25 00:18:27.515294
1588,Smith Ltd,Retail,India,Organic,2024-08-06,19,2026-07-25 00:18:27.515488
1589,Thompson-Murray,Marketing,Singapore,Partner,2024-02-29,17,2026-07-25 00:18:27.516117
1590,Gonzalez Group,E-Commerce,Singapore,Outbound Sales,2025-06-01,9,2026-07-25 00:18:27.516445
1591,"Henry, Carson and Turner",SaaS,Canada,Referral,2024-03-25,20,2026-07-25 00:18:27.516838
1592,Snyder-Singh,Finance,India,Referral,2025-06-28,16,2026-07-25 00:18:27.517106
1593,Moody and Sons,Finance,Germany,Social Media,2023-12-15,2,2026-07-25 00:18:27.517267
1594,Blanchard-Flowers,Manufacturing,Australia,Social Media,2024-02-13,14,2026-07-25 00:18:27.517530
1595,Valdez LLC,Manufacturing,United Kingdom,Social Media,2025-01-04,2,2026-07-25 00:18:27.517689
1596,Vasquez Ltd,E-Commerce,Canada,Outbound Sales,2024-10-10,2,2026-07-25 00:18:27.517910
1597,Johnson LLC,Finance,United Kingdom,Paid Ads,2025-09-28,3,2026-07-25 00:18:27.518304
1598,George LLC,Retail,Australia,Organic,2025-02-04,4,2026-07-25 00:18:27.518654
1599,Cunningham-Oneill,Retail,Australia,Partner,2025-06-21,7,2026-07-25 00:18:27.519024
1600,"Alvarez, Benson and Wilson",Retail,Australia,Social Media,2025-09-02,8,2026-07-25 00:18:27.519634
1601,"Johnston, Bruce and Martin",E-Commerce,Singapore,Referral,2025-03-07,18,2026-07-25 00:18:27.520418
1602,Flores Ltd,Consulting,Germany,Social Media,2023-04-01,4,2026-07-25 00:18:27.520644
1603,Martin-Nelson,E-Commerce,Canada,Social Media,2023-07-30,15,2026-07-25 00:18:27.520917
1604,"Barr, Kelly and Roberts",Marketing,India,Referral,2024-10-13,6,2026-07-25 00:18:27.521305
1605,"Mayer, Palmer and Miranda",Consulting,Germany,Outbound Sales,2025-04-02,11,2026-07-25 00:18:27.521680
1606,George and Sons,Healthcare,Australia,Outbound Sales,2023-10-12,15,2026-07-25 00:18:27.521906
1607,Brennan-Serrano,Manufacturing,Canada,Outbound Sales,2025-04-24,11,2026-07-25 00:18:27.522250
1608,Nelson-Wolfe,Manufacturing,Germany,Social Media,2025-11-30,14,2026-07-25 00:18:27.522574
1609,Ferguson LLC,Manufacturing,Australia,Referral,2024-07-17,19,2026-07-25 00:18:27.522766
1610,Taylor LLC,Consulting,USA,Partner,2023-08-12,18,2026-07-25 00:18:27.522959
1611,Jenkins-Mccall,Education,Canada,Partner,2024-08-02,15,2026-07-25 00:18:27.523281
1612,Robinson PLC,Marketing,India,Social Media,2023-09-11,2,2026-07-25 00:18:27.523472
1613,Pope PLC,Education,Australia,Organic,2023-12-10,17,2026-07-25 00:18:27.523661
1614,"Guerra, Fox and Patel",Healthcare,Canada,Organic,2025-08-10,10,2026-07-25 00:18:27.524142
1615,"Avila, Wilson and Stevens",Retail,USA,Paid Ads,2025-05-06,1,2026-07-25 00:18:27.524625
1616,Fuentes Inc,Education,Australia,Outbound Sales,2023-04-29,18,2026-07-25 00:18:27.524822
1617,Collins-Cox,E-Commerce,Australia,Referral,2025-01-14,4,2026-07-25 00:18:27.525142
1618,"Mills, Cordova and Jackson",SaaS,Germany,Paid Ads,2024-11-17,5,2026-07-25 00:18:27.525593
1619,Garner Inc,Healthcare,Canada,Paid Ads,2024-04-18,19,2026-07-25 00:18:27.525786
1620,Vincent and Sons,Retail,USA,Paid Ads,2023-12-12,10,2026-07-25 00:18:27.526005
1621,Parker and Sons,Finance,Australia,Partner,2025-12-04,19,2026-07-25 00:18:27.526197
1622,Coleman Inc,Retail,Singapore,Organic,2023-07-22,11,2026-07-25 00:18:27.526388
1623,Hampton Group,Logistics,USA,Partner,2023-05-01,19,2026-07-25 00:18:27.526577
1624,Rodriguez Ltd,Finance,Australia,Social Media,2023-03-08,10,2026-07-25 00:18:27.526769
1625,"Brown, Wilson and King",SaaS,Singapore,Outbound Sales,2025-03-08,13,2026-07-25 00:18:27.527221
1626,Contreras-Webster,Finance,United Kingdom,Organic,2023-04-13,11,2026-07-25 00:18:27.527557
1627,"Harris, Santana and Lopez",Manufacturing,United Kingdom,Partner,2023-07-12,14,2026-07-25 00:18:27.528040
1628,Davis Ltd,Finance,United Kingdom,Referral,2024-06-30,20,2026-07-25 00:18:27.528240
1629,"Bailey, Martin and Mason",SaaS,Singapore,Social Media,2024-03-06,13,2026-07-25 00:18:27.528701
1630,Wagner Inc,SaaS,Canada,Outbound Sales,2025-08-10,2,2026-07-25 00:18:27.528892
1631,"Hines, Rice and Baldwin",Manufacturing,Australia,Outbound Sales,2023-06-03,5,2026-07-25 00:18:27.529338
1632,Winters PLC,Manufacturing,Australia,Social Media,2024-03-13,8,2026-07-25 00:18:27.529529
1633,"Garcia, Lewis and Gordon",Healthcare,India,Social Media,2023-01-07,13,2026-07-25 00:18:27.530001
1634,Wolfe-Lopez,Logistics,United Kingdom,Outbound Sales,2025-01-07,19,2026-07-25 00:18:27.530343
1635,White LLC,Consulting,India,Referral,2025-11-12,14,2026-07-25 00:18:27.530558
1636,Lewis-Perez,Education,United Kingdom,Partner,2024-08-12,5,2026-07-25 00:18:27.530857
1637,Martinez-Rodriguez,Healthcare,Canada,Organic,2023-06-25,16,2026-07-25 00:18:27.531135
1638,Farmer-Bush,E-Commerce,Singapore,Organic,2023-07-31,18,2026-07-25 00:18:27.531400
1639,"Williams, Murphy and Wilson",Marketing,Canada,Organic,2025-05-15,13,2026-07-25 00:18:27.531771
1640,Burke-Collins,Consulting,Germany,Social Media,2024-03-16,5,2026-07-25 00:18:27.532070
1641,Spencer LLC,Healthcare,Germany,Outbound Sales,2024-11-20,7,2026-07-25 00:18:27.532238
1642,Gates Group,Logistics,Germany,Social Media,2024-10-26,19,2026-07-25 00:18:27.532395
1643,White-Lutz,Retail,Australia,Outbound Sales,2025-11-20,17,2026-07-25 00:18:27.532980
1644,"Garcia, Kim and Barrett",Retail,USA,Organic,2025-02-02,9,2026-07-25 00:18:27.533728
1645,Thomas Group,Marketing,Canada,Social Media,2023-05-13,19,2026-07-25 00:18:27.533932
1646,"Madden, Figueroa and Stafford",Finance,India,Social Media,2025-12-15,14,2026-07-25 00:18:27.534326
1647,Cox and Sons,Marketing,Canada,Paid Ads,2023-09-20,7,2026-07-25 00:18:27.534490
1648,Larson Group,Manufacturing,Canada,Outbound Sales,2024-06-10,1,2026-07-25 00:18:27.534647
1649,Massey Ltd,Education,USA,Paid Ads,2023-07-10,20,2026-07-25 00:18:27.534804
1650,Hubbard-Miranda,Logistics,Australia,Referral,2025-02-14,15,2026-07-25 00:18:27.535075
1651,Avila-Owen,SaaS,United Kingdom,Referral,2025-07-11,7,2026-07-25 00:18:27.535392
1652,Alvarez-Morrison,Manufacturing,USA,Social Media,2024-09-13,3,2026-07-25 00:18:27.535661
1653,Dixon-Hernandez,Finance,Singapore,Organic,2024-09-20,8,2026-07-25 00:18:27.535955
1654,Martinez Group,E-Commerce,USA,Paid Ads,2024-12-07,1,2026-07-25 00:18:27.536317
1655,Fuller and Sons,Manufacturing,Singapore,Organic,2025-02-11,10,2026-07-25 00:18:27.536548
1656,Rojas Inc,Logistics,Germany,Organic,2023-02-16,11,2026-07-25 00:18:27.536775
1657,"Johnson, White and Jacobs",Retail,Singapore,Outbound Sales,2025-02-12,7,2026-07-25 00:18:27.537333
1658,Turner PLC,Retail,Australia,Outbound Sales,2024-05-22,9,2026-07-25 00:18:27.537598
1659,Guerrero PLC,Consulting,Germany,Outbound Sales,2023-05-30,5,2026-07-25 00:18:27.537799
1660,Harris-Bates,SaaS,Germany,Outbound Sales,2025-02-03,17,2026-07-25 00:18:27.538112
1661,"Green, Cooper and Heath",SaaS,Canada,Referral,2025-01-31,2,2026-07-25 00:18:27.538502
1662,Cisneros Inc,Education,USA,Social Media,2025-04-29,20,2026-07-25 00:18:27.538666
1663,Reyes LLC,Education,India,Partner,2024-10-30,1,2026-07-25 00:18:27.538828
1664,Stevens-Johnson,Finance,Germany,Social Media,2024-08-07,9,2026-07-25 00:18:27.539118
1665,"Dalton, Turner and Mccarthy",Manufacturing,United Kingdom,Organic,2025-05-14,1,2026-07-25 00:18:27.539560
1666,Taylor-Baldwin,Education,United Kingdom,Social Media,2025-02-02,13,2026-07-25 00:18:27.539953
1667,Carroll Group,Retail,Germany,Outbound Sales,2025-01-27,4,2026-07-25 00:18:27.540191
1668,"Jennings, Armstrong and Alvarez",Manufacturing,Germany,Outbound Sales,2025-10-22,18,2026-07-25 00:18:27.540674
1669,"Brown, Baker and Garza",Finance,USA,Referral,2023-08-31,17,2026-07-25 00:18:27.541191
1670,"Rhodes, Miranda and Mitchell",Logistics,Australia,Social Media,2024-08-09,1,2026-07-25 00:18:27.541624
1671,Garza and Sons,SaaS,USA,Outbound Sales,2023-04-06,10,2026-07-25 00:18:27.541790
1672,Pacheco-Silva,Manufacturing,Germany,Partner,2024-07-23,6,2026-07-25 00:18:27.542080
1673,James-Patterson,SaaS,Canada,Social Media,2025-08-29,12,2026-07-25 00:18:27.542352
1674,Bell-Stanley,Manufacturing,Singapore,Paid Ads,2024-07-09,8,2026-07-25 00:18:27.542616
1675,Wong PLC,Consulting,Canada,Organic,2024-01-20,9,2026-07-25 00:18:27.542774
1676,"Jones, Torres and Morgan",Marketing,United Kingdom,Organic,2023-05-12,18,2026-07-25 00:18:27.543182
1677,"Nguyen, Murray and Boyer",Education,USA,Referral,2023-01-31,11,2026-07-25 00:18:27.543558
1678,"Valenzuela, Adams and Dominguez",Marketing,Singapore,Referral,2025-06-01,3,2026-07-25 00:18:27.543972
1679,Odom Group,Marketing,Australia,Social Media,2025-07-02,20,2026-07-25 00:18:27.544138
1680,Morris-Davis,Retail,Germany,Referral,2025-06-05,19,2026-07-25 00:18:27.544398
1681,Vazquez and Sons,Healthcare,Germany,Paid Ads,2025-01-28,20,2026-07-25 00:18:27.544554
1682,Shaw-Hubbard,Manufacturing,Germany,Outbound Sales,2024-06-05,5,2026-07-25 00:18:27.544816
1683,Mendez LLC,Retail,Singapore,Referral,2024-06-11,19,2026-07-25 00:18:27.544991
1684,Crawford Inc,Consulting,Singapore,Referral,2024-11-08,5,2026-07-25 00:18:27.545154
1685,Mitchell Inc,Education,Singapore,Social Media,2025-04-12,17,2026-07-25 00:18:27.545310
1686,"Morales, Perez and Newton",Healthcare,Germany,Referral,2024-04-06,19,2026-07-25 00:18:27.545679
1687,"Richard, Davis and Rogers",Healthcare,Canada,Organic,2023-05-23,18,2026-07-25 00:18:27.546132
1688,"Solis, Alvarez and Clark",Consulting,Singapore,Organic,2023-04-15,6,2026-07-25 00:18:27.546519
1689,"Colon, Wagner and Evans",Manufacturing,United Kingdom,Referral,2023-04-30,1,2026-07-25 00:18:27.546892
1690,"Edwards, Perry and King",Manufacturing,Germany,Partner,2025-10-27,10,2026-07-25 00:18:27.547288
1691,Powers-Kelley,Logistics,Singapore,Social Media,2025-03-11,9,2026-07-25 00:18:27.547556
1692,"Warner, Huffman and Ray",Healthcare,United Kingdom,Referral,2023-01-29,4,2026-07-25 00:18:27.547957
1693,"Hayden, Harmon and Mcdonald",Healthcare,USA,Organic,2023-11-27,20,2026-07-25 00:18:27.548341
1694,"Lamb, Farrell and Meadows",E-Commerce,Canada,Outbound Sales,2025-09-17,19,2026-07-25 00:18:27.548710
1695,"Sims, Boyd and Diaz",E-Commerce,USA,Outbound Sales,2025-05-29,8,2026-07-25 00:18:27.549110
1696,Hernandez Ltd,Retail,Singapore,Organic,2023-08-18,12,2026-07-25 00:18:27.549368
1697,Jenkins-Dalton,Finance,Singapore,Partner,2024-04-11,5,2026-07-25 00:18:27.549807
1698,"Harris, Gutierrez and Colon",Consulting,United Kingdom,Outbound Sales,2023-04-11,16,2026-07-25 00:18:27.550451
1699,Scott PLC,Manufacturing,USA,Partner,2025-09-30,16,2026-07-25 00:18:27.550727
1700,Allen-Hernandez,Logistics,USA,Referral,2024-01-02,7,2026-07-25 00:18:27.551126
1701,Robles LLC,Retail,India,Partner,2023-02-13,1,2026-07-25 00:18:27.551372
1702,Castro-Graham,Education,Germany,Referral,2024-12-22,7,2026-07-25 00:18:27.551779
1703,Harris LLC,Retail,India,Referral,2025-10-01,15,2026-07-25 00:18:27.552198
1704,Green LLC,E-Commerce,Germany,Social Media,2023-07-31,11,2026-07-25 00:18:27.552691
1705,"Thompson, Phelps and Stuart",Logistics,USA,Partner,2025-10-20,13,2026-07-25 00:18:27.553480
1706,Brown Inc,SaaS,Australia,Social Media,2025-01-24,13,2026-07-25 00:18:27.553689
1707,"Evans, Brown and Friedman",Manufacturing,Germany,Outbound Sales,2024-05-02,19,2026-07-25 00:18:27.554113
1708,"Sandoval, Davis and Hahn",E-Commerce,Australia,Outbound Sales,2024-07-18,2,2026-07-25 00:18:27.554508
1709,Rodriguez Ltd,Consulting,India,Partner,2023-08-07,15,2026-07-25 00:18:27.554668
1710,Boyd PLC,SaaS,USA,Outbound Sales,2025-02-16,18,2026-07-25 00:18:27.554826
1711,Crawford-Davis,Marketing,Singapore,Organic,2025-03-26,18,2026-07-25 00:18:27.555095
1712,Mejia LLC,Marketing,Australia,Social Media,2025-07-20,2,2026-07-25 00:18:27.555254
1713,"Mclaughlin, Shaffer and Manning",Retail,Canada,Partner,2024-05-26,13,2026-07-25 00:18:27.555625
1714,Thomas and Sons,Education,United Kingdom,Paid Ads,2024-10-18,15,2026-07-25 00:18:27.555781
1715,Gonzales-King,Healthcare,Germany,Paid Ads,2023-11-29,20,2026-07-25 00:18:27.556045
1716,Henry LLC,SaaS,Singapore,Outbound Sales,2025-07-04,5,2026-07-25 00:18:27.556251
1717,Stewart Group,Logistics,United Kingdom,Social Media,2025-12-22,15,2026-07-25 00:18:27.556408
1718,"Sanchez, Ramirez and Mueller",Finance,Singapore,Outbound Sales,2025-01-07,4,2026-07-25 00:18:27.556775
1719,Alvarez-Richardson,Healthcare,United Kingdom,Outbound Sales,2023-08-14,18,2026-07-25 00:18:27.557041
1720,Brewer PLC,Healthcare,Germany,Partner,2024-04-23,11,2026-07-25 00:18:27.557199
1721,"Bates, Everett and Vazquez",Logistics,India,Referral,2023-02-24,15,2026-07-25 00:18:27.557565
1722,King Group,E-Commerce,Singapore,Referral,2025-11-09,15,2026-07-25 00:18:27.557720
1723,"Mullen, Cox and Burnett",Finance,Canada,Paid Ads,2024-04-25,6,2026-07-25 00:18:27.558112
1724,"Camacho, Mathews and Price",Finance,India,Organic,2023-07-09,15,2026-07-25 00:18:27.558495
1725,Turner-Mayer,Manufacturing,India,Outbound Sales,2024-09-02,13,2026-07-25 00:18:27.558757
1726,Clark-Zamora,Consulting,Australia,Referral,2024-01-01,13,2026-07-25 00:18:27.559021
1727,"Stewart, Burnett and Newman",Consulting,Germany,Organic,2024-11-12,6,2026-07-25 00:18:27.559398
1728,Delacruz-Morrow,Manufacturing,Australia,Social Media,2023-02-22,5,2026-07-25 00:18:27.559657
1729,Mclaughlin-House,Healthcare,United Kingdom,Referral,2025-02-02,6,2026-07-25 00:18:27.559916
1730,"Henderson, Sellers and Garcia",SaaS,Germany,Paid Ads,2024-05-31,10,2026-07-25 00:18:27.560315
1731,"Green, Jones and Fisher",Logistics,Canada,Social Media,2023-09-07,6,2026-07-25 00:18:27.560690
1732,"Murphy, Neal and Gill",Finance,USA,Referral,2025-04-30,1,2026-07-25 00:18:27.561064
1733,"White, Ramos and Davidson",E-Commerce,United Kingdom,Paid Ads,2025-09-23,1,2026-07-25 00:18:27.561431
1734,Gonzalez-Torres,Logistics,Germany,Partner,2023-01-05,18,2026-07-25 00:18:27.561689
1735,Rodriguez and Sons,SaaS,Australia,Partner,2025-06-13,8,2026-07-25 00:18:27.561872
1736,"Booker, Rivas and Hines",Retail,Australia,Social Media,2025-03-13,16,2026-07-25 00:18:27.562262
1737,"Jenkins, Ayers and Hayes",Logistics,Germany,Partner,2025-07-11,3,2026-07-25 00:18:27.562637
1738,Thompson-Watkins,E-Commerce,Australia,Organic,2023-07-27,8,2026-07-25 00:18:27.562895
1739,Gonzalez-Perry,Consulting,Canada,Outbound Sales,2024-05-23,18,2026-07-25 00:18:27.563217
1740,Walter-Duffy,Retail,India,Referral,2023-10-10,5,2026-07-25 00:18:27.563484
1741,Smith Inc,SaaS,Singapore,Paid Ads,2025-06-05,2,2026-07-25 00:18:27.563639
1742,"Salazar, Perez and Davis",Healthcare,United Kingdom,Organic,2025-05-17,19,2026-07-25 00:18:27.564012
1743,Green and Sons,E-Commerce,Canada,Paid Ads,2024-12-19,3,2026-07-25 00:18:27.564190
1744,Williamson-Burke,SaaS,India,Partner,2023-03-19,6,2026-07-25 00:18:27.564453
1745,Rubio and Sons,Healthcare,Singapore,Paid Ads,2023-08-20,20,2026-07-25 00:18:27.564607
1746,Smith PLC,E-Commerce,Australia,Outbound Sales,2025-05-31,6,2026-07-25 00:18:27.564762
1747,Wilcox-Snyder,Logistics,Singapore,Outbound Sales,2024-11-06,12,2026-07-25 00:18:27.565022
1748,"Harris, Shah and Li",SaaS,India,Paid Ads,2023-12-15,11,2026-07-25 00:18:27.565390
1749,Francis-Reyes,Manufacturing,Germany,Organic,2024-02-18,14,2026-07-25 00:18:27.565647
1750,Greene LLC,Consulting,India,Paid Ads,2024-11-01,16,2026-07-25 00:18:27.565804
1751,Barnes Group,Healthcare,India,Social Media,2025-11-17,9,2026-07-25 00:18:27.565962
1752,Roberts LLC,Manufacturing,Australia,Partner,2023-08-15,17,2026-07-25 00:18:27.566134
1753,"Hayes, Wright and Aguilar",Retail,Singapore,Referral,2024-01-01,20,2026-07-25 00:18:27.566518
1754,Miller-Harrison,SaaS,India,Outbound Sales,2025-10-02,17,2026-07-25 00:18:27.566779
1755,"Sanders, Lewis and Reyes",Finance,Germany,Social Media,2024-05-17,20,2026-07-25 00:18:27.567183
1756,"Harper, Jones and Hawkins",Education,Germany,Outbound Sales,2024-10-19,11,2026-07-25 00:18:27.567555
1757,Galvan-Ruiz,Education,Australia,Outbound Sales,2023-03-22,20,2026-07-25 00:18:27.567816
1758,"Crosby, Coffey and George",Manufacturing,USA,Outbound Sales,2024-07-04,19,2026-07-25 00:18:27.568384
1759,King PLC,Logistics,Australia,Social Media,2023-03-12,16,2026-07-25 00:18:27.568611
1760,Madden-Lambert,Logistics,United Kingdom,Referral,2024-08-14,20,2026-07-25 00:18:27.568940
1761,"Williams, White and Jackson",Retail,Singapore,Paid Ads,2023-07-25,7,2026-07-25 00:18:27.569401
1762,Humphrey-Anderson,SaaS,India,Organic,2025-02-04,15,2026-07-25 00:18:27.569751
1763,"Moreno, Thomas and Wilson",Finance,Singapore,Referral,2024-05-07,20,2026-07-25 00:18:27.570226
1764,Porter LLC,Marketing,Germany,Organic,2023-03-10,11,2026-07-25 00:18:27.570422
1765,Campbell-Mcdowell,Manufacturing,Australia,Social Media,2024-07-14,7,2026-07-25 00:18:27.570743
1766,Black-Graham,SaaS,Singapore,Referral,2025-08-10,10,2026-07-25 00:18:27.571064
1767,Doyle-Henry,Education,United Kingdom,Organic,2023-09-14,10,2026-07-25 00:18:27.571388
1768,"Farrell, Sandoval and Yates",Education,Australia,Outbound Sales,2023-08-23,11,2026-07-25 00:18:27.571870
1769,Hernandez and Sons,SaaS,India,Social Media,2023-03-24,11,2026-07-25 00:18:27.572072
1770,Harrison and Sons,Manufacturing,Germany,Social Media,2023-10-12,19,2026-07-25 00:18:27.572265
1771,Wilson-Woodard,E-Commerce,India,Referral,2024-12-26,7,2026-07-25 00:18:27.572585
1772,Alexander Ltd,Manufacturing,United Kingdom,Paid Ads,2025-02-07,16,2026-07-25 00:18:27.572779
1773,Ellis-Rodriguez,Logistics,United Kingdom,Organic,2025-05-21,5,2026-07-25 00:18:27.573107
1774,Bailey and Sons,Logistics,USA,Social Media,2023-08-18,15,2026-07-25 00:18:27.573341
1775,Conley Ltd,Consulting,Canada,Partner,2024-03-17,14,2026-07-25 00:18:27.573540
1776,Elliott-Alvarado,SaaS,United Kingdom,Outbound Sales,2025-03-01,10,2026-07-25 00:18:27.573918
1777,"Bolton, Smith and Wang",E-Commerce,Singapore,Social Media,2023-11-26,11,2026-07-25 00:18:27.574405
1778,Knapp-Sanchez,Consulting,Australia,Organic,2023-10-08,7,2026-07-25 00:18:27.574761
1779,"Davis, Murphy and Mitchell",E-Commerce,Singapore,Paid Ads,2025-02-12,12,2026-07-25 00:18:27.575261
1780,Long PLC,Finance,USA,Paid Ads,2025-11-23,1,2026-07-25 00:18:27.575474
1781,Hernandez-Miller,Manufacturing,Germany,Social Media,2023-06-14,18,2026-07-25 00:18:27.575855
1782,Gibson-Moses,Healthcare,Australia,Outbound Sales,2025-10-21,13,2026-07-25 00:18:27.576256
1783,"Smith, Booker and Douglas",Healthcare,Australia,Organic,2025-07-12,10,2026-07-25 00:18:27.576810
1784,Meza-Cooke,Manufacturing,Singapore,Organic,2024-12-04,9,2026-07-25 00:18:27.577200
1785,Lewis Inc,Marketing,India,Partner,2025-06-03,8,2026-07-25 00:18:27.577432
1786,Morris-Brown,Manufacturing,Germany,Paid Ads,2025-09-26,7,2026-07-25 00:18:27.577787
1787,"Crane, James and Ross",Consulting,Canada,Referral,2023-04-20,4,2026-07-25 00:18:27.578250
1788,Hanna Group,Manufacturing,United Kingdom,Organic,2023-10-04,7,2026-07-25 00:18:27.578440
1789,Phelps and Sons,Finance,Germany,Outbound Sales,2023-05-19,1,2026-07-25 00:18:27.578620
1790,Mitchell-Goodwin,Logistics,Australia,Referral,2024-08-26,7,2026-07-25 00:18:27.578986
1791,Martinez Group,Manufacturing,Germany,Social Media,2025-10-13,17,2026-07-25 00:18:27.579153
1792,"Drake, Collins and Cohen",Education,United Kingdom,Paid Ads,2024-11-02,5,2026-07-25 00:18:27.579543
1793,Wade-Collier,Finance,United Kingdom,Outbound Sales,2023-07-23,5,2026-07-25 00:18:27.579847
1794,Burns Group,Retail,Singapore,Organic,2025-03-07,15,2026-07-25 00:18:27.580040
1795,Hart-Henderson,Marketing,Singapore,Outbound Sales,2025-01-10,4,2026-07-25 00:18:27.580316
1796,Austin-Hamilton,SaaS,Canada,Organic,2024-10-18,20,2026-07-25 00:18:27.580637
1797,Williams LLC,Finance,Canada,Partner,2024-10-23,2,2026-07-25 00:18:27.580810
1798,"Walker, Parks and Moore",Finance,Australia,Social Media,2024-12-21,10,2026-07-25 00:18:27.581195
1799,"Soto, Warren and Roberts",SaaS,Australia,Paid Ads,2025-02-08,7,2026-07-25 00:18:27.581578
1800,Solomon Group,Manufacturing,USA,Referral,2024-11-10,10,2026-07-25 00:18:27.581741
1801,Joyce Ltd,Education,Australia,Paid Ads,2024-04-11,15,2026-07-25 00:18:27.581932
1802,Mills LLC,Finance,Canada,Referral,2024-04-11,6,2026-07-25 00:18:27.582096
1803,Arnold Inc,Education,India,Organic,2025-06-02,20,2026-07-25 00:18:27.582258
1804,Dixon Group,Consulting,Australia,Organic,2025-03-08,7,2026-07-25 00:18:27.582417
1805,Guerrero-Carroll,Consulting,Canada,Outbound Sales,2023-05-27,11,2026-07-25 00:18:27.582712
1806,Scott-Miller,Education,USA,Social Media,2024-01-29,10,2026-07-25 00:18:27.582994
1807,Wilson Ltd,E-Commerce,USA,Referral,2025-02-21,3,2026-07-25 00:18:27.583158
1808,Hartman Group,Education,Australia,Paid Ads,2024-12-20,18,2026-07-25 00:18:27.583321
1809,Butler Ltd,Logistics,India,Referral,2023-03-12,1,2026-07-25 00:18:27.583483
1810,Matthews-Gibson,Logistics,Singapore,Organic,2024-04-07,4,2026-07-25 00:18:27.583751
1811,Hanson-Baker,Marketing,India,Organic,2025-11-07,14,2026-07-25 00:18:27.584085
1812,Lopez Ltd,Marketing,USA,Social Media,2023-10-18,20,2026-07-25 00:18:27.584301
1813,Savage-Rodriguez,E-Commerce,Singapore,Social Media,2025-07-27,15,2026-07-25 00:18:27.584610
1814,Smith Inc,E-Commerce,Canada,Paid Ads,2025-04-10,11,2026-07-25 00:18:27.584774
1815,Rios Group,Retail,Singapore,Social Media,2023-01-21,18,2026-07-25 00:18:27.584938
1816,Melton-Church,Finance,United Kingdom,Partner,2025-12-10,19,2026-07-25 00:18:27.585205
1817,"Tucker, Montgomery and Dickson",Healthcare,India,Social Media,2025-07-23,15,2026-07-25 00:18:27.585586
1818,"Nunez, Vaughn and Foster",Finance,Germany,Paid Ads,2024-07-14,15,2026-07-25 00:18:27.585991
1819,Martinez Inc,Logistics,USA,Referral,2024-04-15,5,2026-07-25 00:18:27.586158
1820,Cabrera Ltd,E-Commerce,Canada,Paid Ads,2023-10-24,13,2026-07-25 00:18:27.586318
1821,Clark Ltd,Healthcare,Singapore,Social Media,2023-10-20,11,2026-07-25 00:18:27.586482
1822,"Allen, Wilkinson and Garrison",Manufacturing,Germany,Partner,2023-08-14,1,2026-07-25 00:18:27.586859
1823,Miller Group,Finance,Germany,Organic,2025-04-16,12,2026-07-25 00:18:27.587018
1824,Henderson-Wilson,Logistics,Germany,Referral,2023-08-19,10,2026-07-25 00:18:27.587280
1825,"Park, Maynard and Ruiz",Manufacturing,Australia,Outbound Sales,2023-08-25,5,2026-07-25 00:18:27.587650
1826,"Sanchez, Phillips and Gallegos",Consulting,India,Partner,2024-11-29,4,2026-07-25 00:18:27.588048
1827,Cook Inc,Manufacturing,Australia,Social Media,2024-08-31,3,2026-07-25 00:18:27.588211
1828,"Reynolds, Perry and Simpson",Education,Australia,Partner,2025-09-06,13,2026-07-25 00:18:27.588579
1829,"Simon, Duarte and Johnson",E-Commerce,Germany,Referral,2025-06-17,20,2026-07-25 00:18:27.588948
1830,Palmer-Hardy,Retail,Australia,Referral,2024-09-12,16,2026-07-25 00:18:27.589209
1831,Hall-Brown,Marketing,India,Paid Ads,2025-11-20,7,2026-07-25 00:18:27.589475
1832,Ray-Tran,E-Commerce,Germany,Partner,2023-01-30,19,2026-07-25 00:18:27.589730
1833,"Butler, Kennedy and Simpson",Manufacturing,Australia,Social Media,2024-02-21,8,2026-07-25 00:18:27.590117
1834,West-Graham,Healthcare,Singapore,Social Media,2025-09-30,3,2026-07-25 00:18:27.590425
1835,Barber-Harrison,E-Commerce,United Kingdom,Partner,2023-09-08,4,2026-07-25 00:18:27.590689
1836,Romero PLC,E-Commerce,Australia,Partner,2024-11-11,11,2026-07-25 00:18:27.590843
1837,Dorsey-Castaneda,Consulting,India,Partner,2025-11-30,6,2026-07-25 00:18:27.591102
1838,Anderson-Carter,Education,Germany,Organic,2025-10-17,20,2026-07-25 00:18:27.591356
1839,Whitaker-Nunez,Finance,Singapore,Outbound Sales,2024-08-29,13,2026-07-25 00:18:27.591610
1840,Marsh-Richard,Manufacturing,Germany,Social Media,2024-07-13,2,2026-07-25 00:18:27.591887
1841,Campbell Ltd,Finance,USA,Referral,2025-08-23,19,2026-07-25 00:18:27.592046
1842,"Webb, Thompson and Moore",SaaS,United Kingdom,Referral,2023-05-14,5,2026-07-25 00:18:27.592409
1843,Leon Group,Logistics,Australia,Paid Ads,2025-02-03,13,2026-07-25 00:18:27.592562
1844,Clark Inc,E-Commerce,Australia,Partner,2024-04-16,7,2026-07-25 00:18:27.592713
1845,Ibarra-Kelly,Retail,Singapore,Paid Ads,2023-01-29,10,2026-07-25 00:18:27.593018
1846,Clayton PLC,E-Commerce,United Kingdom,Social Media,2023-09-04,10,2026-07-25 00:18:27.593182
1847,Morgan Inc,Marketing,Singapore,Paid Ads,2023-02-19,3,2026-07-25 00:18:27.593336
1848,Martinez and Sons,E-Commerce,India,Outbound Sales,2025-08-17,17,2026-07-25 00:18:27.593487
1849,Chaney-Glover,Marketing,United Kingdom,Referral,2025-01-25,10,2026-07-25 00:18:27.593742
1850,"Adams, Hernandez and Vaughn",SaaS,Canada,Outbound Sales,2023-03-14,2,2026-07-25 00:18:27.594126
1851,"Caldwell, Mccarthy and House",SaaS,Singapore,Outbound Sales,2025-03-11,12,2026-07-25 00:18:27.594494
1852,Estes-Campos,Finance,United Kingdom,Paid Ads,2024-11-11,1,2026-07-25 00:18:27.594749
1853,"Lynch, Garrison and Garcia",Retail,Germany,Social Media,2023-06-14,19,2026-07-25 00:18:27.595110
1854,Romero and Sons,Marketing,Singapore,Paid Ads,2025-05-23,13,2026-07-25 00:18:27.595264
1855,Pitts LLC,Marketing,Germany,Partner,2025-09-05,18,2026-07-25 00:18:27.595418
1856,"Carter, Alexander and Hunter",Retail,Singapore,Referral,2023-09-01,16,2026-07-25 00:18:27.595778
1857,Holland LLC,Healthcare,USA,Outbound Sales,2023-06-04,13,2026-07-25 00:18:27.595954
1858,Allison Group,Manufacturing,United Kingdom,Partner,2023-08-03,5,2026-07-25 00:18:27.596113
1859,Sanchez Group,Education,United Kingdom,Social Media,2024-10-07,5,2026-07-25 00:18:27.596267
1860,Wagner-Miller,Healthcare,India,Organic,2024-06-14,1,2026-07-25 00:18:27.596523
1861,"Fischer, Ward and Ortega",Healthcare,Singapore,Partner,2024-08-01,14,2026-07-25 00:18:27.596927
1862,"Fisher, Perez and Pham",Healthcare,India,Referral,2023-08-24,14,2026-07-25 00:18:27.597301
1863,Villanueva-Crane,Logistics,United Kingdom,Social Media,2024-10-04,20,2026-07-25 00:18:27.597559
1864,"Cox, Johnson and Thomas",Marketing,Australia,Referral,2025-03-12,15,2026-07-25 00:18:27.597940
1865,"Drake, Acevedo and Miller",Consulting,Germany,Outbound Sales,2023-01-16,15,2026-07-25 00:18:27.598309
1866,Holden-Martin,Marketing,Canada,Referral,2024-05-04,6,2026-07-25 00:18:27.598565
1867,Malone-Keller,Marketing,Australia,Organic,2023-04-06,19,2026-07-25 00:18:27.598820
1868,Orr Inc,Logistics,United Kingdom,Social Media,2025-09-23,8,2026-07-25 00:18:27.598972
1869,"Lloyd, Liu and Kaufman",Consulting,Canada,Partner,2025-09-08,18,2026-07-25 00:18:27.599363
1870,Blackwell-Haynes,E-Commerce,Canada,Organic,2024-10-13,2,2026-07-25 00:18:27.599630
1871,"Newton, Blankenship and Smith",E-Commerce,Germany,Social Media,2024-04-17,12,2026-07-25 00:18:27.600164
1872,"Bishop, Thomas and Powell",Finance,Australia,Partner,2024-03-10,3,2026-07-25 00:18:27.600702
1873,Clay PLC,Healthcare,Singapore,Social Media,2025-09-27,17,2026-07-25 00:18:27.600874
1874,"Ramos, Reed and Cain",Education,Germany,Outbound Sales,2025-08-18,3,2026-07-25 00:18:27.601246
1875,Rowe-Ibarra,Consulting,Australia,Organic,2025-10-04,8,2026-07-25 00:18:27.601510
1876,Medina Group,Logistics,Singapore,Social Media,2023-05-11,3,2026-07-25 00:18:27.601667
1877,"Braun, Campbell and Davis",Consulting,United Kingdom,Outbound Sales,2023-07-15,10,2026-07-25 00:18:27.602056
1878,Boyd-Sherman,E-Commerce,India,Paid Ads,2025-05-07,18,2026-07-25 00:18:27.602323
1879,Johnson PLC,SaaS,Germany,Partner,2023-09-06,17,2026-07-25 00:18:27.602478
1880,Allen-Schroeder,Logistics,Australia,Social Media,2025-07-09,11,2026-07-25 00:18:27.602733
1881,"Rodriguez, Brown and Watson",Marketing,Canada,Paid Ads,2024-10-18,10,2026-07-25 00:18:27.603099
1882,"Gomez, Williams and Curtis",Healthcare,India,Social Media,2025-08-31,20,2026-07-25 00:18:27.603463
1883,Evans-Doyle,Education,Singapore,Outbound Sales,2023-07-13,9,2026-07-25 00:18:27.603720
1884,Bird-Trujillo,SaaS,Singapore,Partner,2024-12-04,19,2026-07-25 00:18:27.603976
1885,"Espinoza, Pineda and Wade",Healthcare,Australia,Organic,2025-06-22,10,2026-07-25 00:18:27.604366
1886,Bell LLC,E-Commerce,India,Paid Ads,2025-07-14,16,2026-07-25 00:18:27.604530
1887,"Armstrong, Taylor and Gray",Finance,USA,Outbound Sales,2025-11-02,3,2026-07-25 00:18:27.604891
1888,Murphy PLC,Education,Canada,Referral,2024-01-20,20,2026-07-25 00:18:27.605044
1889,Gibson-Thomas,Education,Canada,Paid Ads,2023-10-27,1,2026-07-25 00:18:27.605298
1890,Miller-Brown,Finance,Australia,Referral,2024-10-23,19,2026-07-25 00:18:27.605551
1891,Lewis-Miller,Healthcare,Singapore,Partner,2023-07-22,12,2026-07-25 00:18:27.605805
1892,"Powell, Hansen and Maxwell",Healthcare,Canada,Social Media,2025-11-17,8,2026-07-25 00:18:27.606191
1893,"Porter, Henderson and Alexander",Logistics,USA,Outbound Sales,2024-02-14,2,2026-07-25 00:18:27.606589
1894,"Mcpherson, Colon and Thomas",Manufacturing,India,Referral,2025-01-30,20,2026-07-25 00:18:27.606958
1895,Dawson-Anderson,Healthcare,United Kingdom,Partner,2023-07-17,14,2026-07-25 00:18:27.607217
1896,"Boyer, Wilson and Lewis",Marketing,USA,Social Media,2025-12-30,15,2026-07-25 00:18:27.607583
1897,Francis PLC,Healthcare,USA,Outbound Sales,2025-01-05,12,2026-07-25 00:18:27.607737
1898,Guzman Group,SaaS,Singapore,Paid Ads,2024-07-27,4,2026-07-25 00:18:27.607889
1899,Wood LLC,SaaS,USA,Partner,2023-06-21,13,2026-07-25 00:18:27.608100
1900,"Hernandez, Watson and Ritter",Logistics,Canada,Partner,2023-03-04,18,2026-07-25 00:18:27.608471
1901,Tucker-Moody,Retail,Germany,Social Media,2024-04-16,13,2026-07-25 00:18:27.608727
1902,"Fisher, Zuniga and Torres",Logistics,Canada,Referral,2023-08-09,17,2026-07-25 00:18:27.609091
1903,White Ltd,Marketing,India,Paid Ads,2024-03-16,15,2026-07-25 00:18:27.609245
1904,Martinez LLC,Marketing,Singapore,Paid Ads,2025-01-29,17,2026-07-25 00:18:27.609399
1905,Butler PLC,SaaS,India,Outbound Sales,2023-04-15,12,2026-07-25 00:18:27.609553
1906,"Chavez, Morgan and Bennett",Marketing,Australia,Social Media,2024-04-26,9,2026-07-25 00:18:27.609916
1907,Gill PLC,Manufacturing,Canada,Paid Ads,2025-07-29,4,2026-07-25 00:18:27.610090
1908,Gill-Contreras,Education,Singapore,Outbound Sales,2025-09-15,13,2026-07-25 00:18:27.610354
1909,"Nguyen, Marsh and Beck",Logistics,United Kingdom,Social Media,2023-08-20,8,2026-07-25 00:18:27.610718
1910,Hall-Foster,E-Commerce,United Kingdom,Referral,2024-09-28,17,2026-07-25 00:18:27.610976
1911,Rubio Group,Manufacturing,Singapore,Social Media,2025-04-20,6,2026-07-25 00:18:27.611130
1912,"Davis, Martin and Johnson",Manufacturing,Australia,Organic,2024-03-06,1,2026-07-25 00:18:27.611532
1913,"Parker, Brewer and Schneider",Finance,India,Partner,2025-09-05,4,2026-07-25 00:18:27.611901
1914,Friedman PLC,Consulting,India,Social Media,2023-05-13,15,2026-07-25 00:18:27.612073
1915,Bernard PLC,Manufacturing,USA,Social Media,2025-06-15,10,2026-07-25 00:18:27.612237
1916,Shaw-Smith,Education,USA,Organic,2023-10-22,1,2026-07-25 00:18:27.612491
1917,"White, Smith and Buchanan",E-Commerce,India,Organic,2025-10-19,20,2026-07-25 00:18:27.612855
1918,"Combs, Riley and Miller",Retail,Australia,Social Media,2024-01-17,4,2026-07-25 00:18:27.613219
1919,"Flores, Chapman and Henry",Finance,India,Outbound Sales,2025-04-08,5,2026-07-25 00:18:27.613583
1920,Kim-Perry,Marketing,Singapore,Social Media,2023-02-06,19,2026-07-25 00:18:27.613838
1921,Reyes-Davis,Healthcare,India,Social Media,2025-03-31,6,2026-07-25 00:18:27.614111
1922,"Jackson, Thomas and Scott",Education,Canada,Partner,2023-06-04,3,2026-07-25 00:18:27.614482
1923,Parker Group,Logistics,Canada,Partner,2023-05-20,11,2026-07-25 00:18:27.614637
1924,Brown LLC,Education,USA,Organic,2025-11-20,9,2026-07-25 00:18:27.614789
1925,Reeves LLC,SaaS,Germany,Partner,2023-10-09,11,2026-07-25 00:18:27.614944
1926,Flores Group,SaaS,Canada,Paid Ads,2024-08-28,6,2026-07-25 00:18:27.615097
1927,Bennett-Carey,Logistics,India,Partner,2024-05-18,7,2026-07-25 00:18:27.615352
1928,Harris PLC,E-Commerce,Germany,Referral,2023-07-07,16,2026-07-25 00:18:27.615506
1929,Vasquez PLC,Finance,USA,Outbound Sales,2025-06-29,14,2026-07-25 00:18:27.615659
1930,Adams LLC,Retail,Australia,Social Media,2024-08-21,4,2026-07-25 00:18:27.615929
1931,"Russell, Washington and Russell",Logistics,Singapore,Paid Ads,2024-12-23,4,2026-07-25 00:18:27.616607
1932,Adams PLC,SaaS,India,Organic,2023-12-30,19,2026-07-25 00:18:27.616778
1933,Sanchez PLC,Education,United Kingdom,Partner,2025-11-14,1,2026-07-25 00:18:27.616909
1934,Torres Group,Logistics,USA,Social Media,2025-10-09,1,2026-07-25 00:18:27.617038
1935,Mathis PLC,SaaS,Singapore,Partner,2024-11-23,9,2026-07-25 00:18:27.617167
1936,Brooks and Sons,Healthcare,Singapore,Paid Ads,2023-11-13,13,2026-07-25 00:18:27.617296
1937,"Cisneros, Ali and Peters",E-Commerce,India,Outbound Sales,2024-01-16,16,2026-07-25 00:18:27.617587
1938,Hess PLC,Logistics,Germany,Partner,2023-03-06,3,2026-07-25 00:18:27.617737
1939,"Stanton, Smith and Mahoney",Consulting,USA,Organic,2024-03-25,13,2026-07-25 00:18:27.618062
1940,Harper-Franco,Logistics,India,Outbound Sales,2025-01-19,18,2026-07-25 00:18:27.618272
1941,Kirby-Lewis,Manufacturing,Canada,Social Media,2024-08-13,10,2026-07-25 00:18:27.618476
1942,Williams-Stevenson,Marketing,India,Social Media,2025-03-03,3,2026-07-25 00:18:27.618680
1943,Turner Group,Manufacturing,Australia,Paid Ads,2025-05-24,3,2026-07-25 00:18:27.618804
1944,Rivas Ltd,Logistics,United Kingdom,Paid Ads,2025-12-20,7,2026-07-25 00:18:27.618929
1945,Johns-Clark,Healthcare,Australia,Organic,2025-05-14,13,2026-07-25 00:18:27.619131
1946,Henson-Dougherty,Retail,Canada,Social Media,2025-02-23,13,2026-07-25 00:18:27.619334
1947,Petty-Zimmerman,Finance,Singapore,Social Media,2025-09-13,12,2026-07-25 00:18:27.619535
1948,Bates LLC,Logistics,India,Social Media,2024-02-29,15,2026-07-25 00:18:27.619661
1949,Stevens PLC,Retail,USA,Organic,2024-06-14,7,2026-07-25 00:18:27.619805
1950,Sloan and Sons,SaaS,Singapore,Outbound Sales,2024-05-25,8,2026-07-25 00:18:27.619936
1951,Lynch Inc,Logistics,Germany,Organic,2025-10-01,18,2026-07-25 00:18:27.620060
1952,"Thompson, Peters and Horton",Education,Germany,Outbound Sales,2023-01-15,15,2026-07-25 00:18:27.620342
1953,Medina-Cobb,SaaS,India,Paid Ads,2025-01-29,2,2026-07-25 00:18:27.620545
1954,"Jones, Johnson and Collier",Manufacturing,United Kingdom,Social Media,2025-10-05,2,2026-07-25 00:18:27.620828
1955,Chambers-Gomez,Marketing,India,Referral,2025-11-09,17,2026-07-25 00:18:27.621029
1956,"Howard, Thompson and Tate",Logistics,Singapore,Outbound Sales,2024-08-07,5,2026-07-25 00:18:27.621312
1957,Martinez LLC,E-Commerce,USA,Organic,2025-12-18,2,2026-07-25 00:18:27.621437
1958,Smith-Paul,Healthcare,Germany,Social Media,2023-10-27,1,2026-07-25 00:18:27.621639
1959,"Morse, Howard and Davis",Logistics,Australia,Organic,2024-03-12,8,2026-07-25 00:18:27.621942
1960,"Turner, Robbins and Young",Healthcare,India,Referral,2025-08-10,2,2026-07-25 00:18:27.622230
1961,Johnson-Vasquez,Education,United Kingdom,Organic,2025-02-06,15,2026-07-25 00:18:27.622432
1962,"Obrien, Smith and Joyce",E-Commerce,USA,Outbound Sales,2025-12-29,3,2026-07-25 00:18:27.622721
1963,Rodriguez-Ramirez,Finance,India,Partner,2025-09-18,20,2026-07-25 00:18:27.622923
1964,Jackson-Lee,E-Commerce,USA,Organic,2025-02-16,7,2026-07-25 00:18:27.623176
1965,"Fleming, Cunningham and Jones",Marketing,Canada,Social Media,2025-05-28,13,2026-07-25 00:18:27.623466
1966,"Brown, Green and Hudson",Manufacturing,India,Social Media,2023-07-19,19,2026-07-25 00:18:27.623767
1967,"Daniel, Hill and Abbott",Consulting,USA,Paid Ads,2023-12-21,7,2026-07-25 00:18:27.624066
1968,"Byrd, Mendez and Becker",SaaS,Australia,Referral,2023-02-05,11,2026-07-25 00:18:27.624349
1969,Pace Ltd,Finance,India,Paid Ads,2024-12-06,5,2026-07-25 00:18:27.624474
1970,"Williams, Mcmillan and Reynolds",Marketing,USA,Social Media,2025-11-11,12,2026-07-25 00:18:27.624756
1971,Martinez-Holmes,Consulting,USA,Partner,2024-09-24,8,2026-07-25 00:18:27.624959
1972,Holmes-Williams,E-Commerce,India,Referral,2025-02-08,4,2026-07-25 00:18:27.625160
1973,Ramirez Group,E-Commerce,Germany,Referral,2023-12-15,1,2026-07-25 00:18:27.625284
1974,Stewart-Myers,Logistics,India,Organic,2025-04-07,1,2026-07-25 00:18:27.625505
1975,Beard Inc,Healthcare,India,Social Media,2024-06-03,19,2026-07-25 00:18:27.625636
1976,"Coleman, Jones and Wright",Education,Germany,Social Media,2023-12-17,16,2026-07-25 00:18:27.625942
1977,Collins-Garrett,Healthcare,USA,Referral,2023-09-13,9,2026-07-25 00:18:27.626150
1978,Castillo Inc,Consulting,Germany,Partner,2023-05-31,8,2026-07-25 00:18:27.626275
1979,"Mcconnell, Pittman and Wright",Healthcare,Australia,Social Media,2025-07-09,2,2026-07-25 00:18:27.626561
1980,Benjamin Inc,E-Commerce,USA,Social Media,2025-01-05,16,2026-07-25 00:18:27.626687
1981,"Bauer, Harding and Parsons",E-Commerce,India,Social Media,2024-06-02,10,2026-07-25 00:18:27.626972
1982,Duran-Garrett,Manufacturing,Germany,Organic,2025-08-20,18,2026-07-25 00:18:27.627174
1983,Miller Inc,Retail,USA,Organic,2025-06-18,17,2026-07-25 00:18:27.627299
1984,Edwards-Abbott,Finance,Australia,Paid Ads,2023-02-21,18,2026-07-25 00:18:27.627502
1985,Brown Group,Consulting,USA,Partner,2023-04-12,7,2026-07-25 00:18:27.627627
1986,Bishop-Reynolds,Education,India,Referral,2023-03-27,4,2026-07-25 00:18:27.627849
1987,"Brown, Williams and Horn",Healthcare,Singapore,Partner,2023-06-08,16,2026-07-25 00:18:27.628140
1988,Williamson Group,Healthcare,USA,Social Media,2024-09-15,2,2026-07-25 00:18:27.628266
1989,"Cobb, Hanson and Chavez",SaaS,Singapore,Paid Ads,2023-12-29,10,2026-07-25 00:18:27.628575
1990,Hobbs-Harvey,Retail,Germany,Paid Ads,2024-12-22,11,2026-07-25 00:18:27.628779
1991,"Pace, Logan and Gibson",E-Commerce,United Kingdom,Partner,2024-06-11,2,2026-07-25 00:18:27.629138
1992,"Lee, Garcia and Larson",Finance,Singapore,Organic,2024-05-24,18,2026-07-25 00:18:27.629436
1993,"Clarke, Lee and Berry",Healthcare,USA,Organic,2023-04-15,16,2026-07-25 00:18:27.629779
1994,"Scott, Fisher and Hardy",Consulting,India,Organic,2025-09-17,8,2026-07-25 00:18:27.630111
1995,Sanchez Inc,Logistics,Australia,Outbound Sales,2024-11-21,11,2026-07-25 00:18:27.630245
1996,Collins Group,Marketing,USA,Social Media,2023-04-04,11,2026-07-25 00:18:27.630372
1997,"Webster, Collins and Mcclure",Retail,United Kingdom,Organic,2025-03-08,11,2026-07-25 00:18:27.630661
1998,Harrison PLC,Retail,India,Referral,2023-08-15,14,2026-07-25 00:18:27.630789
1999,Wood-Smith,Retail,Germany,Referral,2024-06-16,3,2026-07-25 00:18:27.630994
2000,"Gregory, Brown and Hunter",Logistics,Australia,Partner,2025-06-30,2,2026-07-25 00:18:27.631280
2001,Henderson and Sons,Marketing,USA,Referral,2025-05-19,20,2026-07-25 00:18:27.631407
2002,"Kerr, Glover and Peterson",Logistics,USA,Partner,2023-11-08,12,2026-07-25 00:18:27.631693
2003,Neal-Holden,Healthcare,Germany,Social Media,2025-11-03,7,2026-07-25 00:18:27.631920
2004,"Rivera, Lane and Mccarty",Manufacturing,Canada,Referral,2025-07-20,11,2026-07-25 00:18:27.632427
2005,Barnes-Martin,Healthcare,India,Social Media,2025-08-15,19,2026-07-25 00:18:27.632716
2006,Crawford Inc,SaaS,Canada,Referral,2024-12-06,4,2026-07-25 00:18:27.632861
2007,Steele Group,Logistics,Germany,Partner,2025-09-19,6,2026-07-25 00:18:27.632989
2008,Allen Ltd,Manufacturing,USA,Paid Ads,2025-08-27,20,2026-07-25 00:18:27.633155
2009,"Bennett, Ross and Mckenzie",Healthcare,United Kingdom,Social Media,2024-05-29,20,2026-07-25 00:18:27.633449
2010,Smith-Howard,Healthcare,Australia,Outbound Sales,2023-01-11,8,2026-07-25 00:18:27.633676
2011,Thomas Group,Finance,Germany,Outbound Sales,2025-05-11,16,2026-07-25 00:18:27.633829
2012,"Willis, Cannon and Williams",Retail,Australia,Partner,2023-10-29,15,2026-07-25 00:18:27.634124
2013,Gonzalez and Sons,Education,India,Social Media,2023-02-16,14,2026-07-25 00:18:27.634252
2014,Higgins-Morgan,Retail,USA,Paid Ads,2023-12-07,14,2026-07-25 00:18:27.634457
2015,White Inc,E-Commerce,USA,Outbound Sales,2025-05-11,5,2026-07-25 00:18:27.634583
2016,Lozano-Smith,E-Commerce,India,Partner,2023-10-01,2,2026-07-25 00:18:27.634788
2017,Gray Inc,SaaS,Germany,Social Media,2025-11-18,17,2026-07-25 00:18:27.634913
2018,Torres and Sons,SaaS,Germany,Outbound Sales,2024-06-09,13,2026-07-25 00:18:27.635089
2019,Guerrero-Pugh,Logistics,United Kingdom,Social Media,2024-07-28,4,2026-07-25 00:18:27.635293
2020,Johns-Jones,Logistics,Germany,Referral,2025-08-26,3,2026-07-25 00:18:27.635499
2021,Norton and Sons,Consulting,United Kingdom,Organic,2023-08-13,14,2026-07-25 00:18:27.635625
2022,Benson-Stewart,Retail,USA,Paid Ads,2025-04-07,10,2026-07-25 00:18:27.635848
2023,"Sanchez, Williams and Jensen",Retail,Singapore,Organic,2024-10-29,1,2026-07-25 00:18:27.636143
2024,"Phillips, Hernandez and Wright",Logistics,Singapore,Paid Ads,2023-10-21,6,2026-07-25 00:18:27.636429
2025,Salas-York,Logistics,United Kingdom,Outbound Sales,2025-09-04,19,2026-07-25 00:18:27.636634
2026,Clark-Miller,SaaS,Germany,Partner,2025-06-26,5,2026-07-25 00:18:27.636838
2027,"Mendez, Jackson and Hughes",Marketing,USA,Paid Ads,2025-01-01,15,2026-07-25 00:18:27.637124
2028,"Brooks, Stone and White",SaaS,United Kingdom,Social Media,2025-09-29,3,2026-07-25 00:18:27.637433
2029,"Neal, Baldwin and Simpson",Marketing,Singapore,Paid Ads,2024-08-03,17,2026-07-25 00:18:27.637720
2030,"Morales, Morse and Silva",SaaS,Canada,Partner,2024-02-21,9,2026-07-25 00:18:27.638069
2031,Robinson and Sons,E-Commerce,Australia,Outbound Sales,2023-02-26,7,2026-07-25 00:18:27.638203
2032,Foster LLC,Finance,Australia,Paid Ads,2024-12-03,2,2026-07-25 00:18:27.638349
2033,Duncan-Walls,Consulting,Singapore,Paid Ads,2024-10-22,2,2026-07-25 00:18:27.638559
2034,Pierce-Taylor,Finance,Germany,Paid Ads,2024-08-04,15,2026-07-25 00:18:27.638764
2035,Wallace-Bell,E-Commerce,India,Paid Ads,2023-05-11,12,2026-07-25 00:18:27.638967
2036,Marshall PLC,Healthcare,Singapore,Outbound Sales,2025-06-26,3,2026-07-25 00:18:27.639097
2037,Hayes-Reynolds,Consulting,Singapore,Referral,2024-06-06,5,2026-07-25 00:18:27.639300
2038,Stewart-Reyes,Manufacturing,USA,Outbound Sales,2024-07-24,4,2026-07-25 00:18:27.639503
2039,Hall-Brewer,Logistics,Singapore,Outbound Sales,2023-10-06,7,2026-07-25 00:18:27.639705
2040,Phillips PLC,Retail,Canada,Paid Ads,2024-07-11,9,2026-07-25 00:18:27.639847
2041,"Schneider, Hartman and House",Consulting,Singapore,Partner,2025-03-07,9,2026-07-25 00:18:27.640137
2042,Jones Inc,SaaS,India,Paid Ads,2023-06-02,12,2026-07-25 00:18:27.640263
2043,Cook Ltd,Logistics,Germany,Outbound Sales,2025-04-28,17,2026-07-25 00:18:27.640387
2044,Turner-Ochoa,Finance,Germany,Social Media,2024-05-26,18,2026-07-25 00:18:27.640592
2045,Lee-Munoz,Consulting,Canada,Partner,2025-11-27,20,2026-07-25 00:18:27.640795
2046,"Singh, Gaines and Smith",Manufacturing,United Kingdom,Social Media,2023-08-03,3,2026-07-25 00:18:27.641100
2047,Short-Logan,Retail,Germany,Organic,2024-04-10,3,2026-07-25 00:18:27.641325
2048,Underwood-Todd,Marketing,USA,Paid Ads,2024-09-19,3,2026-07-25 00:18:27.641530
2049,Valdez-Hays,Finance,USA,Paid Ads,2023-01-19,4,2026-07-25 00:18:27.641734
2050,Perez-Cummings,Healthcare,Germany,Referral,2023-08-20,7,2026-07-25 00:18:27.641958
2051,Hall-Matthews,Consulting,Singapore,Organic,2023-11-23,10,2026-07-25 00:18:27.642167
2052,Sharp-Murray,Marketing,Singapore,Outbound Sales,2025-05-08,5,2026-07-25 00:18:27.642371
2053,Singleton-Patterson,Logistics,Canada,Partner,2023-05-14,15,2026-07-25 00:18:27.642576
2054,Clark-Cole,SaaS,Canada,Referral,2025-12-20,3,2026-07-25 00:18:27.642780
2055,Brooks PLC,SaaS,United Kingdom,Referral,2025-05-17,17,2026-07-25 00:18:27.642905
2056,Harding-Smith,Manufacturing,Germany,Outbound Sales,2023-07-19,11,2026-07-25 00:18:27.643145
2057,Morgan-Barnes,Manufacturing,Germany,Outbound Sales,2025-10-20,17,2026-07-25 00:18:27.643364
2058,Farmer-Vaughn,Consulting,Germany,Partner,2025-12-01,10,2026-07-25 00:18:27.643625
2059,Matthews-Bradley,E-Commerce,USA,Paid Ads,2024-04-10,6,2026-07-25 00:18:27.643871
2060,Hernandez LLC,Education,USA,Partner,2023-02-20,12,2026-07-25 00:18:27.644013
2061,"Lloyd, Mcintyre and Berry",Education,United Kingdom,Organic,2025-06-01,5,2026-07-25 00:18:27.644309
2062,Harris-Myers,Manufacturing,Canada,Partner,2024-08-30,6,2026-07-25 00:18:27.644518
2063,Lopez-Rodriguez,E-Commerce,USA,Social Media,2025-04-10,18,2026-07-25 00:18:27.644725
2064,Fowler-Torres,Education,USA,Referral,2025-06-03,5,2026-07-25 00:18:27.644931
2065,Leonard and Sons,Healthcare,USA,Organic,2023-09-24,2,2026-07-25 00:18:27.645058
2066,"Morrison, Johnson and Gonzalez",Manufacturing,Australia,Referral,2023-02-19,15,2026-07-25 00:18:27.645369
2067,Harris-Carter,Education,Canada,Referral,2024-08-22,7,2026-07-25 00:18:27.645579
2068,Gibson LLC,Consulting,Singapore,Organic,2025-03-25,11,2026-07-25 00:18:27.645741
2069,Jackson Group,Manufacturing,USA,Paid Ads,2025-03-16,15,2026-07-25 00:18:27.645903
2070,Mayo and Sons,Consulting,USA,Outbound Sales,2024-08-30,10,2026-07-25 00:18:27.646037
2071,Mendoza-Jones,Finance,India,Partner,2025-04-13,16,2026-07-25 00:18:27.646243
2072,Harrell LLC,Healthcare,Germany,Paid Ads,2023-11-17,5,2026-07-25 00:18:27.646369
2073,"Ortega, Moore and Andrews",SaaS,Singapore,Outbound Sales,2024-11-02,17,2026-07-25 00:18:27.646656
2074,"Harris, Moran and Stevens",Manufacturing,Singapore,Social Media,2024-04-27,10,2026-07-25 00:18:27.646985
2075,Ritter Group,Logistics,Canada,Outbound Sales,2023-11-10,5,2026-07-25 00:18:27.647124
2076,Jacobs-Wright,E-Commerce,Singapore,Partner,2023-04-10,11,2026-07-25 00:18:27.647433
2077,"Suarez, Stevens and Johnston",Finance,Singapore,Partner,2024-05-25,2,2026-07-25 00:18:27.647746
2078,Lucas-Ellison,Healthcare,Singapore,Outbound Sales,2023-05-22,4,2026-07-25 00:18:27.648020
2079,"Kirby, Sparks and Myers",Education,India,Partner,2024-06-22,20,2026-07-25 00:18:27.648656
2080,Wright-Yoder,Retail,Germany,Paid Ads,2023-09-30,3,2026-07-25 00:18:27.648961
2081,Cruz-Hopkins,Manufacturing,India,Outbound Sales,2024-11-02,7,2026-07-25 00:18:27.649287
2082,"Davis, Hale and Williams",E-Commerce,Australia,Referral,2025-12-21,9,2026-07-25 00:18:27.649667
2083,Khan-Medina,Retail,India,Organic,2023-09-03,18,2026-07-25 00:18:27.649972
2084,Wolfe Ltd,Logistics,Singapore,Social Media,2025-11-01,3,2026-07-25 00:18:27.650143
2085,Jenkins-Gill,Consulting,Germany,Referral,2023-12-04,16,2026-07-25 00:18:27.650400
2086,Jones-Garcia,Manufacturing,Australia,Outbound Sales,2023-07-08,17,2026-07-25 00:18:27.650655
2087,Hayes-King,SaaS,Singapore,Paid Ads,2024-05-21,13,2026-07-25 00:18:27.650912
2088,Murray Inc,Healthcare,Singapore,Partner,2025-02-25,12,2026-07-25 00:18:27.651082
2089,"Lowe, Murray and Cooper",Marketing,Canada,Organic,2025-09-19,10,2026-07-25 00:18:27.651439
2090,Sanders Inc,Manufacturing,Canada,Paid Ads,2024-09-12,15,2026-07-25 00:18:27.651595
2091,Fletcher and Sons,Consulting,India,Referral,2024-01-25,15,2026-07-25 00:18:27.651777
2092,"Goodman, Washington and Jones",Marketing,United Kingdom,Partner,2024-05-23,10,2026-07-25 00:18:27.652154
2093,"Allen, Dodson and Taylor",Healthcare,United Kingdom,Social Media,2025-05-01,14,2026-07-25 00:18:27.652517
2094,Jackson Inc,Marketing,USA,Outbound Sales,2024-03-09,20,2026-07-25 00:18:27.652674
2095,Thompson Inc,Finance,USA,Referral,2025-07-31,10,2026-07-25 00:18:27.652830
2096,"Myers, Jones and Gallagher",Logistics,United Kingdom,Outbound Sales,2025-04-10,11,2026-07-25 00:18:27.653248
2097,Hernandez-Howard,Finance,Australia,Partner,2025-11-18,3,2026-07-25 00:18:27.653514
2098,"Johnson, Leonard and Robinson",SaaS,Germany,Social Media,2023-12-03,9,2026-07-25 00:18:27.653896
2099,Copeland PLC,Marketing,USA,Outbound Sales,2025-12-18,15,2026-07-25 00:18:27.654072
2100,"Moran, Prince and Myers",E-Commerce,United Kingdom,Referral,2025-09-22,7,2026-07-25 00:18:27.654443
2101,Williams-Smith,Healthcare,United Kingdom,Partner,2024-04-23,10,2026-07-25 00:18:27.654707
2102,Mcfarland LLC,Consulting,Germany,Organic,2024-08-09,10,2026-07-25 00:18:27.654870
2103,Davis Group,E-Commerce,Canada,Partner,2024-01-06,18,2026-07-25 00:18:27.655044
2104,Rogers and Sons,Logistics,USA,Organic,2023-02-13,1,2026-07-25 00:18:27.655209
2105,"Brown, Benjamin and Davis",Healthcare,Canada,Paid Ads,2025-11-22,16,2026-07-25 00:18:27.655585
2106,Ramsey Inc,Finance,Singapore,Social Media,2025-10-28,10,2026-07-25 00:18:27.655784
2107,"Rodriguez, Murphy and Hart",Marketing,USA,Partner,2024-10-07,8,2026-07-25 00:18:27.656203
2108,"Clark, Weaver and Mcmillan",SaaS,India,Paid Ads,2023-10-22,16,2026-07-25 00:18:27.656601
2109,Lewis LLC,Finance,Australia,Social Media,2023-07-07,12,2026-07-25 00:18:27.656776
2110,Smith Ltd,E-Commerce,Germany,Outbound Sales,2024-05-17,14,2026-07-25 00:18:27.656962
2111,Price Group,Education,Singapore,Social Media,2024-05-06,16,2026-07-25 00:18:27.657147
2112,Barrett LLC,Finance,Canada,Outbound Sales,2023-12-08,19,2026-07-25 00:18:27.657300
2113,"Wood, Jones and Robinson",SaaS,United Kingdom,Paid Ads,2025-10-06,6,2026-07-25 00:18:27.657632
2114,"Porter, Mooney and Marquez",E-Commerce,India,Referral,2024-04-13,11,2026-07-25 00:18:27.658005
2115,King Inc,Logistics,Singapore,Referral,2025-06-03,12,2026-07-25 00:18:27.658162
2116,Jarvis-Horton,Healthcare,India,Paid Ads,2025-07-20,12,2026-07-25 00:18:27.658400
2117,"Anderson, Thompson and Gill",Marketing,Singapore,Paid Ads,2025-11-19,2,2026-07-25 00:18:27.658737
2118,Spence-Estrada,Education,Canada,Outbound Sales,2025-12-04,3,2026-07-25 00:18:27.659013
2119,Smith-Barr,Consulting,USA,Social Media,2023-04-15,6,2026-07-25 00:18:27.659259
2120,Dixon-Harmon,Finance,Australia,Referral,2024-11-28,18,2026-07-25 00:18:27.659495
2121,"Bush, Smith and Smith",Manufacturing,United Kingdom,Paid Ads,2025-02-21,10,2026-07-25 00:18:27.659850
2122,Young-Patterson,Education,Singapore,Social Media,2023-07-12,12,2026-07-25 00:18:27.660110
2123,"Miller, Taylor and Jimenez",Finance,Australia,Outbound Sales,2024-01-14,12,2026-07-25 00:18:27.660438
2124,Bennett Ltd,Healthcare,India,Referral,2023-11-10,17,2026-07-25 00:18:27.660583
2125,Mclean PLC,Education,Canada,Partner,2023-02-28,14,2026-07-25 00:18:27.660726
2126,"Wiley, Taylor and Stewart",Manufacturing,USA,Organic,2024-11-20,7,2026-07-25 00:18:27.661066
2127,"Conner, Perry and Hess",Healthcare,Australia,Referral,2023-03-03,7,2026-07-25 00:18:27.661396
2128,Bradford LLC,Consulting,Australia,Social Media,2023-02-06,17,2026-07-25 00:18:27.661541
2129,Harris Inc,Consulting,Singapore,Outbound Sales,2024-06-16,4,2026-07-25 00:18:27.661684
2130,Solis Ltd,Marketing,Germany,Organic,2025-10-30,4,2026-07-25 00:18:27.661848
2131,"Salas, Boyd and White",Healthcare,India,Partner,2023-12-12,12,2026-07-25 00:18:27.662190
2132,Brown Group,Education,Singapore,Paid Ads,2025-09-05,5,2026-07-25 00:18:27.662336
2133,Williams and Sons,Logistics,Australia,Outbound Sales,2023-04-19,11,2026-07-25 00:18:27.662479
2134,Davis PLC,Healthcare,Singapore,Paid Ads,2023-11-14,1,2026-07-25 00:18:27.662620
2135,Young Inc,Finance,USA,Referral,2025-05-02,5,2026-07-25 00:18:27.662762
2136,"Mcdonald, Martin and Gonzalez",Retail,Canada,Referral,2024-10-24,7,2026-07-25 00:18:27.663101
2137,Obrien LLC,Healthcare,India,Partner,2024-10-20,4,2026-07-25 00:18:27.663244
2138,"West, Reid and Nelson",Finance,India,Partner,2024-03-19,14,2026-07-25 00:18:27.663562
2139,Tapia LLC,SaaS,USA,Organic,2025-01-17,2,2026-07-25 00:18:27.663701
2140,Jackson-Alexander,Consulting,Australia,Organic,2024-09-10,16,2026-07-25 00:18:27.663982
2141,"Moss, Wolf and Weiss",Finance,Canada,Organic,2025-02-23,3,2026-07-25 00:18:27.664428
2142,Gill Group,Education,Singapore,Organic,2025-01-18,4,2026-07-25 00:18:27.664590
2143,Larson-Hernandez,Finance,Australia,Referral,2023-05-10,19,2026-07-25 00:18:27.664819
2144,James-Torres,Retail,USA,Social Media,2023-09-30,12,2026-07-25 00:18:27.665059
2145,Hart-Castillo,SaaS,India,Referral,2024-03-15,9,2026-07-25 00:18:27.665292
2146,Espinoza and Sons,E-Commerce,Canada,Paid Ads,2024-06-01,6,2026-07-25 00:18:27.665479
2147,Smith PLC,Consulting,United Kingdom,Social Media,2023-08-29,20,2026-07-25 00:18:27.665627
2148,Sullivan-Perry,Retail,Australia,Outbound Sales,2024-08-04,3,2026-07-25 00:18:27.665877
2149,"Brooks, Burns and Davidson",Finance,United Kingdom,Outbound Sales,2024-09-05,1,2026-07-25 00:18:27.666220
2150,Ortiz Inc,Consulting,USA,Social Media,2025-07-02,7,2026-07-25 00:18:27.666367
2151,Frederick-Martin,Education,USA,Outbound Sales,2023-07-13,1,2026-07-25 00:18:27.666598
2152,Wise-Walton,Finance,USA,Outbound Sales,2024-11-08,16,2026-07-25 00:18:27.666827
2153,"Fletcher, Reid and Richardson",Manufacturing,Singapore,Outbound Sales,2024-06-25,6,2026-07-25 00:18:27.667155
2154,"Cruz, Coleman and Wright",Logistics,Singapore,Organic,2023-03-31,6,2026-07-25 00:18:27.667475
2155,Dorsey LLC,Manufacturing,Germany,Partner,2025-01-12,7,2026-07-25 00:18:27.667616
2156,"Rhodes, Terry and Brewer",Consulting,USA,Partner,2025-09-07,4,2026-07-25 00:18:27.668009
2157,"Gibson, Becker and King",Manufacturing,India,Partner,2024-02-10,4,2026-07-25 00:18:27.668338
2158,"Lynn, Skinner and Smith",Consulting,USA,Partner,2025-07-24,12,2026-07-25 00:18:27.668650
2159,"Dawson, Cruz and Mccarthy",Education,Australia,Social Media,2023-05-24,2,2026-07-25 00:18:27.668974
2160,"Kent, Liu and Martin",Finance,Canada,Partner,2023-05-05,4,2026-07-25 00:18:27.669290
2161,Holt-Mason,Marketing,Canada,Partner,2024-10-25,20,2026-07-25 00:18:27.669506
2162,"Tanner, Willis and Gross",Education,Singapore,Partner,2025-04-08,8,2026-07-25 00:18:27.669833
2163,Fields LLC,Consulting,Germany,Paid Ads,2023-05-19,14,2026-07-25 00:18:27.669986
2164,Goodman-Conrad,Retail,United Kingdom,Organic,2023-08-10,16,2026-07-25 00:18:27.670209
2165,"Parker, Benitez and Velasquez",Manufacturing,USA,Organic,2024-09-10,16,2026-07-25 00:18:27.670515
2166,Jones Ltd,Finance,Germany,Partner,2023-01-03,17,2026-07-25 00:18:27.670653
2167,"Butler, Roberts and Jordan",Finance,India,Referral,2024-10-11,13,2026-07-25 00:18:27.670965
2168,Lopez-Taylor,Marketing,Singapore,Outbound Sales,2023-10-02,4,2026-07-25 00:18:27.671185
2169,Shaw Inc,Healthcare,India,Paid Ads,2025-01-25,7,2026-07-25 00:18:27.671318
2170,"Olsen, Lopez and Brown",Manufacturing,USA,Outbound Sales,2024-12-01,13,2026-07-25 00:18:27.671624
2171,Green Group,Finance,USA,Partner,2023-10-11,16,2026-07-25 00:18:27.671757
2172,"Durham, Rodriguez and Fields",Education,United Kingdom,Social Media,2024-11-15,19,2026-07-25 00:18:27.672098
2173,Miller-Martinez,E-Commerce,Canada,Social Media,2023-05-04,13,2026-07-25 00:18:27.672321
2174,Johnson-Young,Manufacturing,Germany,Social Media,2023-04-10,20,2026-07-25 00:18:27.672537
2175,"Hodges, Smith and Adams",Marketing,Germany,Outbound Sales,2025-01-23,9,2026-07-25 00:18:27.672837
2176,"Aguilar, Huerta and Davis",Healthcare,United Kingdom,Partner,2023-01-12,4,2026-07-25 00:18:27.673150
2177,Bennett PLC,Finance,Canada,Partner,2025-03-22,16,2026-07-25 00:18:27.673287
2178,Kennedy-Rogers,Retail,Singapore,Referral,2024-02-17,1,2026-07-25 00:18:27.673502
2179,Wood-Wu,Finance,Singapore,Organic,2024-10-29,3,2026-07-25 00:18:27.673717
2180,Everett Ltd,Logistics,Singapore,Organic,2024-05-04,6,2026-07-25 00:18:27.673867
2181,Bishop-Hester,Marketing,Australia,Social Media,2024-09-11,11,2026-07-25 00:18:27.674097
2182,Smith Ltd,Healthcare,Canada,Outbound Sales,2024-05-28,20,2026-07-25 00:18:27.674230
2183,"Houston, Buckley and Johnson",Finance,United Kingdom,Organic,2024-09-16,17,2026-07-25 00:18:27.674526
2184,"Ramirez, Lyons and Briggs",Logistics,United Kingdom,Partner,2023-07-10,7,2026-07-25 00:18:27.674823
2185,Montgomery-Hopkins,Education,Singapore,Partner,2024-07-26,16,2026-07-25 00:18:27.675046
2186,"Gutierrez, Lopez and Andersen",Consulting,Canada,Outbound Sales,2025-01-08,11,2026-07-25 00:18:27.675393
2187,Schultz Inc,Consulting,Australia,Organic,2024-05-15,2,2026-07-25 00:18:27.675530
2188,"Wallace, Lawson and Ross",Marketing,India,Partner,2024-05-20,15,2026-07-25 00:18:27.675847
2189,Bailey Group,Manufacturing,United Kingdom,Partner,2025-08-09,15,2026-07-25 00:18:27.675997
2190,"Stein, Navarro and Carter",Logistics,India,Organic,2025-10-19,6,2026-07-25 00:18:27.676296
2191,"Thomas, Meyer and Armstrong",Consulting,Singapore,Paid Ads,2023-10-31,6,2026-07-25 00:18:27.676595
2192,Anderson Inc,Logistics,Germany,Referral,2025-02-22,10,2026-07-25 00:18:27.676723
2193,"Davies, Archer and Owens",Marketing,Germany,Organic,2024-04-13,19,2026-07-25 00:18:27.677023
2194,Olson PLC,Logistics,Singapore,Outbound Sales,2024-11-24,18,2026-07-25 00:18:27.677156
2195,Lewis Ltd,E-Commerce,Germany,Partner,2024-01-10,18,2026-07-25 00:18:27.677285
2196,Garcia Ltd,Healthcare,Australia,Organic,2025-12-23,13,2026-07-25 00:18:27.677414
2197,Hickman LLC,Education,Germany,Outbound Sales,2023-02-15,13,2026-07-25 00:18:27.677542
2198,Robinson-Scott,E-Commerce,Singapore,Paid Ads,2024-08-18,10,2026-07-25 00:18:27.677750
2199,"Martinez, Taylor and Nichols",Manufacturing,India,Organic,2025-01-09,19,2026-07-25 00:18:27.678076
2200,Pope LLC,SaaS,USA,Paid Ads,2025-02-03,12,2026-07-25 00:18:27.678217
2201,"Miranda, Burke and Schneider",E-Commerce,India,Social Media,2023-12-14,11,2026-07-25 00:18:27.678507
2202,"Paul, Hardy and Valdez",Marketing,India,Partner,2024-08-08,12,2026-07-25 00:18:27.678797
2203,Stokes-Walker,Manufacturing,Germany,Paid Ads,2025-05-22,2,2026-07-25 00:18:27.679015
2204,Miller-Davis,Retail,USA,Referral,2023-06-29,10,2026-07-25 00:18:27.679224
2205,Garner Inc,E-Commerce,India,Social Media,2025-07-08,3,2026-07-25 00:18:27.679351
2206,Anderson-Edwards,Education,India,Paid Ads,2025-06-08,6,2026-07-25 00:18:27.679557
2207,"Mclaughlin, Collins and Lawrence",SaaS,Australia,Paid Ads,2024-08-13,2,2026-07-25 00:18:27.679862
2208,Whitney-Flores,Logistics,Singapore,Partner,2023-10-22,19,2026-07-25 00:18:27.680264
2209,"Peck, Martinez and Alvarado",Consulting,Germany,Paid Ads,2024-07-21,1,2026-07-25 00:18:27.680641
2210,Rodriguez Inc,Logistics,Australia,Organic,2025-07-06,11,2026-07-25 00:18:27.680781
2211,Stewart-Cabrera,Marketing,Australia,Partner,2025-04-16,11,2026-07-25 00:18:27.681005
2212,Porter Group,E-Commerce,India,Partner,2024-04-06,4,2026-07-25 00:18:27.681146
2213,"Campbell, Burgess and Sweeney",Retail,Canada,Partner,2023-08-18,17,2026-07-25 00:18:27.681436
2214,George LLC,Manufacturing,USA,Outbound Sales,2025-12-28,10,2026-07-25 00:18:27.681565
2215,"Martinez, Shea and Mccarthy",Manufacturing,Germany,Referral,2025-02-19,16,2026-07-25 00:18:27.681874
2216,"Poole, Simpson and Padilla",Finance,United Kingdom,Outbound Sales,2025-01-12,7,2026-07-25 00:18:27.682179
2217,Zavala LLC,Education,Canada,Organic,2024-08-08,10,2026-07-25 00:18:27.682308
2218,"Clark, Oconnor and Cochran",E-Commerce,Germany,Referral,2023-08-26,20,2026-07-25 00:18:27.682593
2219,"Williams, Grimes and White",Finance,Singapore,Outbound Sales,2025-12-24,4,2026-07-25 00:18:27.682880
2220,"Myers, Joyce and Hopkins",E-Commerce,Canada,Paid Ads,2025-01-27,3,2026-07-25 00:18:27.683232
2221,Kelley LLC,E-Commerce,United Kingdom,Outbound Sales,2023-09-05,16,2026-07-25 00:18:27.683369
2222,"Kennedy, Bailey and Myers",Marketing,USA,Paid Ads,2024-10-18,3,2026-07-25 00:18:27.683654
2223,"Acosta, Campbell and Leblanc",Education,Australia,Paid Ads,2023-04-22,14,2026-07-25 00:18:27.683974
2224,"Long, Anderson and Goodwin",Consulting,Canada,Referral,2025-12-25,14,2026-07-25 00:18:27.684273
2225,Horn Ltd,Marketing,Canada,Outbound Sales,2025-06-20,17,2026-07-25 00:18:27.684397
2226,Pena-Ray,Logistics,Singapore,Outbound Sales,2024-04-17,6,2026-07-25 00:18:27.684597
2227,"Olson, Merritt and Clark",SaaS,Singapore,Social Media,2024-11-17,17,2026-07-25 00:18:27.684879
2228,"Curtis, Cox and Chase",Healthcare,Australia,Partner,2023-10-31,7,2026-07-25 00:18:27.685169
2229,"Floyd, Garrison and Bennett",Logistics,Canada,Social Media,2023-06-08,18,2026-07-25 00:18:27.685451
2230,"Skinner, Howe and Davis",E-Commerce,United Kingdom,Partner,2024-10-25,19,2026-07-25 00:18:27.685740
2231,Landry Inc,SaaS,Australia,Referral,2025-01-06,12,2026-07-25 00:18:27.685883
2232,"Morgan, Hamilton and Hernandez",Logistics,USA,Referral,2025-03-11,5,2026-07-25 00:18:27.686182
2233,Johnson and Sons,Education,United Kingdom,Partner,2024-09-19,14,2026-07-25 00:18:27.686309
2234,Turner-Carlson,Manufacturing,United Kingdom,Organic,2024-09-08,7,2026-07-25 00:18:27.686509
2235,"Mcgee, Parsons and Esparza",Marketing,Canada,Paid Ads,2023-09-25,6,2026-07-25 00:18:27.686791
2236,"Davis, Ford and Meyers",Education,Singapore,Outbound Sales,2025-11-07,8,2026-07-25 00:18:27.687083
2237,Chen-Wallace,Marketing,USA,Organic,2024-08-16,5,2026-07-25 00:18:27.687288
2238,Wilson Inc,Retail,India,Referral,2023-01-19,10,2026-07-25 00:18:27.687412
2239,"Barnett, Hicks and Johnson",Logistics,Germany,Outbound Sales,2025-01-29,14,2026-07-25 00:18:27.687693
2240,"Mendoza, Benson and Davis",Marketing,Singapore,Organic,2025-06-09,7,2026-07-25 00:18:27.688004
2241,Cruz Ltd,Healthcare,Canada,Referral,2025-07-10,1,2026-07-25 00:18:27.688137
2242,Evans-Martinez,Education,United Kingdom,Paid Ads,2025-12-27,18,2026-07-25 00:18:27.688337
2243,Reeves PLC,Healthcare,Singapore,Organic,2024-05-20,16,2026-07-25 00:18:27.688463
2244,Hess-Smith,SaaS,India,Organic,2023-10-15,11,2026-07-25 00:18:27.688663
2245,"Logan, Moreno and Brown",E-Commerce,Canada,Organic,2025-05-13,14,2026-07-25 00:18:27.688953
2246,"Reeves, Tyler and Martinez",Manufacturing,Singapore,Social Media,2025-06-27,3,2026-07-25 00:18:27.689237
2247,"Merritt, White and George",Marketing,United Kingdom,Social Media,2023-11-19,5,2026-07-25 00:18:27.689518
2248,Peters LLC,Retail,India,Outbound Sales,2023-10-07,17,2026-07-25 00:18:27.689642
2249,Anderson and Sons,Finance,Australia,Social Media,2023-07-11,19,2026-07-25 00:18:27.689765
2250,Miller LLC,Consulting,Canada,Partner,2025-10-10,3,2026-07-25 00:18:27.689906
2251,Whitney PLC,Retail,Australia,Organic,2023-02-24,11,2026-07-25 00:18:27.690047
2252,Burch-Jackson,Manufacturing,United Kingdom,Outbound Sales,2024-04-08,13,2026-07-25 00:18:27.690248
2253,Wright Inc,Retail,Germany,Referral,2025-10-19,5,2026-07-25 00:18:27.690373
2254,Hopkins-Wallace,Finance,USA,Referral,2025-03-17,9,2026-07-25 00:18:27.690575
2255,Neal-Mills,Logistics,Germany,Paid Ads,2025-06-15,19,2026-07-25 00:18:27.690776
2256,"Medina, Clark and Garcia",SaaS,Germany,Outbound Sales,2024-06-30,12,2026-07-25 00:18:27.691067
2257,Johnson and Sons,Finance,Canada,Outbound Sales,2023-03-11,14,2026-07-25 00:18:27.691194
2258,Bernard PLC,Logistics,Singapore,Referral,2024-04-10,9,2026-07-25 00:18:27.691317
2259,Vargas LLC,Healthcare,Canada,Partner,2025-05-07,12,2026-07-25 00:18:27.691441
2260,"Dean, Jones and Scott",Education,India,Social Media,2023-07-19,20,2026-07-25 00:18:27.691725
2261,"Mckee, Ross and Miller",SaaS,United Kingdom,Social Media,2024-08-16,2,2026-07-25 00:18:27.692039
2262,"Coleman, Neal and Herrera",Retail,Canada,Outbound Sales,2024-01-30,13,2026-07-25 00:18:27.692331
2263,"Oconnor, Cowan and Terry",Education,Singapore,Social Media,2023-04-20,12,2026-07-25 00:18:27.692619
2264,"Watson, Sandoval and Hoover",Finance,Australia,Referral,2023-10-27,15,2026-07-25 00:18:27.692903
2265,Barnes and Sons,Marketing,India,Partner,2025-07-28,9,2026-07-25 00:18:27.693037
2266,Gray-Maynard,Education,India,Referral,2024-05-06,10,2026-07-25 00:18:27.693239
2267,Nelson PLC,Retail,United Kingdom,Referral,2024-01-20,15,2026-07-25 00:18:27.693363
2268,"Kelley, Jones and Bowman",Manufacturing,United Kingdom,Social Media,2023-06-20,14,2026-07-25 00:18:27.693647
2269,Strickland-Thomas,SaaS,Canada,Organic,2024-07-17,16,2026-07-25 00:18:27.693851
2270,Smith-Bennett,Logistics,Singapore,Partner,2023-12-17,11,2026-07-25 00:18:27.694083
2271,Lynn-Patton,Marketing,United Kingdom,Organic,2023-12-12,6,2026-07-25 00:18:27.694292
2272,Fox LLC,Education,Australia,Organic,2023-07-11,12,2026-07-25 00:18:27.694417
2273,Davis-Bailey,Marketing,Australia,Social Media,2025-07-03,18,2026-07-25 00:18:27.694619
2274,Arnold-Lawson,Manufacturing,Germany,Social Media,2025-06-07,1,2026-07-25 00:18:27.694826
2275,Stewart Group,SaaS,Singapore,Social Media,2023-03-16,6,2026-07-25 00:18:27.694959
2276,Shaffer-Byrd,Logistics,United Kingdom,Social Media,2023-10-08,5,2026-07-25 00:18:27.695163
2277,"Wheeler, Atkinson and Woods",SaaS,Germany,Referral,2025-04-05,10,2026-07-25 00:18:27.695447
2278,Smith-Palmer,Manufacturing,Australia,Organic,2023-07-18,4,2026-07-25 00:18:27.695649
2279,"Martinez, Gray and Moss",Healthcare,USA,Outbound Sales,2023-08-30,5,2026-07-25 00:18:27.696037
2280,"Fowler, Wood and Waters",E-Commerce,Singapore,Partner,2023-03-24,11,2026-07-25 00:18:27.696510
2281,"Barnes, Ellis and Gonzales",Logistics,Germany,Social Media,2025-11-19,5,2026-07-25 00:18:27.696821
2282,Shaw-Hill,Education,USA,Social Media,2024-07-03,19,2026-07-25 00:18:27.697040
2283,"David, Keith and Cervantes",Manufacturing,United Kingdom,Paid Ads,2024-10-26,7,2026-07-25 00:18:27.697332
2284,"Hodge, Meza and Russell",Finance,Germany,Paid Ads,2024-04-19,6,2026-07-25 00:18:27.697619
2285,Walters Inc,Marketing,Germany,Outbound Sales,2024-04-30,8,2026-07-25 00:18:27.697747
2286,Martin Inc,SaaS,India,Outbound Sales,2024-01-08,20,2026-07-25 00:18:27.697872
2287,"Mitchell, Noble and Stokes",Retail,India,Partner,2023-05-12,7,2026-07-25 00:18:27.698230
2288,Rhodes-Randolph,Education,Singapore,Referral,2023-01-17,2,2026-07-25 00:18:27.698442
2289,Jimenez-Jennings,Marketing,Australia,Partner,2023-07-31,20,2026-07-25 00:18:27.698646
2290,"Wolfe, Sullivan and Jensen",Education,USA,Organic,2025-11-17,12,2026-07-25 00:18:27.698937
2291,"Coleman, Ferguson and Reed",Healthcare,Australia,Organic,2023-01-12,1,2026-07-25 00:18:27.699255
2292,"Sutton, Williams and West",Consulting,Germany,Partner,2025-10-24,16,2026-07-25 00:18:27.699547
2293,"Conrad, Gallagher and Mckee",Finance,USA,Social Media,2023-09-19,7,2026-07-25 00:18:27.699839
2294,Richardson and Sons,Retail,United Kingdom,Paid Ads,2023-09-29,10,2026-07-25 00:18:27.700001
2295,Farley-Henderson,Logistics,Germany,Referral,2025-03-08,14,2026-07-25 00:18:27.700216
2296,Brooks Inc,Retail,Australia,Referral,2024-08-11,10,2026-07-25 00:18:27.700343
2297,"Wright, Ryan and Miranda",Retail,Germany,Referral,2024-06-09,14,2026-07-25 00:18:27.700627
2298,Evans-Carter,Healthcare,India,Paid Ads,2023-07-03,9,2026-07-25 00:18:27.700831
2299,Rojas PLC,Retail,Australia,Partner,2023-11-27,8,2026-07-25 00:18:27.700967
2300,Leblanc Ltd,Manufacturing,Australia,Social Media,2024-09-03,15,2026-07-25 00:18:27.701095
2301,Walls PLC,Finance,India,Partner,2025-03-11,5,2026-07-25 00:18:27.701223
2302,Kelly PLC,Manufacturing,Singapore,Partner,2025-01-28,7,2026-07-25 00:18:27.701373
2303,Evans-Rodriguez,Marketing,Singapore,Partner,2024-12-16,20,2026-07-25 00:18:27.701604
2304,"Lopez, Gomez and Garcia",Education,India,Organic,2024-06-27,18,2026-07-25 00:18:27.701894
2305,Miller PLC,SaaS,India,Paid Ads,2025-02-03,8,2026-07-25 00:18:27.702050
2306,Martinez-Freeman,Logistics,Canada,Outbound Sales,2023-08-27,20,2026-07-25 00:18:27.702257
2307,"Wright, Ruiz and Brooks",SaaS,India,Paid Ads,2023-08-30,17,2026-07-25 00:18:27.702543
2308,Mcclain-Herrera,E-Commerce,Germany,Paid Ads,2024-07-20,13,2026-07-25 00:18:27.702748
2309,Mayo Ltd,Manufacturing,USA,Outbound Sales,2024-02-23,2,2026-07-25 00:18:27.702875
2310,Taylor Ltd,E-Commerce,USA,Paid Ads,2024-11-13,6,2026-07-25 00:18:27.703009
2311,Howard Ltd,Consulting,Germany,Paid Ads,2024-11-05,15,2026-07-25 00:18:27.703138
2312,Lopez Inc,Healthcare,India,Paid Ads,2023-11-05,17,2026-07-25 00:18:27.703262
2313,Fisher-Rivera,Marketing,USA,Paid Ads,2023-07-27,4,2026-07-25 00:18:27.703465
2314,Wade Group,Manufacturing,India,Referral,2023-02-19,16,2026-07-25 00:18:27.703591
2315,Wilson-Burns,Education,Singapore,Paid Ads,2025-10-30,14,2026-07-25 00:18:27.703794
2316,"Klein, Nguyen and Duran",Education,Canada,Outbound Sales,2025-02-08,9,2026-07-25 00:18:27.704106
2317,"Barber, Harmon and Petersen",Consulting,Canada,Partner,2024-09-13,6,2026-07-25 00:18:27.704400
2318,Rosario Inc,Manufacturing,Singapore,Partner,2023-07-24,5,2026-07-25 00:18:27.704526
2319,Cooper Inc,Consulting,United Kingdom,Social Media,2023-07-15,15,2026-07-25 00:18:27.704651
2320,Williams LLC,SaaS,USA,Referral,2025-11-29,2,2026-07-25 00:18:27.704775
2321,"Mclaughlin, Hamilton and Roberts",Retail,USA,Organic,2024-10-29,16,2026-07-25 00:18:27.705070
2322,Hodges and Sons,Education,USA,Social Media,2025-01-24,15,2026-07-25 00:18:27.705197
2323,Daniel and Sons,Marketing,India,Partner,2025-08-17,2,2026-07-25 00:18:27.705322
2324,Wang-Lin,Logistics,Canada,Social Media,2024-01-23,18,2026-07-25 00:18:27.705524
2325,Estrada Group,Logistics,Germany,Partner,2025-12-24,4,2026-07-25 00:18:27.705648
2326,Mccarthy-Patrick,Healthcare,India,Paid Ads,2023-11-05,3,2026-07-25 00:18:27.705850
2327,"Shaw, White and Riddle",Retail,United Kingdom,Paid Ads,2025-12-25,6,2026-07-25 00:18:27.706159
2328,"Walters, Perez and Anderson",Healthcare,Singapore,Outbound Sales,2025-07-07,9,2026-07-25 00:18:27.706450
2329,Mooney-Hickman,E-Commerce,Singapore,Outbound Sales,2023-03-01,7,2026-07-25 00:18:27.706654
2330,Jensen Inc,E-Commerce,India,Outbound Sales,2024-10-24,19,2026-07-25 00:18:27.706779
2331,Russell-Torres,Healthcare,Germany,Organic,2023-03-21,8,2026-07-25 00:18:27.706992
2332,Walker Group,Logistics,Singapore,Organic,2025-09-10,11,2026-07-25 00:18:27.707120
2333,Hicks Ltd,SaaS,Canada,Social Media,2025-01-14,4,2026-07-25 00:18:27.707245
2334,Rodriguez-Cox,Marketing,Canada,Outbound Sales,2023-03-22,4,2026-07-25 00:18:27.707447
2335,"Barnes, Flores and Williams",Manufacturing,USA,Organic,2024-06-29,3,2026-07-25 00:18:27.707730
2336,Williams Ltd,Logistics,United Kingdom,Social Media,2023-03-05,16,2026-07-25 00:18:27.707855
2337,Mitchell LLC,Logistics,Singapore,Paid Ads,2024-05-14,20,2026-07-25 00:18:27.708009
2338,Jordan LLC,SaaS,Canada,Organic,2025-07-31,20,2026-07-25 00:18:27.708143
2339,Cook-Rodriguez,Logistics,Canada,Social Media,2025-02-02,19,2026-07-25 00:18:27.708346
2340,Vega and Sons,Healthcare,USA,Organic,2025-11-05,10,2026-07-25 00:18:27.708473
2341,Figueroa-Ward,Manufacturing,United Kingdom,Organic,2024-05-29,3,2026-07-25 00:18:27.708677
2342,"Jacobs, Allen and Hill",Consulting,Australia,Partner,2025-07-03,3,2026-07-25 00:18:27.708971
2343,Miller-Rodriguez,Marketing,Canada,Referral,2025-06-26,8,2026-07-25 00:18:27.709176
2344,"Guzman, Williams and Donaldson",Marketing,India,Organic,2025-09-04,7,2026-07-25 00:18:27.709462
2345,Lee Group,Healthcare,Germany,Partner,2025-10-13,10,2026-07-25 00:18:27.709588
2346,Mcmahon PLC,Healthcare,India,Paid Ads,2023-06-03,16,2026-07-25 00:18:27.709715
2347,Swanson-Mayo,Marketing,Singapore,Paid Ads,2024-06-16,20,2026-07-25 00:18:27.709917
2348,"Le, Williams and Lee",Healthcare,Canada,Social Media,2023-11-10,4,2026-07-25 00:18:27.710238
2349,"King, Wiley and Castaneda",Manufacturing,Australia,Referral,2025-05-05,16,2026-07-25 00:18:27.710527
2350,Jacobson-West,Logistics,Germany,Partner,2025-05-20,9,2026-07-25 00:18:27.710732
2351,Jones-Barnes,E-Commerce,Australia,Partner,2023-07-02,3,2026-07-25 00:18:27.710943
2352,Jackson LLC,Marketing,United Kingdom,Paid Ads,2025-02-21,20,2026-07-25 00:18:27.711075
2353,Roberts PLC,Healthcare,Germany,Social Media,2025-12-18,14,2026-07-25 00:18:27.711200
2354,"Lee, Olsen and Simpson",Finance,India,Outbound Sales,2023-04-05,11,2026-07-25 00:18:27.711486
2355,"Mata, Martin and Christensen",Logistics,Singapore,Referral,2025-04-07,5,2026-07-25 00:18:27.711773
2356,"Chan, Morales and Nelson",Logistics,Australia,Social Media,2024-08-19,17,2026-07-25 00:18:27.712351
2357,Moore and Sons,Finance,Canada,Partner,2023-10-13,14,2026-07-25 00:18:27.712544
2358,"Smith, Mcfarland and Hunt",Finance,United Kingdom,Partner,2025-07-08,10,2026-07-25 00:18:27.712970
2359,"Le, Green and Phelps",Healthcare,USA,Social Media,2025-02-21,10,2026-07-25 00:18:27.713358
2360,"Adams, Wilson and Walker",Retail,Australia,Partner,2024-04-05,10,2026-07-25 00:18:27.713731
2361,Carter Ltd,E-Commerce,India,Outbound Sales,2025-04-08,3,2026-07-25 00:18:27.713888
2362,Ho-Nelson,SaaS,Australia,Organic,2023-08-19,17,2026-07-25 00:18:27.714170
2363,"Whitney, Mayo and Clark",Marketing,Germany,Organic,2023-03-22,15,2026-07-25 00:18:27.714544
2364,Wong Ltd,E-Commerce,United Kingdom,Paid Ads,2023-06-30,12,2026-07-25 00:18:27.714700
2365,Nguyen-Potts,Education,Australia,Organic,2025-07-29,17,2026-07-25 00:18:27.714975
2366,Bowen-Ortiz,SaaS,India,Social Media,2025-05-03,15,2026-07-25 00:18:27.715241
2367,Nguyen-Brown,Healthcare,United Kingdom,Referral,2025-08-07,13,2026-07-25 00:18:27.715549
2368,Robinson-Sanford,SaaS,India,Partner,2023-01-17,10,2026-07-25 00:18:27.715815
2369,Bonilla-Medina,Manufacturing,Australia,Social Media,2023-10-02,15,2026-07-25 00:18:27.716093
2370,Sharp Ltd,Logistics,Australia,Paid Ads,2025-06-25,11,2026-07-25 00:18:27.716256
2371,"Scott, Sims and Munoz",Healthcare,USA,Referral,2024-08-16,3,2026-07-25 00:18:27.716626
2372,Walker-Adams,E-Commerce,Canada,Social Media,2023-11-17,4,2026-07-25 00:18:27.716889
2373,"Morton, Mullins and Moore",Marketing,Australia,Organic,2025-06-22,1,2026-07-25 00:18:27.717282
2374,"Barber, Richardson and Barrera",Marketing,India,Organic,2023-12-26,6,2026-07-25 00:18:27.717655
2375,White-Lopez,Logistics,Germany,Social Media,2023-05-26,13,2026-07-25 00:18:27.717916
2376,Hudson Ltd,E-Commerce,Singapore,Partner,2023-10-01,10,2026-07-25 00:18:27.718096
2377,"Campbell, Collins and Mcclure",E-Commerce,United Kingdom,Outbound Sales,2023-10-08,12,2026-07-25 00:18:27.718463
2378,"Franklin, Jones and Jones",Marketing,United Kingdom,Paid Ads,2024-09-04,3,2026-07-25 00:18:27.718828
2379,Stout-Waller,Healthcare,USA,Organic,2024-01-16,7,2026-07-25 00:18:27.719107
2380,"Rose, Acosta and Morton",Finance,United Kingdom,Organic,2023-06-05,7,2026-07-25 00:18:27.719522
2381,Gray Inc,SaaS,USA,Partner,2025-07-26,5,2026-07-25 00:18:27.719683
2382,Hines Ltd,Retail,Germany,Social Media,2023-06-20,18,2026-07-25 00:18:27.719838
2383,Wright Inc,Retail,India,Paid Ads,2023-03-09,15,2026-07-25 00:18:27.720011
2384,Mays PLC,Healthcare,Germany,Partner,2024-02-20,1,2026-07-25 00:18:27.720172
2385,Rosario Inc,Finance,USA,Referral,2023-01-21,15,2026-07-25 00:18:27.720327
2386,"Meyers, Farrell and Miller",Logistics,Germany,Organic,2025-04-22,15,2026-07-25 00:18:27.720690
2387,Malone-Stafford,E-Commerce,USA,Referral,2023-08-05,10,2026-07-25 00:18:27.720964
2388,Rivera-Moore,E-Commerce,United Kingdom,Partner,2023-09-11,2,2026-07-25 00:18:27.721229
2389,"Holt, Burton and Martinez",Manufacturing,India,Organic,2023-03-28,14,2026-07-25 00:18:27.721594
2390,Stephens Inc,Marketing,United Kingdom,Partner,2023-03-11,19,2026-07-25 00:18:27.721748
2391,Thomas-Barr,E-Commerce,Singapore,Outbound Sales,2025-03-05,10,2026-07-25 00:18:27.722023
2392,Simmons and Sons,SaaS,Germany,Partner,2023-02-07,16,2026-07-25 00:18:27.722185
2393,"Mitchell, Dorsey and Cohen",Consulting,Australia,Social Media,2024-07-02,20,2026-07-25 00:18:27.722549
2394,"Carson, Rodriguez and Jackson",Logistics,USA,Social Media,2025-12-02,2,2026-07-25 00:18:27.722914
2395,Garcia LLC,Consulting,India,Partner,2023-06-21,19,2026-07-25 00:18:27.723093
2396,Gilbert Inc,Manufacturing,Australia,Organic,2024-07-09,9,2026-07-25 00:18:27.723249
2397,Huang PLC,Marketing,Germany,Organic,2024-07-14,16,2026-07-25 00:18:27.723403
2398,Patterson LLC,E-Commerce,Singapore,Paid Ads,2023-08-23,15,2026-07-25 00:18:27.723557
2399,Shelton and Sons,Marketing,India,Referral,2025-07-20,10,2026-07-25 00:18:27.723710
2400,"Turner, Roth and Bailey",Retail,Germany,Paid Ads,2025-11-02,15,2026-07-25 00:18:27.724095
2401,Hendricks-Stanley,Retail,Australia,Referral,2023-06-11,19,2026-07-25 00:18:27.724360
2402,"Lindsey, Mccormick and Hensley",Manufacturing,Australia,Social Media,2024-02-17,15,2026-07-25 00:18:27.724725
2403,"Thomas, Hernandez and Griffin",Healthcare,Canada,Social Media,2023-08-19,13,2026-07-25 00:18:27.725110
2404,Wilson Group,Marketing,United Kingdom,Social Media,2025-01-13,12,2026-07-25 00:18:27.725271
2405,Davis and Sons,Logistics,United Kingdom,Referral,2024-03-08,20,2026-07-25 00:18:27.725428
2406,Gomez-Snyder,Retail,Canada,Social Media,2023-10-10,3,2026-07-25 00:18:27.725682
2407,"Dudley, Guzman and Fields",Logistics,USA,Referral,2025-01-17,7,2026-07-25 00:18:27.726067
2408,"Dorsey, Reyes and Dunn",Healthcare,Australia,Partner,2023-08-03,4,2026-07-25 00:18:27.726437
2409,"Vasquez, Herrera and Hall",Marketing,Germany,Paid Ads,2025-04-16,8,2026-07-25 00:18:27.726800
2410,"Espinoza, Rose and Frank",Retail,Australia,Organic,2023-05-10,1,2026-07-25 00:18:27.727184
2411,"Miller, Ward and Harris",Manufacturing,Canada,Paid Ads,2023-12-07,6,2026-07-25 00:18:27.727554
2412,Grant-Rosario,Healthcare,United Kingdom,Outbound Sales,2023-01-27,2,2026-07-25 00:18:27.727812
2413,Pruitt LLC,Finance,Canada,Partner,2023-06-21,4,2026-07-25 00:18:27.728105
2414,Stevens-Conley,E-Commerce,USA,Organic,2023-08-05,18,2026-07-25 00:18:27.728682
2415,Sanchez-Carey,Retail,Germany,Paid Ads,2025-05-06,11,2026-07-25 00:18:27.728937
2416,"Taylor, Hayden and Padilla",Manufacturing,United Kingdom,Organic,2023-03-28,18,2026-07-25 00:18:27.729297
2417,"Johnson, Hanna and Watson",Education,USA,Social Media,2024-08-09,17,2026-07-25 00:18:27.729602
2418,Bates Inc,E-Commerce,Singapore,Organic,2025-12-25,2,2026-07-25 00:18:27.729763
2419,"Harrell, Johnson and Diaz",Logistics,United Kingdom,Partner,2025-01-10,4,2026-07-25 00:18:27.730086
2420,Jones PLC,Finance,United Kingdom,Outbound Sales,2023-05-03,20,2026-07-25 00:18:27.730220
2421,Cannon Group,Finance,United Kingdom,Outbound Sales,2024-10-09,2,2026-07-25 00:18:27.730349
2422,"Rose, Rush and Harrison",Consulting,India,Referral,2023-08-06,4,2026-07-25 00:18:27.730644
2423,Harrington-Dominguez,Retail,Canada,Referral,2024-06-08,10,2026-07-25 00:18:27.730853
2424,Moore Ltd,Logistics,United Kingdom,Outbound Sales,2024-03-21,16,2026-07-25 00:18:27.730992
2425,"Potter, Gordon and Smith",Finance,USA,Social Media,2023-02-19,12,2026-07-25 00:18:27.731317
2426,"Vaughan, Gibson and Dawson",Manufacturing,United Kingdom,Referral,2024-10-20,4,2026-07-25 00:18:27.731651
2427,"Shaw, Fletcher and Henderson",Retail,Germany,Partner,2024-02-05,1,2026-07-25 00:18:27.731988
2428,Dudley-Boyd,Retail,United Kingdom,Partner,2023-09-01,11,2026-07-25 00:18:27.732209
2429,"Lewis, Montgomery and Robinson",Education,Australia,Referral,2023-07-14,3,2026-07-25 00:18:27.732510
2430,"Daugherty, Jacobs and Jones",Education,Canada,Social Media,2023-10-13,14,2026-07-25 00:18:27.732808
2431,Woods-Delgado,Manufacturing,Singapore,Social Media,2025-12-11,8,2026-07-25 00:18:27.733036
2432,Martin-Pratt,Healthcare,United Kingdom,Outbound Sales,2024-09-21,14,2026-07-25 00:18:27.733251
2433,Lee-Rodriguez,Retail,USA,Partner,2025-10-01,14,2026-07-25 00:18:27.733463
2434,Morrison-Bradford,Marketing,Germany,Outbound Sales,2023-05-01,12,2026-07-25 00:18:27.733675
2435,Campbell PLC,SaaS,Germany,Referral,2023-02-13,1,2026-07-25 00:18:27.733852
2436,Lewis Inc,Consulting,India,Organic,2023-06-15,11,2026-07-25 00:18:27.734004
2437,Arnold Ltd,Manufacturing,Germany,Referral,2024-04-25,14,2026-07-25 00:18:27.734139
2438,Adams PLC,SaaS,Germany,Organic,2023-02-20,5,2026-07-25 00:18:27.734267
2439,Elliott Group,E-Commerce,India,Social Media,2025-05-27,17,2026-07-25 00:18:27.734398
2440,Edwards LLC,Education,Germany,Partner,2023-03-12,18,2026-07-25 00:18:27.734530
2441,Walton-Benjamin,Education,Singapore,Social Media,2023-01-14,11,2026-07-25 00:18:27.734779
2442,Edwards Group,Manufacturing,India,Paid Ads,2025-02-16,17,2026-07-25 00:18:27.734917
2443,Park Inc,E-Commerce,USA,Social Media,2024-07-06,13,2026-07-25 00:18:27.735059
2444,Mosley-Gordon,Logistics,Singapore,Referral,2024-05-29,18,2026-07-25 00:18:27.735269
2445,Johnson Group,E-Commerce,United Kingdom,Outbound Sales,2025-02-19,15,2026-07-25 00:18:27.735399
2446,"Melton, Johnson and Martin",Manufacturing,United Kingdom,Social Media,2025-01-10,13,2026-07-25 00:18:27.735692
2447,Miller-Garrett,Retail,Canada,Organic,2025-11-26,2,2026-07-25 00:18:27.735961
2448,Aguirre Ltd,Consulting,Canada,Partner,2023-12-26,5,2026-07-25 00:18:27.736104
2449,"Martin, Stuart and Black",Consulting,Australia,Paid Ads,2023-08-07,7,2026-07-25 00:18:27.736401
2450,"Mills, Mack and West",Finance,Australia,Outbound Sales,2025-08-03,10,2026-07-25 00:18:27.736699
2451,Carter-Hanson,Consulting,Canada,Social Media,2023-07-23,6,2026-07-25 00:18:27.736910
2452,Macdonald Ltd,SaaS,India,Outbound Sales,2024-10-31,19,2026-07-25 00:18:27.737053
2453,Clark PLC,Education,USA,Paid Ads,2024-08-25,14,2026-07-25 00:18:27.737201
2454,Rubio PLC,Consulting,India,Social Media,2025-07-31,2,2026-07-25 00:18:27.737333
2455,Davis-Smith,Manufacturing,Canada,Social Media,2025-09-02,17,2026-07-25 00:18:27.737542
2456,"Dillon, Salinas and Jacobson",Manufacturing,India,Organic,2024-04-25,4,2026-07-25 00:18:27.737873
2457,Gibson and Sons,Logistics,Canada,Outbound Sales,2025-02-14,1,2026-07-25 00:18:27.738054
2458,Jones PLC,Logistics,Canada,Referral,2024-04-04,19,2026-07-25 00:18:27.738183
2459,Davis-White,E-Commerce,Singapore,Social Media,2024-07-18,18,2026-07-25 00:18:27.738390
2460,Andersen-Good,E-Commerce,USA,Paid Ads,2024-12-16,10,2026-07-25 00:18:27.738600
2461,"Glass, Case and Bonilla",Education,Singapore,Social Media,2024-11-17,19,2026-07-25 00:18:27.738891
2462,Cox LLC,Healthcare,Singapore,Partner,2025-01-28,17,2026-07-25 00:18:27.739029
2463,Vincent-Stark,Retail,India,Paid Ads,2024-09-14,17,2026-07-25 00:18:27.739240
2464,Richardson-Kirk,E-Commerce,USA,Paid Ads,2023-07-20,15,2026-07-25 00:18:27.739446
2465,Miller-Gutierrez,Finance,USA,Social Media,2024-05-02,14,2026-07-25 00:18:27.739652
2466,Rich-Esparza,Marketing,India,Organic,2024-11-30,2,2026-07-25 00:18:27.739886
2467,"Madden, Brown and Gibbs",Marketing,USA,Partner,2023-03-08,7,2026-07-25 00:18:27.740193
2468,"Smith, Farrell and Roberts",Logistics,India,Paid Ads,2025-12-23,17,2026-07-25 00:18:27.740489
2469,"Ross, Jones and Price",Marketing,Australia,Outbound Sales,2023-09-03,17,2026-07-25 00:18:27.740781
2470,"Davis, Owens and Day",Marketing,United Kingdom,Paid Ads,2024-12-19,19,2026-07-25 00:18:27.741081
2471,Miller Ltd,Logistics,Singapore,Partner,2024-12-23,15,2026-07-25 00:18:27.741210
2472,Tate-Gonzalez,Logistics,Singapore,Partner,2023-06-18,6,2026-07-25 00:18:27.741417
2473,Stewart PLC,Healthcare,Australia,Referral,2024-05-25,16,2026-07-25 00:18:27.741544
2474,Park Group,Logistics,USA,Social Media,2025-01-25,17,2026-07-25 00:18:27.741670
2475,Gibson-Gardner,Consulting,India,Social Media,2023-06-27,7,2026-07-25 00:18:27.741899
2476,Bowman LLC,Logistics,Germany,Organic,2024-12-31,6,2026-07-25 00:18:27.742059
2477,Huerta Group,Consulting,Canada,Organic,2025-06-01,20,2026-07-25 00:18:27.742188
2478,Clarke-Irwin,Marketing,India,Organic,2023-04-07,12,2026-07-25 00:18:27.742396
2479,Lewis Inc,E-Commerce,Canada,Organic,2023-11-28,17,2026-07-25 00:18:27.742524
2480,Nelson-Reid,Healthcare,India,Paid Ads,2025-11-28,10,2026-07-25 00:18:27.742734
2481,Jones Group,Manufacturing,Canada,Paid Ads,2023-05-10,16,2026-07-25 00:18:27.742860
2482,Russo-Hayes,SaaS,United Kingdom,Referral,2023-05-07,5,2026-07-25 00:18:27.743130
2483,"Lewis, Orozco and White",E-Commerce,Germany,Organic,2024-10-14,10,2026-07-25 00:18:27.743431
2484,Jacobson Group,Education,USA,Referral,2023-03-25,16,2026-07-25 00:18:27.743559
2485,Martin-Bailey,SaaS,India,Outbound Sales,2024-06-15,12,2026-07-25 00:18:27.743766
2486,Alvarez-Barker,Finance,United Kingdom,Organic,2024-10-13,14,2026-07-25 00:18:27.744230
2487,"Kim, Gaines and Hudson",Logistics,Australia,Paid Ads,2023-09-07,19,2026-07-25 00:18:27.744733
2488,"Logan, Harper and Miller",Logistics,Canada,Partner,2023-01-16,16,2026-07-25 00:18:27.745142
2489,"Jensen, Morris and Downs",E-Commerce,USA,Referral,2025-11-03,17,2026-07-25 00:18:27.745584
2490,Hernandez Group,Logistics,United Kingdom,Partner,2024-05-06,15,2026-07-25 00:18:27.745759
2491,Lin-Wilson,Healthcare,United Kingdom,Social Media,2023-08-18,11,2026-07-25 00:18:27.746046
2492,Baker-Bowen,Finance,United Kingdom,Outbound Sales,2025-11-12,20,2026-07-25 00:18:27.746316
2493,Walters Ltd,Marketing,Germany,Referral,2024-11-30,13,2026-07-25 00:18:27.746478
2494,Johnson Ltd,Manufacturing,Australia,Organic,2025-06-17,15,2026-07-25 00:18:27.746645
2495,Horton-Schroeder,Education,Singapore,Organic,2023-10-19,6,2026-07-25 00:18:27.747024
2496,Robinson-Clark,SaaS,Australia,Social Media,2025-07-22,10,2026-07-25 00:18:27.747404
2497,"Ray, Smith and Cervantes",Consulting,Singapore,Organic,2023-10-24,18,2026-07-25 00:18:27.747860
2498,Mosley-Shaw,Finance,USA,Outbound Sales,2023-01-26,18,2026-07-25 00:18:27.748175
2499,"Porter, Duarte and Gutierrez",E-Commerce,United Kingdom,Organic,2023-07-13,19,2026-07-25 00:18:27.748681
2500,Clayton-Simmons,Consulting,USA,Partner,2024-06-30,17,2026-07-25 00:18:27.749057
2501,House Group,SaaS,India,Social Media,2024-06-05,18,2026-07-25 00:18:27.749285
2502,Thompson-Larson,Healthcare,India,Paid Ads,2024-10-27,7,2026-07-25 00:18:27.749650
2503,James-Bruce,Retail,United Kingdom,Social Media,2025-04-23,19,2026-07-25 00:18:27.750050
2504,"Kim, Campbell and Oliver",Logistics,India,Outbound Sales,2025-12-05,20,2026-07-25 00:18:27.750594
2505,Shaffer Inc,Manufacturing,Germany,Outbound Sales,2023-06-04,2,2026-07-25 00:18:27.750819
2506,"Smith, Randolph and Garcia",Logistics,United Kingdom,Organic,2023-05-20,11,2026-07-25 00:18:27.751337
2507,"Garcia, Wallace and Perkins",Marketing,USA,Partner,2025-08-27,1,2026-07-25 00:18:27.751769
2508,"Roberts, Fisher and Walker",Consulting,Canada,Partner,2023-02-20,9,2026-07-25 00:18:27.752195
2509,"James, Gonzalez and Harrison",Finance,India,Organic,2024-12-07,18,2026-07-25 00:18:27.752582
2510,Ponce-Sloan,Healthcare,Canada,Referral,2023-07-13,6,2026-07-25 00:18:27.752846
2511,"Padilla, Figueroa and Smith",Education,United Kingdom,Organic,2024-10-03,5,2026-07-25 00:18:27.753242
2512,Romero LLC,Education,Germany,Social Media,2024-08-04,6,2026-07-25 00:18:27.753406
2513,Parker-Orr,SaaS,Australia,Paid Ads,2025-10-20,6,2026-07-25 00:18:27.753670
2514,"Allen, Mccullough and Perry",SaaS,Singapore,Organic,2024-10-06,10,2026-07-25 00:18:27.754061
2515,Hernandez LLC,Marketing,India,Paid Ads,2023-01-25,5,2026-07-25 00:18:27.754267
2516,"Greene, Rogers and Haley",Marketing,Canada,Paid Ads,2025-03-17,13,2026-07-25 00:18:27.754647
2517,Peters Group,Finance,India,Referral,2024-10-30,8,2026-07-25 00:18:27.754807
2518,"Newman, Poole and Solis",E-Commerce,Australia,Referral,2023-10-27,16,2026-07-25 00:18:27.755202
2519,Anderson-Fields,Consulting,United Kingdom,Outbound Sales,2025-06-16,13,2026-07-25 00:18:27.755507
2520,Strong-Holmes,Finance,Canada,Organic,2023-09-27,11,2026-07-25 00:18:27.755831
2521,Garcia and Sons,Logistics,Australia,Partner,2024-11-10,3,2026-07-25 00:18:27.756041
2522,Welch Group,Logistics,India,Partner,2025-02-22,8,2026-07-25 00:18:27.756210
2523,Hood-Moore,SaaS,Canada,Outbound Sales,2025-09-01,19,2026-07-25 00:18:27.756474
2524,Davis Inc,Finance,USA,Outbound Sales,2024-05-15,5,2026-07-25 00:18:27.756632
2525,Fuller PLC,Education,Australia,Partner,2024-11-10,15,2026-07-25 00:18:27.756787
2526,Montgomery PLC,Finance,United Kingdom,Social Media,2023-08-26,17,2026-07-25 00:18:27.756964
2527,"Reyes, Newton and Anderson",Retail,United Kingdom,Referral,2023-05-03,12,2026-07-25 00:18:27.757440
2528,"Welch, Howard and Allen",Consulting,USA,Referral,2024-12-05,18,2026-07-25 00:18:27.758005
2529,Lee-Pittman,Marketing,Australia,Partner,2023-12-11,2,2026-07-25 00:18:27.758310
2530,Hopkins-Hill,SaaS,United Kingdom,Partner,2024-08-10,20,2026-07-25 00:18:27.758582
2531,"Johnson, Mercer and Camacho",Education,Singapore,Referral,2023-08-12,1,2026-07-25 00:18:27.758976
2532,Ho-Martinez,SaaS,Germany,Paid Ads,2023-06-22,20,2026-07-25 00:18:27.759251
2533,Green-White,Education,United Kingdom,Social Media,2023-08-09,13,2026-07-25 00:18:27.759537
2534,Kirk-Durham,Manufacturing,United Kingdom,Social Media,2023-05-01,7,2026-07-25 00:18:27.759805
2535,Garcia-Pope,E-Commerce,United Kingdom,Outbound Sales,2023-11-20,10,2026-07-25 00:18:27.760402
2536,Tucker Ltd,SaaS,USA,Social Media,2024-10-04,18,2026-07-25 00:18:27.760748
2537,Mcdaniel Group,E-Commerce,India,Paid Ads,2023-04-29,3,2026-07-25 00:18:27.761029
2538,"Odonnell, Stokes and White",Marketing,Singapore,Organic,2024-05-02,5,2026-07-25 00:18:27.761662
2539,Keller Ltd,Consulting,Canada,Partner,2023-01-16,7,2026-07-25 00:18:27.761926
2540,Wilson LLC,E-Commerce,Australia,Paid Ads,2025-07-31,11,2026-07-25 00:18:27.762117
2541,Cooley-Greene,Education,United Kingdom,Social Media,2024-06-22,15,2026-07-25 00:18:27.762388
2542,Boyd LLC,Education,USA,Social Media,2023-01-08,11,2026-07-25 00:18:27.762578
2543,Obrien PLC,Manufacturing,USA,Partner,2023-07-08,20,2026-07-25 00:18:27.762748
2544,"Hunt, Hernandez and Camacho",Manufacturing,India,Social Media,2023-02-05,5,2026-07-25 00:18:27.763115
2545,Johnson and Sons,SaaS,Australia,Partner,2023-06-28,1,2026-07-25 00:18:27.763275
2546,Luna and Sons,SaaS,Singapore,Referral,2023-12-08,14,2026-07-25 00:18:27.763433
2547,Olson-Ashley,Consulting,Singapore,Social Media,2024-02-20,16,2026-07-25 00:18:27.763693
2548,"Arnold, Phillips and Mcgee",Marketing,Australia,Organic,2024-06-25,3,2026-07-25 00:18:27.764091
2549,Hunt-Ross,Consulting,India,Social Media,2025-02-09,15,2026-07-25 00:18:27.764351
2550,Thompson-Mcdaniel,Finance,Canada,Partner,2023-10-27,20,2026-07-25 00:18:27.764607
2551,Garcia-Mcguire,Manufacturing,Germany,Referral,2024-03-12,1,2026-07-25 00:18:27.764862
2552,Martin-Harris,Finance,Germany,Paid Ads,2025-07-01,7,2026-07-25 00:18:27.765117
2553,Andrade-Henderson,Logistics,India,Referral,2025-01-27,1,2026-07-25 00:18:27.765376
2554,Dean-Lawson,Education,Singapore,Social Media,2024-02-27,12,2026-07-25 00:18:27.765665
2555,Bradley LLC,Retail,India,Outbound Sales,2024-10-28,10,2026-07-25 00:18:27.765869
2556,Cole Inc,Retail,USA,Partner,2025-09-09,12,2026-07-25 00:18:27.766094
2557,Matthews-Carter,SaaS,Canada,Partner,2025-03-05,20,2026-07-25 00:18:27.766472
2558,"Bell, Johnson and White",Retail,India,Referral,2025-09-29,13,2026-07-25 00:18:27.767051
2559,Gibbs-Howard,Finance,United Kingdom,Paid Ads,2024-05-16,19,2026-07-25 00:18:27.767384
2560,Sandoval LLC,Consulting,Germany,Referral,2023-04-23,18,2026-07-25 00:18:27.767554
2561,Martinez-Flores,Retail,Singapore,Social Media,2023-08-14,19,2026-07-25 00:18:27.767815
2562,"Murphy, Marshall and Pope",E-Commerce,Australia,Referral,2023-01-17,3,2026-07-25 00:18:27.768275
2563,"Jones, Campbell and Lewis",E-Commerce,USA,Social Media,2023-12-28,3,2026-07-25 00:18:27.768644
2564,Hoffman Ltd,Healthcare,Canada,Outbound Sales,2023-12-04,8,2026-07-25 00:18:27.768804
2565,"Jones, Stafford and Fisher",Consulting,Singapore,Paid Ads,2025-08-02,7,2026-07-25 00:18:27.769162
2566,Li-Gonzalez,SaaS,Singapore,Social Media,2024-11-07,18,2026-07-25 00:18:27.769418
2567,Jimenez-Mooney,E-Commerce,Canada,Social Media,2023-03-19,18,2026-07-25 00:18:27.769671
2568,Martinez and Sons,Logistics,India,Partner,2024-10-16,2,2026-07-25 00:18:27.769828
2569,Garza-Young,Manufacturing,Germany,Partner,2025-07-23,9,2026-07-25 00:18:27.770104
2570,Smith-Logan,Finance,Singapore,Outbound Sales,2023-02-03,15,2026-07-25 00:18:27.770364
2571,Buck LLC,Logistics,Canada,Outbound Sales,2025-06-13,2,2026-07-25 00:18:27.770522
2572,Johnson-Ferguson,Retail,India,Paid Ads,2023-07-23,14,2026-07-25 00:18:27.770774
2573,Rogers Inc,Consulting,Germany,Paid Ads,2025-03-30,1,2026-07-25 00:18:27.770930
2574,Davis-Lang,Marketing,USA,Paid Ads,2023-04-18,3,2026-07-25 00:18:27.771228
2575,Stewart-Reed,E-Commerce,United Kingdom,Organic,2024-04-12,8,2026-07-25 00:18:27.771491
2576,"Hampton, Snyder and Williams",Marketing,India,Referral,2023-05-04,7,2026-07-25 00:18:27.771853
2577,"Riggs, Snyder and Davidson",Healthcare,Canada,Paid Ads,2024-04-08,3,2026-07-25 00:18:27.772243
2578,Pace-Garcia,Finance,India,Partner,2023-07-08,14,2026-07-25 00:18:27.772507
2579,Petersen and Sons,SaaS,Australia,Social Media,2023-12-14,11,2026-07-25 00:18:27.772665
2580,Callahan-Ramsey,Education,USA,Organic,2023-06-13,16,2026-07-25 00:18:27.772974
2581,Miller Ltd,Retail,Canada,Organic,2023-12-18,11,2026-07-25 00:18:27.773167
2582,"Mayo, Villa and Parrish",Consulting,United Kingdom,Referral,2024-07-27,3,2026-07-25 00:18:27.773556
2583,Rodriguez LLC,E-Commerce,Australia,Partner,2024-02-08,4,2026-07-25 00:18:27.773727
2584,Murphy-Salazar,Logistics,Australia,Organic,2023-04-27,3,2026-07-25 00:18:27.774000
2585,Hale-Buckley,SaaS,India,Partner,2024-08-12,11,2026-07-25 00:18:27.774310
2586,Wilson-Flores,Finance,United Kingdom,Referral,2025-06-25,2,2026-07-25 00:18:27.774548
2587,"Barron, Church and Gutierrez",Logistics,India,Paid Ads,2023-08-18,20,2026-07-25 00:18:27.774862
2588,"Martinez, Rose and Lane",Marketing,India,Organic,2024-11-25,2,2026-07-25 00:18:27.775175
2589,Bray-Morris,Consulting,India,Paid Ads,2025-10-24,13,2026-07-25 00:18:27.775398
2590,Davis LLC,Marketing,India,Outbound Sales,2025-01-19,14,2026-07-25 00:18:27.775536
2591,Hansen-Salas,Retail,United Kingdom,Outbound Sales,2023-05-09,20,2026-07-25 00:18:27.775758
2592,"Moss, Harris and Miller",SaaS,Germany,Partner,2025-10-21,15,2026-07-25 00:18:27.776259
2593,Lewis Ltd,Marketing,Australia,Outbound Sales,2025-02-07,4,2026-07-25 00:18:27.776457
2594,Cardenas-Lopez,Manufacturing,Singapore,Social Media,2023-12-02,1,2026-07-25 00:18:27.776688
2595,Clark-Garza,Logistics,Australia,Paid Ads,2023-06-12,19,2026-07-25 00:18:27.776914
2596,"Garrison, Hodges and Collins",Retail,India,Organic,2025-03-30,1,2026-07-25 00:18:27.777229
2597,"Moore, Wagner and Sloan",E-Commerce,Singapore,Organic,2024-12-06,19,2026-07-25 00:18:27.777543
2598,Cruz-Chavez,Retail,Australia,Referral,2023-12-06,17,2026-07-25 00:18:27.777763
2599,"Harris, Ross and Jones",Education,Canada,Partner,2025-08-21,16,2026-07-25 00:18:27.778093
2600,Parks PLC,E-Commerce,Germany,Referral,2024-10-19,8,2026-07-25 00:18:27.778238
2601,Thomas Inc,Healthcare,United Kingdom,Organic,2025-10-04,2,2026-07-25 00:18:27.778375
2602,Smith Group,Healthcare,Canada,Outbound Sales,2023-06-21,14,2026-07-25 00:18:27.778511
2603,Johnson-Stanley,Consulting,Singapore,Paid Ads,2023-10-18,10,2026-07-25 00:18:27.778751
2604,Baker-Mcintosh,E-Commerce,Australia,Referral,2024-12-04,5,2026-07-25 00:18:27.778975
2605,Reynolds-Hernandez,Logistics,Canada,Outbound Sales,2023-05-11,11,2026-07-25 00:18:27.779194
2606,Romero-Brown,Education,Canada,Organic,2025-02-19,17,2026-07-25 00:18:27.779410
2607,Davis-Wong,E-Commerce,Singapore,Social Media,2024-02-28,5,2026-07-25 00:18:27.779626
2608,Carter Group,SaaS,USA,Outbound Sales,2024-10-18,18,2026-07-25 00:18:27.779760
2609,"Hill, Lawson and Stone",SaaS,Germany,Paid Ads,2023-10-02,7,2026-07-25 00:18:27.780083
2610,"Williams, Wright and Rodriguez",Retail,Singapore,Referral,2023-06-19,3,2026-07-25 00:18:27.780399
2611,Jacobson PLC,Manufacturing,USA,Social Media,2023-06-28,16,2026-07-25 00:18:27.780532
2612,Jones Inc,Logistics,Australia,Social Media,2024-02-18,11,2026-07-25 00:18:27.780664
2613,Andrade Ltd,E-Commerce,Australia,Paid Ads,2024-03-03,20,2026-07-25 00:18:27.780797
2614,Long-Robinson,Education,Germany,Paid Ads,2024-09-20,6,2026-07-25 00:18:27.781055
2615,Simpson-Jackson,Finance,Germany,Organic,2025-12-10,16,2026-07-25 00:18:27.781278
2616,Walsh-Mccarthy,Retail,India,Social Media,2023-11-13,8,2026-07-25 00:18:27.781514
2617,"Smith, Lopez and Velez",Retail,Germany,Outbound Sales,2024-03-23,7,2026-07-25 00:18:27.781820
2618,Stevenson-Phelps,Retail,Germany,Social Media,2025-08-24,11,2026-07-25 00:18:27.782035
2619,Jackson Ltd,Marketing,USA,Partner,2025-12-04,6,2026-07-25 00:18:27.782193
2620,Lopez Group,SaaS,Canada,Organic,2023-04-18,3,2026-07-25 00:18:27.782324
2621,Wade Group,Manufacturing,India,Outbound Sales,2023-08-09,4,2026-07-25 00:18:27.782455
2622,Thompson LLC,Healthcare,Canada,Partner,2024-06-02,7,2026-07-25 00:18:27.782733
2623,Shelton Inc,E-Commerce,United Kingdom,Paid Ads,2023-04-30,2,2026-07-25 00:18:27.782870
2624,Montes-Aguilar,SaaS,USA,Referral,2025-07-11,10,2026-07-25 00:18:27.783091
2625,Kennedy Inc,Healthcare,USA,Paid Ads,2025-01-28,6,2026-07-25 00:18:27.783225
2626,"Frazier, Roberts and Perez",Manufacturing,United Kingdom,Outbound Sales,2023-01-28,8,2026-07-25 00:18:27.783528
2627,Fischer Inc,Healthcare,USA,Organic,2025-02-20,6,2026-07-25 00:18:27.783660
2628,Lara-Rogers,Education,India,Organic,2023-06-05,5,2026-07-25 00:18:27.783875
2629,"Bell, Gardner and Alvarado",Marketing,Singapore,Organic,2025-02-01,11,2026-07-25 00:18:27.784200
2630,Ellis-Carey,Retail,Canada,Partner,2024-01-29,8,2026-07-25 00:18:27.784418
2631,"Cook, Holmes and Beck",Manufacturing,United Kingdom,Paid Ads,2024-04-12,6,2026-07-25 00:18:27.784715
2632,Rodriguez-Jennings,Consulting,United Kingdom,Outbound Sales,2025-07-14,14,2026-07-25 00:18:27.784931
2633,Hernandez Group,Finance,India,Referral,2025-09-20,5,2026-07-25 00:18:27.785061
2634,"Mcknight, Howard and Johnson",Retail,USA,Outbound Sales,2023-12-09,13,2026-07-25 00:18:27.785354
2635,"Dominguez, Jordan and Clark",Manufacturing,Canada,Outbound Sales,2025-06-16,14,2026-07-25 00:18:27.785648
2636,Knapp Group,Retail,India,Outbound Sales,2023-05-19,19,2026-07-25 00:18:27.785778
2637,Sheppard Ltd,Retail,United Kingdom,Outbound Sales,2025-09-19,10,2026-07-25 00:18:27.785906
2638,"Nolan, Cole and Mullen",Healthcare,Canada,Referral,2025-11-20,2,2026-07-25 00:18:27.786257
2639,Baker Ltd,Education,United Kingdom,Referral,2025-03-29,17,2026-07-25 00:18:27.786396
2640,Myers-Butler,E-Commerce,Germany,Referral,2024-06-25,3,2026-07-25 00:18:27.786602
2641,Lee-Riley,Logistics,United Kingdom,Social Media,2024-03-05,20,2026-07-25 00:18:27.786809
2642,Flowers-Martinez,Finance,USA,Outbound Sales,2025-12-26,13,2026-07-25 00:18:27.787016
2643,"Donaldson, Sparks and Roberts",Consulting,Canada,Partner,2024-12-07,17,2026-07-25 00:18:27.787306
2644,Ho-Thomas,Logistics,USA,Paid Ads,2023-01-13,12,2026-07-25 00:18:27.787515
2645,Mills LLC,Consulting,Singapore,Partner,2025-11-23,16,2026-07-25 00:18:27.787642
2646,"Beck, Torres and Roberts",Logistics,Canada,Outbound Sales,2025-08-27,13,2026-07-25 00:18:27.787934
2647,Chavez and Sons,E-Commerce,Singapore,Organic,2024-04-02,7,2026-07-25 00:18:27.788125
2648,"Martinez, Freeman and Smith",Retail,USA,Partner,2024-03-15,8,2026-07-25 00:18:27.788422
2649,"Flowers, Williams and Taylor",Marketing,USA,Paid Ads,2024-07-01,14,2026-07-25 00:18:27.788711
2650,"Ortega, Mack and Moore",Marketing,Australia,Referral,2024-03-16,12,2026-07-25 00:18:27.789001
2651,"Nelson, Ferrell and Gonzalez",Education,Australia,Organic,2023-05-14,5,2026-07-25 00:18:27.789290
2652,Carter Inc,Finance,Canada,Partner,2025-06-28,17,2026-07-25 00:18:27.789420
2653,Wright-Gregory,Manufacturing,USA,Outbound Sales,2025-01-05,2,2026-07-25 00:18:27.789623
2654,Ross-Strong,Logistics,Australia,Outbound Sales,2024-08-23,11,2026-07-25 00:18:27.789826
2655,Harper-Thompson,Marketing,Germany,Partner,2024-02-10,14,2026-07-25 00:18:27.790030
2656,"Liu, Brock and Taylor",Marketing,Canada,Partner,2024-11-08,11,2026-07-25 00:18:27.790335
2657,Taylor-Spencer,Education,Germany,Organic,2023-11-06,6,2026-07-25 00:18:27.790604
2658,Miller-Knight,Logistics,USA,Paid Ads,2024-04-12,3,2026-07-25 00:18:27.790818
2659,Gardner-Bennett,Manufacturing,India,Paid Ads,2025-09-03,17,2026-07-25 00:18:27.791021
2660,Taylor Group,Consulting,Australia,Social Media,2024-11-09,3,2026-07-25 00:18:27.791145
2661,Gordon-Jennings,Education,USA,Organic,2025-12-14,4,2026-07-25 00:18:27.791345
2662,Gomez-Owens,Finance,Canada,Organic,2024-07-09,18,2026-07-25 00:18:27.791545
2663,Johnson-Hansen,Retail,Canada,Referral,2024-09-29,11,2026-07-25 00:18:27.791747
2664,Campos PLC,Education,Canada,Social Media,2024-10-15,9,2026-07-25 00:18:27.791871
2665,Carpenter LLC,Retail,Singapore,Outbound Sales,2024-04-14,5,2026-07-25 00:18:27.792086
2666,"Daniels, Cunningham and Carter",Consulting,Canada,Organic,2023-07-17,10,2026-07-25 00:18:27.792779
2667,Powell Inc,Education,United Kingdom,Paid Ads,2024-09-01,13,2026-07-25 00:18:27.793002
2668,"Stevens, Brown and Brown",Marketing,United Kingdom,Outbound Sales,2024-12-19,1,2026-07-25 00:18:27.793438
2669,Cook Inc,Logistics,Singapore,Outbound Sales,2025-10-06,5,2026-07-25 00:18:27.793626
2670,"Olson, Rivera and Brown",Marketing,USA,Referral,2024-03-27,7,2026-07-25 00:18:27.794072
2671,"Dixon, Love and Miles",Logistics,USA,Outbound Sales,2025-06-27,19,2026-07-25 00:18:27.794436
2672,Hart Group,Consulting,United Kingdom,Partner,2025-03-12,15,2026-07-25 00:18:27.794594
2673,Jacobson Ltd,Manufacturing,United Kingdom,Organic,2023-07-31,11,2026-07-25 00:18:27.794751
2674,Fuller-Ball,Retail,Germany,Social Media,2023-08-29,14,2026-07-25 00:18:27.795017
2675,Hanson-Gonzalez,Retail,Germany,Partner,2023-01-11,18,2026-07-25 00:18:27.795273
2676,Hernandez Inc,SaaS,Canada,Referral,2023-04-15,19,2026-07-25 00:18:27.795431
2677,Wright Inc,Healthcare,Canada,Social Media,2025-03-18,1,2026-07-25 00:18:27.795587
2678,Wall Group,Logistics,United Kingdom,Social Media,2025-01-05,12,2026-07-25 00:18:27.795763
2679,Howe LLC,Manufacturing,USA,Partner,2024-08-29,14,2026-07-25 00:18:27.795932
2680,Mcgrath-Wilkins,Marketing,United Kingdom,Social Media,2024-09-20,18,2026-07-25 00:18:27.796196
2681,Underwood-Maldonado,Education,Canada,Outbound Sales,2025-04-29,1,2026-07-25 00:18:27.796450
2682,"Martinez, Thomas and Smith",E-Commerce,United Kingdom,Organic,2025-10-19,5,2026-07-25 00:18:27.796809
2683,"Sandoval, Jackson and Harmon",Healthcare,Canada,Outbound Sales,2023-08-09,20,2026-07-25 00:18:27.797183
2684,Alvarez LLC,E-Commerce,Australia,Partner,2025-04-29,13,2026-07-25 00:18:27.797346
2685,"Garcia, Chapman and Richardson",Retail,Germany,Organic,2024-03-25,18,2026-07-25 00:18:27.797707
2686,Cruz-Marsh,Marketing,USA,Partner,2024-03-03,4,2026-07-25 00:18:27.798008
2687,Li-Hernandez,Manufacturing,Australia,Partner,2024-12-21,10,2026-07-25 00:18:27.798272
2688,Wilson-Price,Finance,USA,Organic,2024-03-16,18,2026-07-25 00:18:27.798549
2689,Johnson-Santos,Healthcare,India,Social Media,2025-06-20,20,2026-07-25 00:18:27.798826
2690,"Wallace, Odonnell and Kelly",Logistics,India,Referral,2025-10-17,7,2026-07-25 00:18:27.799224
2691,Khan-Ellis,Finance,Germany,Paid Ads,2023-08-05,7,2026-07-25 00:18:27.799544
2692,Howard PLC,Retail,Canada,Social Media,2023-01-15,17,2026-07-25 00:18:27.799720
2693,Orr-Warren,Finance,Germany,Organic,2023-11-24,12,2026-07-25 00:18:27.800069
2694,Thompson and Sons,Consulting,India,Referral,2025-03-07,11,2026-07-25 00:18:27.800257
2695,"Ball, Morgan and Espinoza",Marketing,Germany,Referral,2024-06-30,4,2026-07-25 00:18:27.800679
2696,Glover-Barrett,Healthcare,Australia,Partner,2023-08-06,16,2026-07-25 00:18:27.801019
2697,Hendricks Ltd,Finance,Germany,Referral,2024-09-03,5,2026-07-25 00:18:27.801217
2698,Estes-Obrien,Retail,Canada,Partner,2025-01-21,16,2026-07-25 00:18:27.801516
2699,"Erickson, Hunter and Hopkins",Healthcare,Australia,Outbound Sales,2023-10-08,10,2026-07-25 00:18:27.801896
2700,Wolfe PLC,E-Commerce,USA,Outbound Sales,2024-02-07,15,2026-07-25 00:18:27.802070
2701,Silva-Gallegos,Education,USA,Organic,2025-06-21,5,2026-07-25 00:18:27.802348
2702,Johnson Ltd,Logistics,India,Partner,2023-04-15,20,2026-07-25 00:18:27.802505
2703,Davis Inc,Retail,Australia,Paid Ads,2023-09-05,19,2026-07-25 00:18:27.802659
2704,"Alvarez, Wolf and Zavala",Logistics,Germany,Partner,2025-02-14,19,2026-07-25 00:18:27.803078
2705,Yoder and Sons,SaaS,Singapore,Organic,2024-01-03,10,2026-07-25 00:18:27.803226
2706,Nielsen-Brown,Logistics,Canada,Social Media,2024-08-19,10,2026-07-25 00:18:27.803449
2707,Johnson Ltd,Marketing,Australia,Referral,2024-01-25,14,2026-07-25 00:18:27.803585
2708,Hines-Obrien,Retail,USA,Outbound Sales,2023-04-24,14,2026-07-25 00:18:27.803830
2709,Morris Ltd,Logistics,Germany,Social Media,2023-02-15,6,2026-07-25 00:18:27.803983
2710,Anderson-Walsh,E-Commerce,India,Partner,2024-11-29,2,2026-07-25 00:18:27.804228
2711,Gonzalez Group,Retail,United Kingdom,Referral,2025-05-14,9,2026-07-25 00:18:27.804369
2712,"Mitchell, Harris and Martin",Consulting,Canada,Social Media,2024-11-10,3,2026-07-25 00:18:27.804669
2713,Miller Inc,Retail,Germany,Partner,2025-04-01,18,2026-07-25 00:18:27.804794
2714,"Davis, Johnson and Taylor",Finance,Canada,Organic,2025-09-04,4,2026-07-25 00:18:27.805088
2715,Schroeder-Carroll,Consulting,United Kingdom,Paid Ads,2023-01-09,14,2026-07-25 00:18:27.805292
2716,Lopez-Blair,Logistics,USA,Paid Ads,2023-04-22,7,2026-07-25 00:18:27.805494
2717,"Crawford, Collier and Hudson",Consulting,India,Partner,2025-09-24,1,2026-07-25 00:18:27.805792
2718,"Bell, Montgomery and Hansen",Finance,Singapore,Social Media,2025-01-05,15,2026-07-25 00:18:27.806095
2719,Gonzales Ltd,Marketing,Canada,Social Media,2023-08-03,13,2026-07-25 00:18:27.806223
2720,Carroll and Sons,Retail,Germany,Organic,2024-08-07,1,2026-07-25 00:18:27.806345
2721,Garcia-Jimenez,Education,India,Social Media,2025-03-14,5,2026-07-25 00:18:27.806545
2722,"Fernandez, Johnson and Nicholson",Manufacturing,Singapore,Social Media,2023-03-21,15,2026-07-25 00:18:27.806826
2723,Myers-Howard,Logistics,Germany,Organic,2024-03-26,3,2026-07-25 00:18:27.807035
2724,Jones-Johnston,Consulting,Singapore,Referral,2023-09-03,15,2026-07-25 00:18:27.807239
2725,"Porter, Ross and Brown",Healthcare,Germany,Paid Ads,2025-03-15,6,2026-07-25 00:18:27.807520
2726,Aguilar LLC,Healthcare,United Kingdom,Organic,2025-12-19,20,2026-07-25 00:18:27.807646
2727,Johnson Group,Finance,USA,Paid Ads,2025-10-11,4,2026-07-25 00:18:27.807785
2728,Cook Inc,Consulting,Singapore,Partner,2024-02-10,6,2026-07-25 00:18:27.807919
2729,Payne Ltd,Finance,Singapore,Organic,2023-08-05,9,2026-07-25 00:18:27.808207
2730,"Gaines, Brown and Snyder",Healthcare,Germany,Paid Ads,2024-05-27,6,2026-07-25 00:18:27.808743
2731,"Warner, Cannon and Johnson",Retail,Singapore,Organic,2025-05-25,18,2026-07-25 00:18:27.809248
2732,George-Salazar,Retail,Germany,Social Media,2023-04-20,2,2026-07-25 00:18:27.809528
2733,"Mendoza, Anderson and Cummings",Consulting,Singapore,Social Media,2023-05-06,4,2026-07-25 00:18:27.809897
2734,Crawford and Sons,Marketing,Singapore,Paid Ads,2023-06-11,15,2026-07-25 00:18:27.810080
2735,Reynolds-Turner,SaaS,Australia,Organic,2025-10-07,2,2026-07-25 00:18:27.810343
2736,Velazquez Inc,Marketing,United Kingdom,Referral,2023-12-20,8,2026-07-25 00:18:27.810498
2737,"Franklin, Gray and Sutton",Manufacturing,USA,Referral,2023-11-01,3,2026-07-25 00:18:27.810864
2738,"Olson, Hughes and Bennett",SaaS,Germany,Organic,2023-01-29,1,2026-07-25 00:18:27.811252
2739,Miles-Dunn,Manufacturing,United Kingdom,Referral,2023-07-14,3,2026-07-25 00:18:27.811516
2740,Wilson-Gilbert,Retail,India,Social Media,2023-06-29,6,2026-07-25 00:18:27.811773
2741,Lee-Kim,Healthcare,India,Partner,2024-07-25,17,2026-07-25 00:18:27.812049
2742,Hall PLC,Finance,United Kingdom,Paid Ads,2023-03-31,11,2026-07-25 00:18:27.812210
2743,Gutierrez PLC,Consulting,Singapore,Referral,2023-01-16,20,2026-07-25 00:18:27.812363
2744,Ritter Inc,Retail,Australia,Partner,2025-06-01,14,2026-07-25 00:18:27.812518
2745,Jones and Sons,Finance,USA,Referral,2024-01-24,4,2026-07-25 00:18:27.812671
2746,Campbell LLC,Manufacturing,Canada,Referral,2024-11-12,1,2026-07-25 00:18:27.812823
2747,"Rios, Sanchez and Carter",Marketing,Singapore,Paid Ads,2024-06-27,1,2026-07-25 00:18:27.813203
2748,Mendoza-Martinez,Marketing,USA,Partner,2025-07-30,8,2026-07-25 00:18:27.813464
2749,Wright PLC,Finance,Singapore,Paid Ads,2023-04-30,20,2026-07-25 00:18:27.813648
2750,Thornton-Li,Manufacturing,India,Organic,2023-11-16,7,2026-07-25 00:18:27.813904
2751,Marquez-Pugh,Marketing,Canada,Outbound Sales,2023-12-09,16,2026-07-25 00:18:27.814185
2752,Melton-Sanchez,Finance,Singapore,Outbound Sales,2025-05-06,19,2026-07-25 00:18:27.814442
2753,Wolfe-Gordon,Healthcare,Canada,Organic,2024-02-20,20,2026-07-25 00:18:27.814699
2754,Mccullough-Thornton,Manufacturing,Singapore,Social Media,2023-03-25,13,2026-07-25 00:18:27.814971
2755,Ramirez-Harris,Healthcare,Canada,Referral,2025-08-24,11,2026-07-25 00:18:27.815235
2756,"Hall, Harmon and Clark",Logistics,India,Paid Ads,2023-08-02,1,2026-07-25 00:18:27.815596
2757,"Velasquez, Thomas and Spence",E-Commerce,Australia,Partner,2024-08-01,13,2026-07-25 00:18:27.815974
2758,Santos-Chavez,Consulting,Singapore,Social Media,2025-12-20,8,2026-07-25 00:18:27.816241
2759,Porter Inc,Consulting,Australia,Social Media,2023-06-27,1,2026-07-25 00:18:27.816419
2760,Chapman-Evans,Retail,India,Outbound Sales,2024-02-24,4,2026-07-25 00:18:27.816684
2761,Ramirez PLC,Education,USA,Social Media,2023-05-12,14,2026-07-25 00:18:27.816841
2762,Smith-Reyes,Retail,Australia,Organic,2024-08-19,2,2026-07-25 00:18:27.817119
2763,Walker Group,Healthcare,Canada,Partner,2024-11-20,10,2026-07-25 00:18:27.817279
2764,"Jordan, Williams and Torres",Retail,USA,Partner,2023-10-14,7,2026-07-25 00:18:27.817645
2765,Pineda-Kent,SaaS,USA,Social Media,2025-04-21,20,2026-07-25 00:18:27.817903
2766,Patrick-Garza,Logistics,Singapore,Paid Ads,2024-06-06,5,2026-07-25 00:18:27.818223
2767,Swanson-Howell,Education,Canada,Social Media,2023-02-12,2,2026-07-25 00:18:27.818482
2768,"Mcfarland, Goodwin and Aguirre",Consulting,United Kingdom,Partner,2024-10-26,10,2026-07-25 00:18:27.818845
2769,Farley-Randolph,SaaS,USA,Social Media,2025-05-09,11,2026-07-25 00:18:27.819142
2770,"Ford, Armstrong and Carroll",Manufacturing,USA,Referral,2024-03-22,18,2026-07-25 00:18:27.819511
2771,Martin-James,SaaS,Singapore,Referral,2025-03-17,8,2026-07-25 00:18:27.819767
2772,Velez LLC,E-Commerce,United Kingdom,Partner,2024-01-06,17,2026-07-25 00:18:27.819936
2773,Miller-Wright,Manufacturing,USA,Partner,2025-11-26,1,2026-07-25 00:18:27.820201
2774,Morgan-Foster,Finance,United Kingdom,Partner,2025-04-23,3,2026-07-25 00:18:27.820457
2775,Ward-Hopkins,Retail,India,Social Media,2025-08-14,5,2026-07-25 00:18:27.820713
2776,"Smith, Parker and Guerrero",Retail,USA,Organic,2025-10-11,6,2026-07-25 00:18:27.821097
2777,Wallace Inc,E-Commerce,Australia,Referral,2024-02-15,8,2026-07-25 00:18:27.821258
2778,Owens LLC,Consulting,India,Partner,2024-11-14,15,2026-07-25 00:18:27.821411
2779,"Richard, Robinson and Brown",Education,USA,Social Media,2025-01-15,7,2026-07-25 00:18:27.821773
2780,Prince-Arnold,Retail,Germany,Referral,2023-05-04,20,2026-07-25 00:18:27.822048
2781,White-Miranda,Retail,Canada,Paid Ads,2023-04-10,19,2026-07-25 00:18:27.822328
2782,Booth-Martinez,Logistics,Singapore,Referral,2024-03-04,9,2026-07-25 00:18:27.822589
2783,Thomas PLC,Logistics,India,Paid Ads,2025-09-06,13,2026-07-25 00:18:27.822743
2784,Hall Ltd,Marketing,USA,Partner,2025-10-16,15,2026-07-25 00:18:27.822896
2785,Cohen Group,Marketing,Australia,Outbound Sales,2023-03-01,14,2026-07-25 00:18:27.823079
2786,Williams-Love,Healthcare,United Kingdom,Partner,2025-06-19,1,2026-07-25 00:18:27.823338
2787,"Braun, Hester and Smith",Marketing,Germany,Organic,2023-04-05,10,2026-07-25 00:18:27.823702
2788,"Higgins, Burke and Bailey",E-Commerce,Australia,Referral,2024-07-02,18,2026-07-25 00:18:27.824465
2789,"Wallace, Dixon and Young",Healthcare,Canada,Partner,2023-05-01,15,2026-07-25 00:18:27.826236
2790,"Watson, Carson and Perry",Education,Germany,Paid Ads,2024-05-21,13,2026-07-25 00:18:27.826769
2791,Liu-Thomas,Consulting,Australia,Partner,2025-09-24,3,2026-07-25 00:18:27.827147
2792,"French, Rogers and Russell",Manufacturing,USA,Social Media,2024-05-22,16,2026-07-25 00:18:27.827521
2793,Ruiz-Beltran,Retail,USA,Referral,2025-10-09,1,2026-07-25 00:18:27.827732
2794,Martin Inc,SaaS,United Kingdom,Outbound Sales,2025-08-24,12,2026-07-25 00:18:27.827861
2795,Buck Inc,Logistics,Germany,Partner,2024-03-27,13,2026-07-25 00:18:27.828007
2796,"Lewis, Edwards and Baldwin",Manufacturing,Germany,Partner,2023-06-15,10,2026-07-25 00:18:27.828326
2797,"Marquez, Case and Gray",E-Commerce,India,Partner,2025-02-28,2,2026-07-25 00:18:27.828620
2798,Sandoval and Sons,Finance,Germany,Outbound Sales,2025-06-24,6,2026-07-25 00:18:27.828748
2799,"Miller, Jones and Walls",Retail,United Kingdom,Partner,2024-08-15,9,2026-07-25 00:18:27.829053
2800,"Gordon, Andrews and Kelley",Manufacturing,Australia,Social Media,2023-12-15,16,2026-07-25 00:18:27.829344
2801,"Quinn, Abbott and Rose",Manufacturing,Singapore,Organic,2024-10-11,13,2026-07-25 00:18:27.829629
2802,"Kennedy, Warren and Alexander",Marketing,Singapore,Referral,2023-03-21,8,2026-07-25 00:18:27.829928
2803,Huff LLC,Logistics,India,Paid Ads,2024-02-23,1,2026-07-25 00:18:27.830066
2804,Sanchez-Saunders,Healthcare,Canada,Outbound Sales,2024-01-15,15,2026-07-25 00:18:27.830268
2805,Bryant Ltd,Healthcare,Canada,Referral,2024-07-16,20,2026-07-25 00:18:27.830393
2806,"Allen, Oconnor and Beard",E-Commerce,Singapore,Referral,2023-06-29,1,2026-07-25 00:18:27.830676
2807,Bell PLC,Finance,United Kingdom,Organic,2024-07-16,13,2026-07-25 00:18:27.830802
2808,Valdez-Jacobs,Marketing,Singapore,Outbound Sales,2023-04-29,3,2026-07-25 00:18:27.831043
2809,Hall-Carey,Consulting,USA,Partner,2024-11-28,6,2026-07-25 00:18:27.831251
2810,"Sanchez, Blankenship and Craig",Marketing,Canada,Social Media,2023-07-14,10,2026-07-25 00:18:27.831535
2811,Jacobs LLC,Consulting,Australia,Social Media,2025-10-31,13,2026-07-25 00:18:27.831663
2812,Wilson-Ortiz,E-Commerce,Canada,Social Media,2024-06-14,14,2026-07-25 00:18:27.831864
2813,Johnston Ltd,Finance,India,Social Media,2025-02-23,19,2026-07-25 00:18:27.832009
2814,Walter Inc,Manufacturing,United Kingdom,Referral,2023-11-04,9,2026-07-25 00:18:27.832139
2815,Barnes PLC,Retail,Singapore,Partner,2023-09-17,10,2026-07-25 00:18:27.832264
2816,"Garcia, Booth and Bass",SaaS,USA,Partner,2024-12-30,1,2026-07-25 00:18:27.832566
2817,"Jackson, Jones and Robertson",Finance,India,Social Media,2023-02-07,14,2026-07-25 00:18:27.832859
2818,Strong-Gomez,Consulting,Germany,Social Media,2025-04-02,10,2026-07-25 00:18:27.833108
2819,"Hawkins, Joseph and Wilson",Marketing,USA,Referral,2024-09-16,12,2026-07-25 00:18:27.833404
2820,"Franklin, Rodriguez and Bowen",Healthcare,Singapore,Referral,2024-06-06,7,2026-07-25 00:18:27.833692
2821,"Mccall, Dodson and Lozano",Logistics,USA,Outbound Sales,2023-04-25,4,2026-07-25 00:18:27.834005
2822,Yang-Graham,Logistics,Australia,Referral,2025-09-06,6,2026-07-25 00:18:27.834218
2823,"Taylor, White and Cannon",Retail,India,Social Media,2025-01-11,6,2026-07-25 00:18:27.834508
2824,Hernandez Inc,Retail,Canada,Partner,2025-03-02,15,2026-07-25 00:18:27.834636
2825,"Wood, Banks and Gray",E-Commerce,India,Social Media,2025-07-11,6,2026-07-25 00:18:27.834935
2826,Romero PLC,Finance,Canada,Organic,2024-11-12,13,2026-07-25 00:18:27.835072
2827,Hall Group,Finance,Canada,Organic,2024-03-09,11,2026-07-25 00:18:27.835227
2828,Elliott PLC,SaaS,Australia,Referral,2024-06-13,16,2026-07-25 00:18:27.835354
2829,"Anthony, Simmons and Morris",Logistics,Singapore,Organic,2025-06-19,1,2026-07-25 00:18:27.835640
2830,Mckay Inc,SaaS,Canada,Organic,2024-05-09,19,2026-07-25 00:18:27.835766
2831,Stone-Andrews,SaaS,India,Referral,2023-11-24,17,2026-07-25 00:18:27.835990
2832,Garcia-Mitchell,SaaS,Germany,Outbound Sales,2025-08-14,17,2026-07-25 00:18:27.836199
2833,Hill-Gonzales,Education,Germany,Partner,2023-07-04,11,2026-07-25 00:18:27.836402
2834,Crosby-Green,E-Commerce,Germany,Paid Ads,2023-09-21,12,2026-07-25 00:18:27.836606
2835,Middleton Ltd,Manufacturing,Canada,Referral,2025-07-30,12,2026-07-25 00:18:27.836732
2836,Davis PLC,Marketing,Germany,Outbound Sales,2024-03-08,2,2026-07-25 00:18:27.836856
2837,Johnson Inc,Manufacturing,United Kingdom,Paid Ads,2025-03-01,4,2026-07-25 00:18:27.836998
2838,"Lloyd, Smith and Wall",SaaS,Germany,Social Media,2025-04-18,13,2026-07-25 00:18:27.837288
2839,Harris-Mcmahon,Healthcare,India,Outbound Sales,2023-02-10,4,2026-07-25 00:18:27.837491
2840,Dennis-Meyer,Consulting,Canada,Social Media,2025-06-06,8,2026-07-25 00:18:27.837696
2841,Hardin-Moran,Manufacturing,Germany,Outbound Sales,2024-12-06,16,2026-07-25 00:18:27.837899
2842,Oneal-Snyder,Consulting,Germany,Social Media,2023-07-06,7,2026-07-25 00:18:27.838124
2843,Kaiser Ltd,SaaS,Singapore,Paid Ads,2023-05-15,1,2026-07-25 00:18:27.838251
2844,Schmitt Inc,Manufacturing,United Kingdom,Organic,2025-11-04,11,2026-07-25 00:18:27.838377
2845,"Jones, Moore and Rogers",Logistics,USA,Outbound Sales,2023-12-12,16,2026-07-25 00:18:27.838663
2846,"Moss, Powers and Jones",Marketing,Singapore,Outbound Sales,2024-12-05,3,2026-07-25 00:18:27.838964
2847,Mcclain-Johnson,Manufacturing,Germany,Partner,2025-12-04,4,2026-07-25 00:18:27.839176
2848,"Bauer, Stewart and Skinner",Marketing,Canada,Outbound Sales,2023-06-06,7,2026-07-25 00:18:27.839506
2849,"Johnson, Walters and Smith",Healthcare,United Kingdom,Outbound Sales,2025-10-24,19,2026-07-25 00:18:27.839812
2850,"Bennett, Hahn and Nunez",Consulting,India,Referral,2023-08-01,16,2026-07-25 00:18:27.840522
2851,Hernandez-Cervantes,Finance,Canada,Social Media,2024-02-17,18,2026-07-25 00:18:27.840781
2852,Anderson-Walters,Logistics,USA,Partner,2025-02-10,4,2026-07-25 00:18:27.841004
2853,"Vincent, Curry and Smith",Logistics,Singapore,Outbound Sales,2023-05-18,8,2026-07-25 00:18:27.841300
2854,Grant-Clark,Retail,USA,Referral,2023-04-15,3,2026-07-25 00:18:27.841510
2855,Barnes LLC,Finance,Germany,Social Media,2023-10-04,1,2026-07-25 00:18:27.841638
2856,Welch-Young,Healthcare,Canada,Partner,2025-08-10,9,2026-07-25 00:18:27.841876
2857,Moreno-Best,Retail,Singapore,Paid Ads,2024-06-25,16,2026-07-25 00:18:27.842100
2858,Golden Ltd,Finance,Singapore,Referral,2024-04-11,18,2026-07-25 00:18:27.842230
2859,Robles-Myers,Logistics,India,Social Media,2025-01-23,11,2026-07-25 00:18:27.842435
2860,"Castillo, Davis and Rodriguez",Retail,Australia,Outbound Sales,2024-07-08,3,2026-07-25 00:18:27.842721
2861,Montes-Nguyen,Manufacturing,Germany,Social Media,2024-03-22,13,2026-07-25 00:18:27.842929
2862,Wilson-Marshall,Consulting,United Kingdom,Partner,2025-10-26,8,2026-07-25 00:18:27.843141
2863,"Wilson, Terry and Bush",Retail,Canada,Organic,2024-05-10,10,2026-07-25 00:18:27.843427
2864,Burke-Mcdaniel,Finance,India,Organic,2025-01-21,11,2026-07-25 00:18:27.843632
2865,Adams-Lewis,E-Commerce,USA,Social Media,2023-02-14,4,2026-07-25 00:18:27.843858
2866,Hart LLC,E-Commerce,Canada,Referral,2024-09-27,11,2026-07-25 00:18:27.844001
2867,"Stewart, Myers and Ramos",Marketing,Australia,Social Media,2024-02-11,1,2026-07-25 00:18:27.844293
2868,Gaines-Adams,Education,India,Outbound Sales,2024-09-11,18,2026-07-25 00:18:27.844498
2869,Fields-Williams,Retail,United Kingdom,Partner,2023-12-07,14,2026-07-25 00:18:27.844701
2870,Walker-Hutchinson,Manufacturing,United Kingdom,Paid Ads,2024-11-26,5,2026-07-25 00:18:27.844905
2871,Chan Inc,Consulting,Singapore,Outbound Sales,2025-04-12,19,2026-07-25 00:18:27.845041
2872,"Rivera, Jacobs and Smith",Retail,India,Partner,2025-08-10,1,2026-07-25 00:18:27.845327
2873,Davis-Bush,Consulting,United Kingdom,Partner,2023-02-02,11,2026-07-25 00:18:27.845531
2874,"Brown, Williams and Clark",Healthcare,United Kingdom,Paid Ads,2024-07-01,8,2026-07-25 00:18:27.845842
2875,Galloway PLC,Logistics,Singapore,Partner,2025-04-11,5,2026-07-25 00:18:27.845983
2876,"Perez, Solis and Lozano",E-Commerce,Canada,Referral,2024-09-06,2,2026-07-25 00:18:27.846325
2877,Lewis-Quinn,E-Commerce,Canada,Paid Ads,2024-05-29,17,2026-07-25 00:18:27.846539
2878,Bruce PLC,Finance,Canada,Social Media,2023-01-22,19,2026-07-25 00:18:27.846670
2879,"Sanders, Washington and Moore",Logistics,Singapore,Referral,2023-06-09,16,2026-07-25 00:18:27.846970
2880,Hall Ltd,Education,Singapore,Partner,2024-04-13,2,2026-07-25 00:18:27.847100
2881,Nelson Inc,Manufacturing,USA,Social Media,2024-01-20,7,2026-07-25 00:18:27.847226
2882,"Morales, Cardenas and Mcdowell",Retail,Singapore,Social Media,2024-08-09,2,2026-07-25 00:18:27.847511
2883,Jones Ltd,Healthcare,United Kingdom,Partner,2023-05-12,13,2026-07-25 00:18:27.847639
2884,"Perry, Smith and Greer",Education,United Kingdom,Social Media,2025-12-28,6,2026-07-25 00:18:27.848009
2885,Davis PLC,SaaS,Australia,Partner,2025-07-28,11,2026-07-25 00:18:27.848148
2886,Decker LLC,Marketing,Singapore,Partner,2024-08-30,12,2026-07-25 00:18:27.848314
2887,Hunt-Johnson,Marketing,Germany,Organic,2024-05-17,17,2026-07-25 00:18:27.848520
2888,Harris-Baker,Education,Canada,Social Media,2024-03-01,7,2026-07-25 00:18:27.848725
2889,"Ruiz, Carter and Davis",Consulting,Germany,Organic,2025-10-16,5,2026-07-25 00:18:27.849022
2890,"Ramirez, Mitchell and Warner",Manufacturing,United Kingdom,Outbound Sales,2024-09-23,2,2026-07-25 00:18:27.849312
2891,Reyes Group,Education,Germany,Social Media,2025-02-25,6,2026-07-25 00:18:27.849439
2892,Farmer-Klein,E-Commerce,USA,Partner,2024-09-03,16,2026-07-25 00:18:27.849644
2893,Lane Inc,Education,USA,Referral,2024-12-03,7,2026-07-25 00:18:27.849796
2894,West Group,Retail,Singapore,Social Media,2024-09-09,1,2026-07-25 00:18:27.849943
2895,Day LLC,Manufacturing,Singapore,Outbound Sales,2025-05-24,4,2026-07-25 00:18:27.850076
2896,"Daugherty, Davis and Jackson",Healthcare,Germany,Partner,2023-08-12,6,2026-07-25 00:18:27.850367
2897,"Wright, Thomas and Jensen",SaaS,India,Paid Ads,2025-01-30,16,2026-07-25 00:18:27.850659
2898,"Sharp, Knight and Hall",Healthcare,India,Organic,2025-01-05,17,2026-07-25 00:18:27.850955
2899,Jenkins-Yang,Manufacturing,Australia,Partner,2025-02-05,5,2026-07-25 00:18:27.851164
2900,Morris PLC,Marketing,USA,Organic,2023-08-22,4,2026-07-25 00:18:27.851290
2901,Savage-Adams,Retail,Germany,Partner,2025-07-19,10,2026-07-25 00:18:27.851495
2902,"Norton, Gardner and Edwards",E-Commerce,USA,Social Media,2023-11-22,13,2026-07-25 00:18:27.851801
2903,Morris Ltd,Finance,United Kingdom,Partner,2025-10-09,13,2026-07-25 00:18:27.851947
2904,"Peters, Singh and Quinn",Education,Singapore,Social Media,2025-01-20,15,2026-07-25 00:18:27.852235
2905,Lyons-Bennett,Manufacturing,India,Organic,2023-06-13,4,2026-07-25 00:18:27.852442
2906,Meyer Inc,Finance,India,Partner,2023-01-22,17,2026-07-25 00:18:27.852567
2907,Kim Inc,Retail,India,Outbound Sales,2023-09-16,19,2026-07-25 00:18:27.852692
2908,Simpson-Sims,E-Commerce,Germany,Paid Ads,2023-03-02,4,2026-07-25 00:18:27.852895
2909,Taylor-Sawyer,E-Commerce,USA,Partner,2025-03-25,16,2026-07-25 00:18:27.853105
2910,Smith-Wilson,Marketing,Canada,Outbound Sales,2024-10-11,5,2026-07-25 00:18:27.853309
2911,"Weeks, Rhodes and Mills",Finance,Canada,Organic,2024-04-02,18,2026-07-25 00:18:27.853595
2912,Elliott-Martin,Healthcare,Germany,Social Media,2025-08-13,1,2026-07-25 00:18:27.853816
2913,"Cohen, Lang and Crane",Marketing,Australia,Outbound Sales,2024-03-26,17,2026-07-25 00:18:27.854124
2914,"Munoz, Kennedy and Clark",Logistics,India,Outbound Sales,2024-07-30,19,2026-07-25 00:18:27.854412
2915,"Cortez, Phelps and Taylor",Consulting,Singapore,Social Media,2024-05-27,4,2026-07-25 00:18:27.854698
2916,"Calderon, Smith and Butler",Retail,Singapore,Organic,2025-03-25,6,2026-07-25 00:18:27.855257
2917,Jones-Rowland,E-Commerce,Singapore,Referral,2023-08-22,1,2026-07-25 00:18:27.855597
2918,"Lopez, Benson and Medina",Consulting,Germany,Paid Ads,2024-04-29,4,2026-07-25 00:18:27.855935
2919,Brown Group,SaaS,USA,Outbound Sales,2024-05-29,7,2026-07-25 00:18:27.856074
2920,Jones Ltd,Healthcare,India,Outbound Sales,2025-07-12,9,2026-07-25 00:18:27.856202
2921,Cooper Inc,SaaS,India,Organic,2025-05-18,17,2026-07-25 00:18:27.856331
2922,Mitchell-Buck,Education,Canada,Outbound Sales,2023-10-27,6,2026-07-25 00:18:27.856582
2923,"Daniel, Richardson and Wang",Marketing,Singapore,Organic,2024-10-24,8,2026-07-25 00:18:27.856879
2924,"Weaver, Hopkins and Jones",Education,India,Outbound Sales,2024-01-31,10,2026-07-25 00:18:27.857180
2925,Cross LLC,Consulting,Germany,Referral,2023-08-25,19,2026-07-25 00:18:27.857310
2926,Elliott-Martinez,Logistics,Singapore,Paid Ads,2023-10-05,17,2026-07-25 00:18:27.857552
2927,"Newman, Reyes and Johnston",Manufacturing,Australia,Outbound Sales,2025-03-22,17,2026-07-25 00:18:27.857863
2928,"Ramirez, Aguirre and Savage",Retail,Singapore,Organic,2025-07-08,2,2026-07-25 00:18:27.858166
2929,Clark-Smith,Retail,India,Referral,2025-11-04,5,2026-07-25 00:18:27.858374
2930,Davis PLC,Education,United Kingdom,Referral,2023-12-27,5,2026-07-25 00:18:27.858504
2931,Martin Inc,E-Commerce,Australia,Referral,2023-08-16,19,2026-07-25 00:18:27.858628
2932,Huang Inc,Manufacturing,Canada,Referral,2024-05-17,20,2026-07-25 00:18:27.858753
2933,"Aguirre, Coleman and Ruiz",Marketing,India,Outbound Sales,2023-08-01,9,2026-07-25 00:18:27.859049
2934,"Wolf, Allen and Long",Education,Germany,Social Media,2024-04-15,6,2026-07-25 00:18:27.859339
2935,"Wells, Collins and Boyd",Marketing,Germany,Organic,2024-08-21,9,2026-07-25 00:18:27.859624
2936,Ware and Sons,Marketing,Singapore,Referral,2025-04-04,18,2026-07-25 00:18:27.859751
2937,"Bass, Dawson and Larsen",Retail,India,Social Media,2023-09-16,9,2026-07-25 00:18:27.860070
2938,Henry-Mccormick,Retail,Singapore,Paid Ads,2025-05-20,19,2026-07-25 00:18:27.860281
2939,Grant Group,Consulting,Australia,Referral,2025-11-30,14,2026-07-25 00:18:27.860407
2940,Thompson-Cline,Healthcare,Canada,Partner,2025-10-09,13,2026-07-25 00:18:27.860610
2941,"Reed, Coleman and Jensen",SaaS,Australia,Referral,2024-12-25,3,2026-07-25 00:18:27.860898
2942,Brooks-Fitzpatrick,Education,India,Outbound Sales,2023-10-24,4,2026-07-25 00:18:27.861111
2943,Ramos PLC,Consulting,Germany,Organic,2023-01-17,11,2026-07-25 00:18:27.861240
2944,Willis LLC,Finance,Canada,Paid Ads,2023-10-30,9,2026-07-25 00:18:27.861365
2945,Moon-Shaw,Healthcare,United Kingdom,Referral,2023-05-27,9,2026-07-25 00:18:27.861571
2946,"Nelson, Holland and May",SaaS,India,Partner,2023-01-21,8,2026-07-25 00:18:27.861873
2947,Forbes Ltd,Marketing,India,Organic,2024-09-10,6,2026-07-25 00:18:27.862015
2948,Garrett-Maddox,Consulting,Singapore,Paid Ads,2024-01-29,19,2026-07-25 00:18:27.862221
2949,"Pennington, Osborn and Chen",Logistics,India,Outbound Sales,2023-02-17,12,2026-07-25 00:18:27.862506
2950,Wells Ltd,E-Commerce,United Kingdom,Paid Ads,2025-01-31,18,2026-07-25 00:18:27.862632
2951,Johnson Inc,Education,Australia,Organic,2025-04-27,2,2026-07-25 00:18:27.862772
2952,"Hernandez, Fitzgerald and Pitts",Healthcare,Canada,Partner,2025-08-10,6,2026-07-25 00:18:27.863122
2953,Barnes Inc,Manufacturing,United Kingdom,Social Media,2023-07-24,18,2026-07-25 00:18:27.863257
2954,Walsh-Brown,Consulting,Australia,Partner,2023-03-29,16,2026-07-25 00:18:27.863460
2955,"Ramirez, Phelps and Rios",E-Commerce,USA,Paid Ads,2023-06-01,1,2026-07-25 00:18:27.863746
2956,Hood-Charles,Consulting,Singapore,Referral,2023-01-26,5,2026-07-25 00:18:27.863979
2957,"Jackson, Andersen and Bowen",Healthcare,Germany,Outbound Sales,2024-05-06,9,2026-07-25 00:18:27.864272
2958,"Smith, Beck and Butler",SaaS,Singapore,Social Media,2024-07-22,12,2026-07-25 00:18:27.864556
2959,"Brown, Lee and Juarez",Retail,Singapore,Outbound Sales,2025-11-03,14,2026-07-25 00:18:27.864842
2960,"Adams, Thompson and Williams",Logistics,USA,Partner,2023-08-18,12,2026-07-25 00:18:27.865136
2961,Barker Group,Logistics,Australia,Paid Ads,2025-08-03,9,2026-07-25 00:18:27.865265
2962,"Francis, Massey and Smith",Marketing,Australia,Social Media,2023-09-26,8,2026-07-25 00:18:27.865550
2963,"Bell, Peterson and Carroll",Education,Singapore,Organic,2024-03-01,10,2026-07-25 00:18:27.865852
2964,Knight Group,Marketing,United Kingdom,Paid Ads,2025-12-17,3,2026-07-25 00:18:27.865998
2965,Hardin and Sons,Finance,India,Social Media,2023-05-17,8,2026-07-25 00:18:27.866128
2966,Stewart Ltd,Finance,USA,Outbound Sales,2023-05-15,2,2026-07-25 00:18:27.866255
2967,Kramer and Sons,Finance,Singapore,Paid Ads,2023-02-01,18,2026-07-25 00:18:27.866382
2968,Stevens-Wiley,Logistics,United Kingdom,Organic,2025-09-18,14,2026-07-25 00:18:27.866589
2969,Hood-May,Consulting,Singapore,Referral,2024-01-19,16,2026-07-25 00:18:27.866798
2970,"Campos, Anderson and Brown",Logistics,Australia,Social Media,2023-10-24,18,2026-07-25 00:18:27.867102
2971,Ramirez PLC,Finance,Germany,Organic,2024-03-21,20,2026-07-25 00:18:27.867231
2972,Perez-Lopez,Retail,United Kingdom,Social Media,2024-05-05,1,2026-07-25 00:18:27.867439
2973,Krause LLC,Marketing,Singapore,Outbound Sales,2023-11-06,12,2026-07-25 00:18:27.867566
2974,Baker-Burns,Retail,Singapore,Social Media,2025-12-19,17,2026-07-25 00:18:27.867770
2975,Bailey-May,E-Commerce,India,Outbound Sales,2025-06-17,15,2026-07-25 00:18:27.868020
2976,"Mcdaniel, Jackson and Herring",Healthcare,Singapore,Outbound Sales,2024-11-29,8,2026-07-25 00:18:27.868320
2977,Moore-Carroll,Healthcare,India,Paid Ads,2025-06-28,5,2026-07-25 00:18:27.868526
2978,Reed-Cochran,Consulting,Canada,Organic,2025-12-26,14,2026-07-25 00:18:27.868730
2979,Peterson PLC,Logistics,Germany,Referral,2024-03-24,12,2026-07-25 00:18:27.868856
2980,"Bauer, Davis and Ayala",Finance,Canada,Social Media,2025-05-06,8,2026-07-25 00:18:27.869151
2981,Mcdonald Inc,Consulting,United Kingdom,Organic,2024-02-06,10,2026-07-25 00:18:27.869280
2982,"Barrett, Lopez and Taylor",Education,Germany,Paid Ads,2023-06-29,9,2026-07-25 00:18:27.869565
2983,Watson-Gray,Retail,India,Social Media,2025-06-30,19,2026-07-25 00:18:27.869770
2984,Morris Inc,Marketing,USA,Paid Ads,2025-07-03,17,2026-07-25 00:18:27.869920
2985,Booth-Smith,SaaS,Germany,Outbound Sales,2025-09-04,16,2026-07-25 00:18:27.870137
2986,Cook-Wong,SaaS,Canada,Organic,2024-10-16,20,2026-07-25 00:18:27.870344
2987,Gentry LLC,Logistics,Canada,Paid Ads,2023-06-05,12,2026-07-25 00:18:27.870471
2988,Payne-Walton,Finance,India,Paid Ads,2023-09-10,6,2026-07-25 00:18:27.870675
2989,"Bryant, Johnston and Graham",Marketing,Canada,Organic,2024-11-12,4,2026-07-25 00:18:27.870999
2990,Flowers-King,Marketing,Germany,Referral,2024-09-12,3,2026-07-25 00:18:27.871326
2991,"Morgan, Gregory and Evans",Consulting,Australia,Referral,2024-08-02,14,2026-07-25 00:18:27.871630
2992,"Rodriguez, Simmons and Adams",Finance,Germany,Organic,2023-12-30,5,2026-07-25 00:18:27.871958
2993,Watkins-Martin,Education,USA,Partner,2025-06-16,13,2026-07-25 00:18:27.872177
2994,Tanner-Sanford,Manufacturing,Canada,Paid Ads,2023-09-16,14,2026-07-25 00:18:27.872383
2995,Lynn PLC,Healthcare,Australia,Paid Ads,2025-03-25,4,2026-07-25 00:18:27.872511
2996,Alvarado Inc,Logistics,Singapore,Partner,2023-08-05,6,2026-07-25 00:18:27.872637
2997,Mcguire-Thomas,Healthcare,Canada,Social Media,2023-05-21,14,2026-07-25 00:18:27.872843
2998,Foster-Murray,SaaS,Canada,Social Media,2024-06-21,7,2026-07-25 00:18:27.873059
2999,Gonzalez and Sons,Finance,USA,Paid Ads,2025-10-20,2,2026-07-25 00:18:27.873188
3000,Miller-Young,Healthcare,Germany,Partner,2024-04-13,11,2026-07-25 00:18:27.873391
3001,Davis-Sanchez,SaaS,USA,Social Media,2023-11-12,7,2026-07-25 00:18:27.873594
3002,"Singleton, Brooks and Woods",Logistics,Singapore,Paid Ads,2025-11-29,4,2026-07-25 00:18:27.873899
3003,Ruiz Ltd,Marketing,Germany,Outbound Sales,2024-06-19,16,2026-07-25 00:18:27.874067
3004,"Lewis, Kennedy and Bennett",Healthcare,Canada,Partner,2024-09-04,17,2026-07-25 00:18:27.874354
3005,"Sanchez, Stark and Hughes",Marketing,USA,Organic,2024-12-20,4,2026-07-25 00:18:27.874641
3006,Ross LLC,SaaS,USA,Referral,2024-05-09,12,2026-07-25 00:18:27.874785
3007,"Cross, Coleman and Long",Consulting,India,Social Media,2024-03-15,8,2026-07-25 00:18:27.875089
3008,Freeman-Yang,SaaS,Singapore,Paid Ads,2023-04-22,14,2026-07-25 00:18:27.875294
3009,Walker PLC,E-Commerce,Singapore,Organic,2025-06-29,14,2026-07-25 00:18:27.875422
3010,Wood LLC,Logistics,Canada,Paid Ads,2023-10-04,16,2026-07-25 00:18:27.875547
3011,Bishop Group,Finance,United Kingdom,Partner,2025-02-17,8,2026-07-25 00:18:27.875673
3012,"Hall, Porter and Williams",E-Commerce,USA,Social Media,2023-05-01,17,2026-07-25 00:18:27.875987
3013,Davis-Cruz,Healthcare,USA,Paid Ads,2024-04-14,4,2026-07-25 00:18:27.876197
3014,Hernandez-Collins,Education,Singapore,Referral,2023-10-07,14,2026-07-25 00:18:27.876418
3015,Johnson-Mullen,Retail,Germany,Social Media,2025-11-14,4,2026-07-25 00:18:27.876627
3016,Martin Ltd,Consulting,Australia,Referral,2024-10-17,7,2026-07-25 00:18:27.876754
3017,Marshall Inc,E-Commerce,Singapore,Social Media,2025-03-14,5,2026-07-25 00:18:27.876880
3018,"Oconnor, Rios and Sullivan",Retail,India,Referral,2024-06-21,13,2026-07-25 00:18:27.877178
3019,Flores PLC,SaaS,Canada,Referral,2023-01-19,5,2026-07-25 00:18:27.877307
3020,Parks-Smith,Marketing,India,Outbound Sales,2025-02-26,7,2026-07-25 00:18:27.877510
3021,"Morales, Wise and Turner",Finance,United Kingdom,Organic,2025-10-12,13,2026-07-25 00:18:27.877794
3022,"Walters, Munoz and Lang",Marketing,Australia,Paid Ads,2024-02-06,8,2026-07-25 00:18:27.878170
3023,"Watson, Wells and Rogers",Retail,Canada,Partner,2024-11-30,16,2026-07-25 00:18:27.878463
3024,Rodriguez-White,SaaS,Australia,Partner,2025-04-11,2,2026-07-25 00:18:27.878667
3025,"Malone, Berg and Miller",Education,India,Paid Ads,2024-10-20,12,2026-07-25 00:18:27.878961
3026,Vaughan-Zimmerman,Education,Canada,Social Media,2023-01-11,14,2026-07-25 00:18:27.879167
3027,Robertson PLC,Retail,Canada,Organic,2024-02-05,6,2026-07-25 00:18:27.879293
3028,Williams-Campbell,SaaS,India,Organic,2024-12-07,11,2026-07-25 00:18:27.879496
3029,Stevens-Williams,Retail,Canada,Partner,2023-07-08,9,2026-07-25 00:18:27.879699
3030,"Wood, Simmons and Leonard",E-Commerce,India,Partner,2025-07-20,6,2026-07-25 00:18:27.880017
3031,"Adams, Carter and Butler",Education,Germany,Paid Ads,2023-02-06,11,2026-07-25 00:18:27.880311
3032,Evans-Johnson,Education,India,Organic,2024-11-25,1,2026-07-25 00:18:27.880514
3033,Dennis-Schmidt,Consulting,United Kingdom,Referral,2023-06-23,11,2026-07-25 00:18:27.880719
3034,Thompson PLC,Manufacturing,Singapore,Paid Ads,2024-09-07,19,2026-07-25 00:18:27.880845
3035,Acosta Ltd,Consulting,Australia,Paid Ads,2023-05-27,8,2026-07-25 00:18:27.880978
3036,Orozco-Reed,Education,USA,Outbound Sales,2025-02-05,13,2026-07-25 00:18:27.881185
3037,"Williamson, Sellers and Berger",Finance,India,Referral,2024-12-12,20,2026-07-25 00:18:27.881472
3038,"Ellis, Jones and Watson",Finance,India,Outbound Sales,2025-03-24,7,2026-07-25 00:18:27.881758
3039,"Davila, Little and Macias",Retail,Singapore,Partner,2023-08-16,4,2026-07-25 00:18:27.882074
3040,"Baird, Miller and Pennington",Finance,Australia,Outbound Sales,2024-08-16,11,2026-07-25 00:18:27.882369
3041,Morales-White,Education,Singapore,Partner,2024-04-14,7,2026-07-25 00:18:27.882575
3042,"Delgado, Andrade and Copeland",Consulting,Singapore,Referral,2024-02-04,2,2026-07-25 00:18:27.882886
3043,Leon PLC,Healthcare,USA,Partner,2024-11-04,18,2026-07-25 00:18:27.883027
3044,Gilbert-Ryan,Education,United Kingdom,Outbound Sales,2024-02-10,12,2026-07-25 00:18:27.883236
3045,"Lindsey, Brooks and Kennedy",Manufacturing,Germany,Social Media,2024-01-14,4,2026-07-25 00:18:27.883525
3046,Burgess-Osborne,Marketing,India,Partner,2024-11-09,14,2026-07-25 00:18:27.883730
3047,"Powers, Jacobs and Browning",Consulting,Australia,Organic,2024-03-06,6,2026-07-25 00:18:27.884058
3048,Nelson-Russell,E-Commerce,Canada,Social Media,2025-11-19,5,2026-07-25 00:18:27.884270
3049,Sandoval-Hill,Education,India,Outbound Sales,2023-01-30,2,2026-07-25 00:18:27.884476
3050,"Tyler, Reid and Davis",Retail,Singapore,Partner,2024-12-19,16,2026-07-25 00:18:27.884765
3051,Fletcher and Sons,Consulting,United Kingdom,Outbound Sales,2023-12-16,3,2026-07-25 00:18:27.884893
3052,"Roberts, Joseph and Wilcox",Healthcare,Germany,Outbound Sales,2023-04-09,13,2026-07-25 00:18:27.885220
3053,Walters-Murphy,Consulting,United Kingdom,Partner,2025-07-02,13,2026-07-25 00:18:27.885429
3054,Spears-Smith,E-Commerce,Canada,Referral,2024-08-27,6,2026-07-25 00:18:27.885635
3055,Reed-Wallace,SaaS,USA,Outbound Sales,2024-06-13,7,2026-07-25 00:18:27.885839
3056,"Porter, Patel and Jackson",E-Commerce,Singapore,Organic,2024-12-18,17,2026-07-25 00:18:27.886503
3057,Powell-Guerrero,Logistics,Australia,Social Media,2024-08-28,17,2026-07-25 00:18:27.886898
3058,Welch PLC,Education,Canada,Referral,2025-06-06,10,2026-07-25 00:18:27.887123
3059,Clark PLC,Education,Australia,Organic,2024-06-20,6,2026-07-25 00:18:27.887342
3060,Carter-Stewart,Retail,India,Outbound Sales,2024-07-27,8,2026-07-25 00:18:27.887654
3061,Johnson-Weber,Education,India,Social Media,2025-11-13,5,2026-07-25 00:18:27.888039
3062,"Bell, Reynolds and Forbes",Education,USA,Paid Ads,2023-09-17,2,2026-07-25 00:18:27.888483
3063,Hawkins-Henry,Retail,United Kingdom,Referral,2023-02-06,18,2026-07-25 00:18:27.888792
3064,Morse-Anderson,Finance,India,Social Media,2023-12-31,12,2026-07-25 00:18:27.889098
3065,Davis and Sons,E-Commerce,Canada,Paid Ads,2025-08-01,3,2026-07-25 00:18:27.889288
3066,Duncan and Sons,Consulting,Canada,Social Media,2023-11-25,5,2026-07-25 00:18:27.889505
3067,"Werner, Pierce and Bell",Marketing,Australia,Paid Ads,2023-09-05,11,2026-07-25 00:18:27.890002
3068,Lester-Ramirez,SaaS,Singapore,Organic,2023-12-05,12,2026-07-25 00:18:27.890320
3069,"Garcia, Dyer and Horne",Retail,Singapore,Paid Ads,2024-07-18,6,2026-07-25 00:18:27.890748
3070,Shaw-Patel,Education,India,Outbound Sales,2025-09-15,19,2026-07-25 00:18:27.891054
3071,Simpson-Marshall,Finance,Singapore,Social Media,2023-12-16,13,2026-07-25 00:18:27.891359
3072,Bradshaw and Sons,Education,United Kingdom,Social Media,2024-11-29,20,2026-07-25 00:18:27.891551
3073,Smith-Gallegos,Consulting,USA,Partner,2024-09-13,8,2026-07-25 00:18:27.891856
3074,"Jackson, Solomon and Reyes",Manufacturing,Canada,Referral,2024-12-21,19,2026-07-25 00:18:27.892321
3075,Mccann-Jenkins,Marketing,USA,Partner,2025-10-11,8,2026-07-25 00:18:27.892632
3076,Montgomery and Sons,Marketing,Canada,Referral,2025-09-15,16,2026-07-25 00:18:27.892821
3077,"Gordon, Miller and Duncan",Finance,Germany,Referral,2025-08-05,15,2026-07-25 00:18:27.893301
3078,Nguyen and Sons,Healthcare,United Kingdom,Referral,2024-09-27,7,2026-07-25 00:18:27.893479
3079,"Garrett, Cohen and Crane",E-Commerce,Germany,Social Media,2023-09-16,6,2026-07-25 00:18:27.893862
3080,"Guzman, Clarke and Price",Education,India,Paid Ads,2023-02-05,6,2026-07-25 00:18:27.894273
3081,Jefferson and Sons,Healthcare,United Kingdom,Partner,2025-03-05,20,2026-07-25 00:18:27.894450
3082,Sharp-Allen,Retail,India,Referral,2024-12-12,3,2026-07-25 00:18:27.894804
3083,"Morse, Morris and Carter",Marketing,USA,Partner,2025-01-03,13,2026-07-25 00:18:27.895232
3084,Lane Group,Finance,Singapore,Outbound Sales,2023-02-17,5,2026-07-25 00:18:27.895418
3085,"Morrison, Fritz and Robles",SaaS,Australia,Organic,2024-01-16,13,2026-07-25 00:18:27.895835
3086,"Davidson, Lara and Massey",Marketing,India,Organic,2024-12-17,1,2026-07-25 00:18:27.896303
3087,Ford Inc,SaaS,USA,Referral,2023-09-05,3,2026-07-25 00:18:27.896507
3088,"Johnson, Rhodes and Camacho",Education,USA,Social Media,2023-01-11,20,2026-07-25 00:18:27.896950
3089,Jones-Butler,SaaS,United Kingdom,Organic,2024-12-31,4,2026-07-25 00:18:27.897268
3090,"Medina, Baldwin and Lawson",Consulting,Singapore,Paid Ads,2024-02-08,3,2026-07-25 00:18:27.897711
3091,"Johnson, Castillo and Barber",Retail,USA,Partner,2025-04-09,19,2026-07-25 00:18:27.898187
3092,Clayton-Hardy,Logistics,United Kingdom,Referral,2024-03-31,10,2026-07-25 00:18:27.898512
3093,Ross-Ho,Manufacturing,Germany,Referral,2023-03-03,8,2026-07-25 00:18:27.898830
3094,"Alexander, Cobb and Garcia",SaaS,Australia,Social Media,2025-09-04,9,2026-07-25 00:18:27.899311
3095,"Molina, Rodriguez and Jackson",Consulting,India,Organic,2024-02-12,2,2026-07-25 00:18:27.899690
3096,"Morgan, Durham and Pope",Finance,Australia,Paid Ads,2024-10-03,4,2026-07-25 00:18:27.900090
3097,Davis-May,Consulting,United Kingdom,Partner,2023-11-23,5,2026-07-25 00:18:27.900356
3098,Nolan-Vasquez,SaaS,USA,Organic,2023-04-26,8,2026-07-25 00:18:27.900617
3099,Peterson-Norris,Marketing,Germany,Referral,2024-01-16,12,2026-07-25 00:18:27.900872
3100,Lyons-Carroll,Education,USA,Social Media,2024-05-28,13,2026-07-25 00:18:27.901378
3101,Juarez and Sons,Finance,Germany,Referral,2025-07-12,4,2026-07-25 00:18:27.901737
3102,Johnson-Beard,Retail,India,Paid Ads,2025-03-21,12,2026-07-25 00:18:27.902304
3103,Reeves-Parker,Finance,Australia,Paid Ads,2025-05-25,4,2026-07-25 00:18:27.902833
3104,"Walters, Alvarez and Gonzales",Manufacturing,India,Organic,2023-09-03,20,2026-07-25 00:18:27.903592
3105,Manning Ltd,Healthcare,USA,Partner,2024-04-03,17,2026-07-25 00:18:27.903943
3106,Lawson Group,Manufacturing,Australia,Referral,2023-07-19,14,2026-07-25 00:18:27.904274
3107,"Perez, Rosales and Aguilar",Healthcare,Singapore,Social Media,2024-02-04,10,2026-07-25 00:18:27.905028
3108,"Smith, Diaz and Romero",E-Commerce,United Kingdom,Paid Ads,2023-08-19,12,2026-07-25 00:18:27.905767
3109,Woods-Yoder,Finance,Canada,Partner,2025-03-13,12,2026-07-25 00:18:27.906315
3110,"Moore, Farrell and Edwards",Education,United Kingdom,Social Media,2024-06-18,3,2026-07-25 00:18:27.907080
3111,Grimes-Washington,SaaS,United Kingdom,Referral,2024-08-04,5,2026-07-25 00:18:27.907608
3112,"Olson, Webb and James",Manufacturing,USA,Partner,2023-09-20,15,2026-07-25 00:18:27.908400
3113,Peterson LLC,Logistics,United Kingdom,Organic,2025-11-04,4,2026-07-25 00:18:27.908732
3114,Hernandez PLC,E-Commerce,Germany,Social Media,2023-11-17,9,2026-07-25 00:18:27.909077
3115,"Gonzalez, Porter and Hudson",Healthcare,India,Paid Ads,2023-07-05,5,2026-07-25 00:18:27.909818
3116,Larsen PLC,Healthcare,United Kingdom,Partner,2025-09-19,12,2026-07-25 00:18:27.910170
3117,"Harris, Beck and Ross",Manufacturing,Germany,Partner,2023-12-21,16,2026-07-25 00:18:27.910915
3118,Romero-Nelson,Marketing,Australia,Social Media,2023-06-03,11,2026-07-25 00:18:27.911422
3119,"Medina, Miller and Yates",Healthcare,United Kingdom,Social Media,2025-04-10,8,2026-07-25 00:18:27.911982
3120,"Mills, Sanchez and Robles",Marketing,Germany,Outbound Sales,2024-11-24,16,2026-07-25 00:18:27.912538
3121,"Mayer, Mathews and Perez",Consulting,Australia,Partner,2023-10-11,18,2026-07-25 00:18:27.913075
3122,Williams PLC,Consulting,United Kingdom,Referral,2024-12-09,13,2026-07-25 00:18:27.913296
3123,"Ramirez, Paul and Quinn",Finance,Australia,Social Media,2024-02-17,14,2026-07-25 00:18:27.913783
3124,Mills Inc,Consulting,Australia,Social Media,2023-04-09,8,2026-07-25 00:18:27.914014
3125,Sanchez PLC,Finance,USA,Paid Ads,2023-11-19,1,2026-07-25 00:18:27.914237
3126,Garcia-Keith,Retail,United Kingdom,Organic,2025-01-11,12,2026-07-25 00:18:27.914577
3127,Tyler-Jones,Consulting,Germany,Referral,2023-03-21,4,2026-07-25 00:18:27.914913
3128,Ramos Group,SaaS,Canada,Paid Ads,2025-01-13,5,2026-07-25 00:18:27.915144
3129,Daniels and Sons,Education,Germany,Referral,2023-11-03,18,2026-07-25 00:18:27.915352
3130,Evans-Smith,Marketing,USA,Referral,2025-07-18,8,2026-07-25 00:18:27.915689
3131,Cortez Group,SaaS,Singapore,Referral,2024-10-29,4,2026-07-25 00:18:27.915896
3132,Chapman Ltd,Healthcare,Germany,Social Media,2025-09-25,1,2026-07-25 00:18:27.916447
3133,Gay-King,Marketing,Canada,Organic,2025-08-12,4,2026-07-25 00:18:27.916812
3134,"Nelson, Welch and Murphy",E-Commerce,India,Partner,2024-09-24,20,2026-07-25 00:18:27.917537
3135,"Campbell, Brewer and Baker",Healthcare,India,Referral,2025-01-20,12,2026-07-25 00:18:27.918057
3136,Peterson Ltd,Healthcare,India,Referral,2025-04-06,3,2026-07-25 00:18:27.918269
3137,"Parker, Alexander and Rowland",SaaS,Australia,Partner,2025-05-21,5,2026-07-25 00:18:27.918747
3138,Smith-Barry,Healthcare,Germany,Social Media,2023-10-11,5,2026-07-25 00:18:27.919110
3139,Simpson-White,Consulting,Singapore,Paid Ads,2025-03-02,16,2026-07-25 00:18:27.919460
3140,"Torres, Schaefer and Ramos",Marketing,Singapore,Paid Ads,2024-11-02,15,2026-07-25 00:18:27.919938
3141,"Ryan, White and Maxwell",SaaS,Canada,Organic,2025-09-17,5,2026-07-25 00:18:27.920412
3142,Parker LLC,SaaS,Singapore,Organic,2023-12-27,20,2026-07-25 00:18:27.920619
3143,"Kennedy, Cohen and Pennington",Healthcare,Australia,Referral,2024-05-12,1,2026-07-25 00:18:27.921114
3144,"Powers, Morris and Lee",Marketing,United Kingdom,Partner,2023-11-23,15,2026-07-25 00:18:27.921656
3145,Phelps PLC,Consulting,Singapore,Paid Ads,2024-09-07,19,2026-07-25 00:18:27.921910
3146,Nguyen PLC,Consulting,Canada,Social Media,2025-10-26,8,2026-07-25 00:18:27.922116
3147,"Larson, Butler and Barber",Marketing,USA,Paid Ads,2025-01-05,3,2026-07-25 00:18:27.922496
3148,Kennedy-Chase,Consulting,Germany,Referral,2023-12-22,7,2026-07-25 00:18:27.922842
3149,Thomas-Cook,Marketing,Australia,Organic,2024-04-16,8,2026-07-25 00:18:27.923263
3150,"Stewart, Parker and Elliott",Marketing,USA,Social Media,2024-07-03,18,2026-07-25 00:18:27.923786
3151,Gill Group,E-Commerce,United Kingdom,Organic,2024-10-09,15,2026-07-25 00:18:27.924017
3152,Gomez-Trujillo,Logistics,Canada,Social Media,2023-03-27,13,2026-07-25 00:18:27.924351
3153,Smith-Bush,Marketing,USA,Organic,2024-12-10,12,2026-07-25 00:18:27.924689
3154,"Moran, Phillips and Brooks",Marketing,USA,Paid Ads,2023-11-21,4,2026-07-25 00:18:27.925178
3155,Gibbs-Nguyen,Finance,India,Paid Ads,2024-05-14,20,2026-07-25 00:18:27.925619
3156,"Gonzalez, Lewis and Shaw",Manufacturing,India,Referral,2025-05-19,10,2026-07-25 00:18:27.926210
3157,Jones and Sons,Healthcare,Australia,Organic,2024-03-01,3,2026-07-25 00:18:27.926471
3158,"Castillo, Griffith and Harrison",Retail,Australia,Organic,2024-05-20,10,2026-07-25 00:18:27.927069
3159,"Price, Moyer and Mccarthy",Retail,Australia,Referral,2023-03-13,2,2026-07-25 00:18:27.927555
3160,Benitez-Willis,Retail,Canada,Organic,2024-01-24,19,2026-07-25 00:18:27.927969
3161,Brown LLC,E-Commerce,India,Outbound Sales,2023-04-03,16,2026-07-25 00:18:27.928201
3162,"Wood, Mclean and Rodriguez",SaaS,India,Paid Ads,2024-03-04,3,2026-07-25 00:18:27.928653
3163,"Jones, Rowland and Oconnor",Education,India,Paid Ads,2023-07-28,10,2026-07-25 00:18:27.929077
3164,Lawrence PLC,Marketing,Australia,Referral,2023-08-24,11,2026-07-25 00:18:27.929314
3165,"Miller, Sanchez and Armstrong",Marketing,Singapore,Paid Ads,2023-11-07,5,2026-07-25 00:18:27.929792
3166,Hawkins-Roth,Finance,Canada,Partner,2025-10-23,17,2026-07-25 00:18:27.930062
3167,Taylor Inc,Finance,Australia,Referral,2025-12-07,1,2026-07-25 00:18:27.930235
3168,"Stevenson, Krueger and Ward",E-Commerce,United Kingdom,Partner,2025-12-22,16,2026-07-25 00:18:27.930682
3169,"Wilkerson, Lopez and Mcdonald",E-Commerce,United Kingdom,Organic,2024-11-23,10,2026-07-25 00:18:27.931094
3170,Cook-Byrd,Healthcare,USA,Social Media,2024-12-16,15,2026-07-25 00:18:27.931442
3171,Scott-Adkins,Finance,Singapore,Organic,2025-12-29,8,2026-07-25 00:18:27.931816
3172,Wilson Group,Retail,United Kingdom,Social Media,2023-02-05,5,2026-07-25 00:18:27.932016
3173,Shaffer-Yates,Healthcare,Australia,Outbound Sales,2024-10-25,20,2026-07-25 00:18:27.932278
3174,Durham PLC,Consulting,United Kingdom,Paid Ads,2025-03-31,15,2026-07-25 00:18:27.932436
3175,Knight Inc,Healthcare,Canada,Paid Ads,2024-08-03,12,2026-07-25 00:18:27.932831
3176,Tyler-Vasquez,E-Commerce,United Kingdom,Partner,2025-02-22,2,2026-07-25 00:18:27.933541
3177,Walters-Navarro,Marketing,USA,Referral,2025-06-11,20,2026-07-25 00:18:27.933900
3178,Mccann Inc,E-Commerce,India,Referral,2025-05-28,19,2026-07-25 00:18:27.934068
3179,Lindsey Inc,Logistics,India,Organic,2025-04-06,5,2026-07-25 00:18:27.934226
3180,Bishop-Kaiser,Education,Australia,Organic,2025-06-10,16,2026-07-25 00:18:27.934516
3181,"Jordan, Hill and Hayes",Finance,Germany,Paid Ads,2023-04-24,6,2026-07-25 00:18:27.934903
3182,"Rivera, White and Johnston",Education,USA,Organic,2023-08-25,9,2026-07-25 00:18:27.935347
3183,"Norman, Stevenson and Fry",E-Commerce,Canada,Paid Ads,2024-12-06,3,2026-07-25 00:18:27.935802
3184,Andrews-Smith,Finance,USA,Social Media,2023-02-03,15,2026-07-25 00:18:27.936160
3185,Smith LLC,Education,Germany,Paid Ads,2024-08-28,15,2026-07-25 00:18:27.936335
3186,Green and Sons,Healthcare,India,Outbound Sales,2024-10-25,16,2026-07-25 00:18:27.936601
3187,"Saunders, Patel and Valdez",SaaS,Canada,Paid Ads,2025-06-26,13,2026-07-25 00:18:27.937068
3188,"Schaefer, Barry and Espinoza",Marketing,United Kingdom,Outbound Sales,2023-11-08,5,2026-07-25 00:18:27.937637
3189,Lopez and Sons,Logistics,Canada,Outbound Sales,2025-06-15,20,2026-07-25 00:18:27.937904
3190,White-Johnson,Manufacturing,Canada,Organic,2023-11-17,14,2026-07-25 00:18:27.938404
3191,Chan PLC,Consulting,Germany,Paid Ads,2025-07-24,2,2026-07-25 00:18:27.938673
3192,Murphy LLC,E-Commerce,Singapore,Organic,2024-06-25,8,2026-07-25 00:18:27.938933
3193,"Clark, Turner and Coleman",Consulting,India,Referral,2023-12-24,4,2026-07-25 00:18:27.939373
3194,Mayer and Sons,Education,Germany,Referral,2024-02-26,19,2026-07-25 00:18:27.939561
3195,Taylor Group,Marketing,United Kingdom,Organic,2024-07-06,8,2026-07-25 00:18:27.939724
3196,Johnson-Dillon,Marketing,United Kingdom,Partner,2023-07-11,3,2026-07-25 00:18:27.940010
3197,Williams-Gonzales,Manufacturing,Germany,Partner,2023-11-21,18,2026-07-25 00:18:27.940313
3198,Wise PLC,Logistics,India,Organic,2023-11-05,6,2026-07-25 00:18:27.940540
3199,Costa PLC,Finance,Germany,Partner,2023-07-13,7,2026-07-25 00:18:27.940727
3200,"Black, Martin and Clark",Marketing,Canada,Organic,2025-06-17,11,2026-07-25 00:18:27.941214
3201,"Jacobs, Brady and Stewart",Manufacturing,Australia,Partner,2025-01-29,7,2026-07-25 00:18:27.941581
3202,Galloway PLC,Logistics,India,Paid Ads,2023-10-24,15,2026-07-25 00:18:27.941741
3203,Scott-Rodriguez,SaaS,Australia,Referral,2024-07-13,16,2026-07-25 00:18:27.941995
3204,Smith Group,Healthcare,Singapore,Referral,2024-12-10,11,2026-07-25 00:18:27.942151
3205,Gomez LLC,E-Commerce,India,Outbound Sales,2024-09-13,13,2026-07-25 00:18:27.942325
3206,Bautista-Pearson,SaaS,United Kingdom,Paid Ads,2023-04-12,14,2026-07-25 00:18:27.942660
3207,"Miller, Schneider and Price",Logistics,USA,Organic,2023-12-23,7,2026-07-25 00:18:27.943054
3208,Bean LLC,SaaS,United Kingdom,Social Media,2025-01-02,14,2026-07-25 00:18:27.943218
3209,Williams-Boone,Education,Canada,Social Media,2025-10-02,6,2026-07-25 00:18:27.943523
3210,"Smith, Stone and Taylor",Finance,USA,Organic,2023-10-03,9,2026-07-25 00:18:27.943891
3211,Brown and Sons,Marketing,India,Paid Ads,2024-12-30,15,2026-07-25 00:18:27.944063
3212,Watson-Perry,Marketing,Australia,Referral,2025-10-23,9,2026-07-25 00:18:27.944350
3213,Thompson-Mayer,Healthcare,United Kingdom,Organic,2023-09-02,3,2026-07-25 00:18:27.944678
3214,"Pacheco, Barnett and Diaz",Marketing,Canada,Paid Ads,2023-08-24,6,2026-07-25 00:18:27.945082
3215,Johnson and Sons,Retail,Canada,Partner,2023-06-19,16,2026-07-25 00:18:27.945267
3216,Garrett-Stout,Logistics,Australia,Social Media,2024-04-20,6,2026-07-25 00:18:27.945562
3217,"Morris, Logan and Rivera",Marketing,Canada,Social Media,2024-02-16,19,2026-07-25 00:18:27.945985
3218,Moss and Sons,Marketing,United Kingdom,Organic,2024-12-31,18,2026-07-25 00:18:27.946151
3219,Ryan PLC,E-Commerce,USA,Organic,2024-09-25,19,2026-07-25 00:18:27.946327
3220,Moore Inc,E-Commerce,USA,Paid Ads,2025-03-26,11,2026-07-25 00:18:27.946541
3221,Davis Inc,SaaS,USA,Partner,2024-06-25,5,2026-07-25 00:18:27.946734
3222,Marshall-Perry,Logistics,United Kingdom,Paid Ads,2023-06-24,4,2026-07-25 00:18:27.947032
3223,Taylor-Morrison,Marketing,Canada,Outbound Sales,2025-04-13,1,2026-07-25 00:18:27.947339
3224,Collins Group,Logistics,United Kingdom,Referral,2025-09-16,15,2026-07-25 00:18:27.947513
3225,Morris PLC,E-Commerce,India,Organic,2024-02-04,7,2026-07-25 00:18:27.947700
3226,"Barnett, Davis and Vasquez",Retail,Germany,Social Media,2024-07-21,18,2026-07-25 00:18:27.948093
3227,Martinez PLC,Healthcare,Australia,Partner,2025-06-06,7,2026-07-25 00:18:27.948259
3228,Perez Inc,Manufacturing,USA,Referral,2023-07-21,19,2026-07-25 00:18:27.948414
3229,"Powell, Eaton and Garcia",SaaS,Canada,Paid Ads,2023-05-28,1,2026-07-25 00:18:27.948855
3230,Lopez-Hopkins,Education,Canada,Outbound Sales,2023-12-18,4,2026-07-25 00:18:27.949666
3231,"Dickson, Barnett and Meyer",Logistics,Singapore,Partner,2024-05-25,14,2026-07-25 00:18:27.950300
3232,Wolf-Anderson,Marketing,Canada,Paid Ads,2025-06-15,18,2026-07-25 00:18:27.950688
3233,Stanley-Riley,Marketing,Australia,Paid Ads,2024-10-17,4,2026-07-25 00:18:27.951160
3234,"Bullock, Cruz and Williams",Healthcare,Germany,Partner,2023-02-23,12,2026-07-25 00:18:27.951711
3235,Smith Ltd,Healthcare,Australia,Outbound Sales,2023-11-04,6,2026-07-25 00:18:27.952833
3236,Martin LLC,Consulting,Germany,Partner,2023-02-22,10,2026-07-25 00:18:27.953233
3237,"Castillo, Mathews and Lopez",Marketing,Singapore,Paid Ads,2023-01-19,20,2026-07-25 00:18:27.953842
3238,Hayes-Lewis,Finance,India,Organic,2025-06-15,3,2026-07-25 00:18:27.954324
3239,Gardner-Wilson,SaaS,Australia,Partner,2025-08-23,4,2026-07-25 00:18:27.954876
3240,"Mack, Bradshaw and Rogers",Logistics,Singapore,Outbound Sales,2024-03-09,18,2026-07-25 00:18:27.955658
3241,Peterson-Wiggins,Finance,Singapore,Partner,2023-10-17,17,2026-07-25 00:18:27.955991
3242,Alvarado-Barnett,E-Commerce,United Kingdom,Organic,2025-05-02,10,2026-07-25 00:18:27.956302
3243,"Baker, Casey and Simmons",Marketing,USA,Referral,2024-06-15,15,2026-07-25 00:18:27.956689
3244,"Martinez, Perez and Ellis",Consulting,Germany,Organic,2023-02-09,7,2026-07-25 00:18:27.957065
3245,Pierce LLC,Logistics,India,Paid Ads,2023-06-22,15,2026-07-25 00:18:27.957255
3246,Parker-Graham,Marketing,United Kingdom,Social Media,2023-07-16,13,2026-07-25 00:18:27.957546
3247,"White, Wilkins and Blackwell",SaaS,Canada,Referral,2023-05-09,17,2026-07-25 00:18:27.957937
3248,Thomas Ltd,Education,Canada,Social Media,2025-03-04,9,2026-07-25 00:18:27.958102
3249,Gonzalez Ltd,Education,United Kingdom,Partner,2023-12-11,8,2026-07-25 00:18:27.958277
3250,"Burke, Hernandez and Heath",SaaS,Germany,Organic,2024-07-03,1,2026-07-25 00:18:27.958696
3251,Mcbride LLC,SaaS,USA,Paid Ads,2025-03-26,17,2026-07-25 00:18:27.958867
3252,Steele PLC,E-Commerce,Canada,Paid Ads,2025-04-18,6,2026-07-25 00:18:27.959053
3253,Moore-Becker,E-Commerce,Germany,Referral,2023-09-17,18,2026-07-25 00:18:27.959361
3254,"Trevino, Perez and Arias",Marketing,USA,Outbound Sales,2025-09-13,13,2026-07-25 00:18:27.959734
3255,"Dunlap, Lynch and Garrison",SaaS,United Kingdom,Outbound Sales,2023-08-25,14,2026-07-25 00:18:27.960096
3256,Haley Group,Healthcare,Singapore,Partner,2024-03-08,6,2026-07-25 00:18:27.960271
3257,Santana-Stanton,Marketing,Canada,Outbound Sales,2024-04-05,6,2026-07-25 00:18:27.960530
3258,Morris-Griffith,Marketing,USA,Organic,2025-01-10,5,2026-07-25 00:18:27.960811
3259,Jones Ltd,Consulting,India,Social Media,2024-04-11,19,2026-07-25 00:18:27.960997
3260,"Collins, Leblanc and Austin",Marketing,United Kingdom,Social Media,2025-05-13,9,2026-07-25 00:18:27.961438
3261,Fischer and Sons,Consulting,USA,Paid Ads,2023-04-14,7,2026-07-25 00:18:27.961634
3262,Carson-Duran,Finance,India,Organic,2023-08-12,14,2026-07-25 00:18:27.961920
3263,Hartman-Lucas,SaaS,Singapore,Outbound Sales,2024-01-12,5,2026-07-25 00:18:27.962226
3264,"Lee, Flowers and Jones",SaaS,Australia,Social Media,2024-08-30,18,2026-07-25 00:18:27.962620
3265,Stafford Inc,Finance,Australia,Partner,2024-03-05,1,2026-07-25 00:18:27.962814
3266,"Hernandez, Ramos and Chambers",Healthcare,Germany,Social Media,2025-06-29,12,2026-07-25 00:18:27.963252
3267,Walsh PLC,Healthcare,USA,Social Media,2024-05-23,8,2026-07-25 00:18:27.963435
3268,"Garcia, Fuller and Ruiz",Education,USA,Outbound Sales,2024-04-28,8,2026-07-25 00:18:27.963829
3269,Evans-Martinez,Marketing,United Kingdom,Paid Ads,2025-10-22,2,2026-07-25 00:18:27.964106
3270,Hernandez-Beard,Education,India,Referral,2025-08-05,1,2026-07-25 00:18:27.964394
3271,Herring-Williams,E-Commerce,United Kingdom,Organic,2024-06-14,4,2026-07-25 00:18:27.964686
3272,Sims Group,Logistics,Australia,Organic,2024-02-01,4,2026-07-25 00:18:27.964852
3273,Walter Ltd,Healthcare,Canada,Paid Ads,2025-06-27,6,2026-07-25 00:18:27.966959
3274,Walker-Garcia,Finance,India,Partner,2025-01-27,12,2026-07-25 00:18:27.967565
3275,"Grimes, Allen and Horn",Retail,Germany,Organic,2025-07-26,16,2026-07-25 00:18:27.968362
3276,"Richmond, Fisher and Little",SaaS,Germany,Organic,2025-02-07,16,2026-07-25 00:18:27.968909
3277,"Oconnor, Conway and Bowman",Finance,USA,Social Media,2024-03-11,14,2026-07-25 00:18:27.969443
3278,Estrada-King,Marketing,Canada,Social Media,2024-05-25,15,2026-07-25 00:18:27.969800
3279,Smith Ltd,Healthcare,USA,Paid Ads,2024-07-08,1,2026-07-25 00:18:27.970032
3280,Willis and Sons,Healthcare,Singapore,Outbound Sales,2025-01-24,20,2026-07-25 00:18:27.970261
3281,Wade-Garcia,SaaS,India,Paid Ads,2025-07-07,12,2026-07-25 00:18:27.970604
3282,"Obrien, Cunningham and Obrien",Logistics,Australia,Outbound Sales,2025-01-27,18,2026-07-25 00:18:27.971106
3283,Williams-Rodriguez,SaaS,USA,Outbound Sales,2025-11-03,9,2026-07-25 00:18:27.971471
3284,Johnston Inc,Finance,USA,Outbound Sales,2025-09-25,1,2026-07-25 00:18:27.971642
3285,Carpenter-Fletcher,Consulting,India,Outbound Sales,2024-01-06,17,2026-07-25 00:18:27.971906
3286,Ochoa-Higgins,Healthcare,USA,Paid Ads,2025-07-26,4,2026-07-25 00:18:27.972193
3287,Holland-Alexander,Retail,India,Paid Ads,2023-03-03,5,2026-07-25 00:18:27.972454
3288,"Boyer, Johnson and Ross",Retail,India,Social Media,2024-12-16,5,2026-07-25 00:18:27.972820
3289,"Strickland, Caldwell and Johnson",Education,Canada,Partner,2025-09-02,7,2026-07-25 00:18:27.973207
3290,Johnson LLC,Finance,Canada,Social Media,2025-05-30,18,2026-07-25 00:18:27.973374
3291,Knapp-Pham,Education,Germany,Social Media,2023-06-03,16,2026-07-25 00:18:27.973636
3292,Howard-Vega,Marketing,Australia,Partner,2024-12-10,7,2026-07-25 00:18:27.973893
3293,Hill Inc,Education,USA,Referral,2024-07-01,9,2026-07-25 00:18:27.974070
3294,Lyons-Walters,Marketing,India,Outbound Sales,2024-05-19,19,2026-07-25 00:18:27.974330
3295,Hansen PLC,Education,USA,Referral,2023-09-07,16,2026-07-25 00:18:27.974486
3296,Yang-Mullins,Marketing,Germany,Partner,2025-10-04,20,2026-07-25 00:18:27.974741
3297,Gates-Cook,Education,United Kingdom,Paid Ads,2023-09-25,20,2026-07-25 00:18:27.975020
3298,"Singh, Huff and Perez",Finance,Australia,Partner,2025-08-15,14,2026-07-25 00:18:27.975392
3299,Sloan Inc,Retail,Australia,Paid Ads,2024-04-20,12,2026-07-25 00:18:27.975547
3300,Edwards-Crawford,Finance,Germany,Referral,2025-09-20,2,2026-07-25 00:18:27.975803
3301,Harris-Chase,Consulting,Canada,Outbound Sales,2023-10-17,14,2026-07-25 00:18:27.976080
3302,Rogers-Kim,Education,Australia,Social Media,2025-01-24,17,2026-07-25 00:18:27.976344
3303,Chung LLC,Manufacturing,Germany,Organic,2024-07-15,4,2026-07-25 00:18:27.976499
3304,Lopez LLC,Healthcare,United Kingdom,Paid Ads,2023-01-25,14,2026-07-25 00:18:27.976652
3305,"May, Phillips and Castro",Healthcare,Canada,Referral,2025-02-25,3,2026-07-25 00:18:27.977034
3306,Montgomery-Jones,Retail,Singapore,Paid Ads,2023-10-04,12,2026-07-25 00:18:27.977301
3307,Dawson Ltd,Healthcare,United Kingdom,Paid Ads,2023-05-26,4,2026-07-25 00:18:27.977458
3308,Thomas-Peterson,SaaS,Canada,Social Media,2024-09-20,1,2026-07-25 00:18:27.977713
3309,Anderson-Cruz,Manufacturing,USA,Partner,2024-07-03,19,2026-07-25 00:18:27.977987
3310,"Hudson, Miller and Key",Manufacturing,USA,Outbound Sales,2024-04-01,3,2026-07-25 00:18:27.978360
3311,Sanchez and Sons,Marketing,Canada,Outbound Sales,2024-11-18,7,2026-07-25 00:18:27.978515
3312,Johnson-Walker,Consulting,USA,Organic,2025-11-02,18,2026-07-25 00:18:27.978773
3313,Sanchez and Sons,Education,Singapore,Outbound Sales,2025-12-15,3,2026-07-25 00:18:27.978944
3314,"Cain, Thomas and Phillips",E-Commerce,Singapore,Partner,2024-11-15,14,2026-07-25 00:18:27.979317
3315,"Webb, Gonzales and Hawkins",Manufacturing,United Kingdom,Paid Ads,2023-02-02,7,2026-07-25 00:18:27.979683
3316,Gutierrez PLC,Retail,India,Partner,2025-06-01,16,2026-07-25 00:18:27.979867
3317,Burton-Oneal,SaaS,Canada,Partner,2025-06-21,4,2026-07-25 00:18:27.980566
3318,"Green, Robles and Cox",Finance,Germany,Referral,2024-08-24,20,2026-07-25 00:18:27.981413
3319,Wood-Mccullough,Manufacturing,Australia,Partner,2024-02-14,8,2026-07-25 00:18:27.982014
3320,Fernandez-Jones,E-Commerce,India,Paid Ads,2023-12-31,1,2026-07-25 00:18:27.982443
3321,Morris Ltd,E-Commerce,India,Partner,2025-12-12,10,2026-07-25 00:18:27.982701
3322,"Riley, Davis and Lowery",Healthcare,United Kingdom,Partner,2024-01-19,2,2026-07-25 00:18:27.983385
3323,"Alvarez, Edwards and Aguirre",Consulting,Australia,Organic,2025-02-27,11,2026-07-25 00:18:27.983879
3324,Cortez Ltd,SaaS,India,Partner,2025-07-27,4,2026-07-25 00:18:27.984107
3325,"Bray, Nicholson and Walker",Marketing,Singapore,Paid Ads,2025-12-26,9,2026-07-25 00:18:27.984571
3326,"Copeland, Stevens and Kim",Manufacturing,United Kingdom,Paid Ads,2024-02-23,13,2026-07-25 00:18:27.985118
3327,Brown-Forbes,Finance,Australia,Paid Ads,2025-07-07,16,2026-07-25 00:18:27.985505
3328,"West, Santos and Huang",E-Commerce,India,Partner,2023-02-04,10,2026-07-25 00:18:27.986037
3329,"Hernandez, Fleming and Jones",Logistics,Germany,Social Media,2025-01-10,4,2026-07-25 00:18:27.986447
3330,"King, Mosley and Johnson",Manufacturing,Australia,Organic,2024-03-04,1,2026-07-25 00:18:27.986824
3331,Jordan-Duran,Retail,India,Organic,2025-07-17,5,2026-07-25 00:18:27.987116
3332,Lewis-Hayes,Finance,Canada,Social Media,2023-07-27,14,2026-07-25 00:18:27.987415
3333,"Leonard, Rivera and Hudson",Retail,USA,Organic,2025-04-16,7,2026-07-25 00:18:27.987942
3334,Thomas-Ryan,Manufacturing,United Kingdom,Outbound Sales,2025-02-28,1,2026-07-25 00:18:27.988316
3335,"Edwards, Smith and Lynch",SaaS,Canada,Organic,2025-11-24,4,2026-07-25 00:18:27.988819
3336,"Wilson, Madden and Austin",SaaS,Canada,Organic,2024-07-10,9,2026-07-25 00:18:27.989350
3337,Cross-Oconnor,Manufacturing,Singapore,Outbound Sales,2025-04-02,13,2026-07-25 00:18:27.989712
3338,"Ayala, Mayo and Houston",Education,Singapore,Referral,2024-01-22,5,2026-07-25 00:18:27.990149
3339,"Mcfarland, Chandler and Rivera",E-Commerce,Germany,Organic,2023-02-15,5,2026-07-25 00:18:27.990537
3340,Berry-Rush,Manufacturing,United Kingdom,Referral,2023-05-27,19,2026-07-25 00:18:27.990799
3341,James-Wells,Marketing,Singapore,Partner,2024-08-24,4,2026-07-25 00:18:27.991081
3342,Davis LLC,Consulting,Australia,Referral,2024-06-17,19,2026-07-25 00:18:27.991245
3343,"Jordan, King and Davis",Logistics,Singapore,Partner,2023-10-03,9,2026-07-25 00:18:27.991614
3344,Gonzalez-Bell,Manufacturing,United Kingdom,Social Media,2024-02-09,16,2026-07-25 00:18:27.991872
3345,"Miller, Hayes and Davis",Retail,India,Paid Ads,2025-10-02,10,2026-07-25 00:18:27.992257
3346,Suarez Inc,Finance,Canada,Outbound Sales,2024-02-05,8,2026-07-25 00:18:27.992418
3347,Fleming Inc,Retail,Singapore,Organic,2025-05-15,3,2026-07-25 00:18:27.992573
3348,Stuart PLC,Logistics,India,Referral,2023-09-19,1,2026-07-25 00:18:27.992727
3349,Murphy LLC,Retail,Germany,Partner,2023-01-20,7,2026-07-25 00:18:27.992882
3350,"Elliott, Villarreal and Sosa",Logistics,India,Paid Ads,2023-02-12,7,2026-07-25 00:18:27.993266
3351,"Oliver, White and Robinson",E-Commerce,United Kingdom,Outbound Sales,2023-10-20,17,2026-07-25 00:18:27.993636
3352,Wiggins and Sons,Manufacturing,United Kingdom,Paid Ads,2024-06-20,15,2026-07-25 00:18:27.993791
3353,Berry-Vance,Healthcare,United Kingdom,Outbound Sales,2025-07-20,4,2026-07-25 00:18:27.994068
3354,"Hernandez, Fuentes and Johnson",Healthcare,USA,Paid Ads,2023-10-03,13,2026-07-25 00:18:27.994441
3355,"Beasley, Leon and Martinez",Logistics,United Kingdom,Outbound Sales,2023-03-02,17,2026-07-25 00:18:27.994804
3356,Rodriguez-Vega,Retail,United Kingdom,Partner,2024-04-29,7,2026-07-25 00:18:27.995216
3357,"Jackson, Garcia and Lee",Finance,Canada,Partner,2025-07-05,6,2026-07-25 00:18:27.996057
3358,"Mora, Pace and Mcfarland",Education,United Kingdom,Outbound Sales,2023-08-30,4,2026-07-25 00:18:27.997033
3359,Bowers-Raymond,Healthcare,Germany,Organic,2025-05-01,4,2026-07-25 00:18:27.997589
3360,"Jones, Sanchez and Thomas",Retail,India,Partner,2025-11-04,6,2026-07-25 00:18:27.998066
3361,Bauer Inc,Education,India,Partner,2025-02-01,17,2026-07-25 00:18:27.998458
3362,Rangel Group,Logistics,Canada,Paid Ads,2024-07-10,4,2026-07-25 00:18:27.998721
3363,"Webster, Garza and Abbott",Consulting,India,Paid Ads,2025-10-21,14,2026-07-25 00:18:27.999343
3364,"Pena, Buck and Hart",Retail,USA,Partner,2023-05-22,17,2026-07-25 00:18:27.999944
3365,"Boyd, Sherman and Day",Marketing,Australia,Paid Ads,2025-12-26,2,2026-07-25 00:18:28.000633
3366,Taylor-Gallagher,Logistics,Canada,Paid Ads,2024-03-14,4,2026-07-25 00:18:28.001385
3367,"Simmons, Graham and Miller",SaaS,Singapore,Partner,2024-03-31,14,2026-07-25 00:18:28.002401
3368,Garcia-Hoffman,Retail,Canada,Referral,2023-02-07,13,2026-07-25 00:18:28.003030
3369,Torres-Gay,Healthcare,Australia,Paid Ads,2025-08-05,17,2026-07-25 00:18:28.003544
3370,"Hale, Rose and Williams",E-Commerce,Germany,Outbound Sales,2024-03-22,14,2026-07-25 00:18:28.004222
3371,Mcclain-Adkins,Finance,Singapore,Organic,2023-05-19,8,2026-07-25 00:18:28.004653
3372,"Thompson, Edwards and Williams",Finance,USA,Organic,2025-06-06,2,2026-07-25 00:18:28.005871
3373,Rasmussen Group,SaaS,Australia,Paid Ads,2023-02-13,8,2026-07-25 00:18:28.006277
3374,Brandt-Williams,Finance,Australia,Organic,2023-10-20,9,2026-07-25 00:18:28.007203
3375,Rodgers-Warren,Retail,Australia,Social Media,2025-11-28,13,2026-07-25 00:18:28.007893
3376,"Wood, Lyons and Lozano",Marketing,Germany,Organic,2023-10-04,8,2026-07-25 00:18:28.008597
3377,Dodson-Stafford,Education,Germany,Referral,2023-06-03,6,2026-07-25 00:18:28.009159
3378,Klein Group,Retail,Canada,Social Media,2024-05-12,10,2026-07-25 00:18:28.009519
3379,"Bowman, Smith and Weeks",E-Commerce,Canada,Social Media,2023-11-18,1,2026-07-25 00:18:28.012524
3380,"Wilson, Roberts and Strong",Finance,USA,Outbound Sales,2023-11-17,20,2026-07-25 00:18:28.013689
3381,Joyce-Benitez,Logistics,Singapore,Paid Ads,2025-10-21,8,2026-07-25 00:18:28.014254
3382,Lowery-Morales,Healthcare,Canada,Social Media,2023-12-21,3,2026-07-25 00:18:28.015197
3383,George PLC,Healthcare,USA,Paid Ads,2023-08-31,15,2026-07-25 00:18:28.015634
3384,Macias-Henderson,Healthcare,India,Social Media,2025-11-04,16,2026-07-25 00:18:28.016811
3385,"Shields, Sims and Harris",Marketing,Canada,Organic,2025-06-05,6,2026-07-25 00:18:28.017565
3386,"Mcintyre, Ortiz and Smith",Education,India,Referral,2025-10-11,1,2026-07-25 00:18:28.018394
3387,Ramirez-Santana,E-Commerce,Canada,Partner,2024-10-04,19,2026-07-25 00:18:28.018944
3388,Greene-Sims,SaaS,Germany,Referral,2025-01-28,16,2026-07-25 00:18:28.019443
3389,Dominguez Group,Finance,India,Organic,2024-09-06,19,2026-07-25 00:18:28.019768
3390,"Norris, Jones and Wilson",Education,United Kingdom,Referral,2023-07-20,17,2026-07-25 00:18:28.020464
3391,Jones-Herrera,Consulting,USA,Referral,2023-09-04,4,2026-07-25 00:18:28.021075
3392,"Scott, Becker and Arias",Finance,Canada,Social Media,2023-09-17,11,2026-07-25 00:18:28.023592
3393,Herrera-Mitchell,Logistics,Germany,Social Media,2024-09-10,12,2026-07-25 00:18:28.024233
3394,Rodriguez-Wilson,Consulting,Canada,Social Media,2025-06-04,16,2026-07-25 00:18:28.024942
3395,Peters Group,Education,Canada,Partner,2023-11-10,1,2026-07-25 00:18:28.025278
3396,Holmes Inc,Manufacturing,Canada,Social Media,2023-11-08,11,2026-07-25 00:18:28.025852
3397,Rodriguez-Perez,Consulting,United Kingdom,Social Media,2024-12-29,20,2026-07-25 00:18:28.027465
3398,Miller Ltd,Logistics,India,Paid Ads,2024-08-25,17,2026-07-25 00:18:28.028015
3399,Graham LLC,SaaS,USA,Partner,2023-04-15,8,2026-07-25 00:18:28.028365
3400,"Thomas, Harper and Williams",Healthcare,Canada,Partner,2024-11-11,1,2026-07-25 00:18:28.029111
3401,Mack Ltd,Retail,Australia,Social Media,2025-02-21,14,2026-07-25 00:18:28.029537
3402,Carroll and Sons,Manufacturing,USA,Social Media,2024-05-08,3,2026-07-25 00:18:28.029881
3403,Weeks-Bell,Retail,Germany,Social Media,2024-06-14,4,2026-07-25 00:18:28.030365
3404,"Brown, James and Arroyo",Education,Singapore,Social Media,2023-11-08,18,2026-07-25 00:18:28.031084
3405,Perez Ltd,Logistics,Australia,Referral,2025-02-24,9,2026-07-25 00:18:28.031410
3406,Barrett-Gonzales,Manufacturing,Canada,Partner,2023-10-29,19,2026-07-25 00:18:28.031880
3407,Bridges PLC,Marketing,Canada,Paid Ads,2024-11-15,7,2026-07-25 00:18:28.032212
3408,Hawkins-Thomas,SaaS,Australia,Outbound Sales,2025-04-01,11,2026-07-25 00:18:28.033074
3409,Rodriguez Inc,E-Commerce,India,Partner,2024-05-08,15,2026-07-25 00:18:28.033744
3410,"Ferguson, Montgomery and Jackson",E-Commerce,United Kingdom,Paid Ads,2024-09-28,10,2026-07-25 00:18:28.034475
3411,Johnson-Valenzuela,Finance,India,Partner,2024-05-14,5,2026-07-25 00:18:28.034918
3412,Smith Inc,Logistics,Singapore,Referral,2025-11-29,17,2026-07-25 00:18:28.035179
3413,Cervantes PLC,Education,Australia,Outbound Sales,2025-05-24,6,2026-07-25 00:18:28.035422
3414,Gill Inc,Education,Germany,Paid Ads,2023-07-05,3,2026-07-25 00:18:28.035666
3415,"Jones, Banks and Bartlett",Education,India,Partner,2025-05-25,2,2026-07-25 00:18:28.036199
3416,"Hughes, Jennings and Hughes",Retail,Canada,Outbound Sales,2025-06-06,4,2026-07-25 00:18:28.036833
3417,"Henry, Wright and Baird",SaaS,Germany,Paid Ads,2024-01-05,1,2026-07-25 00:18:28.037535
3418,Mendoza-Roach,Marketing,Canada,Social Media,2025-09-16,1,2026-07-25 00:18:28.037980
3419,"Suarez, Walker and Mitchell",SaaS,Canada,Referral,2024-12-06,12,2026-07-25 00:18:28.038589
3420,Kidd-Macias,Education,United Kingdom,Outbound Sales,2023-09-28,18,2026-07-25 00:18:28.039162
3421,"Smith, Trujillo and Thomas",Healthcare,India,Social Media,2024-07-25,9,2026-07-25 00:18:28.039768
3422,Page-Weaver,Healthcare,Singapore,Referral,2024-12-15,14,2026-07-25 00:18:28.040188
3423,Martinez-Sims,E-Commerce,India,Paid Ads,2023-12-19,8,2026-07-25 00:18:28.040688
3424,Fisher-Butler,SaaS,Germany,Paid Ads,2023-11-20,8,2026-07-25 00:18:28.041070
3425,Farley-Ford,Marketing,Germany,Partner,2024-12-03,4,2026-07-25 00:18:28.041456
3426,Ortega-Anderson,Education,Canada,Outbound Sales,2024-06-08,10,2026-07-25 00:18:28.041835
3427,Sanchez Ltd,Healthcare,Australia,Partner,2025-04-03,11,2026-07-25 00:18:28.042116
3428,"Lee, Russo and Hopkins",E-Commerce,USA,Social Media,2023-10-24,7,2026-07-25 00:18:28.042696
3429,Mccullough-Kelley,Education,USA,Partner,2025-08-19,18,2026-07-25 00:18:28.043149
3430,Schneider-Lewis,Retail,Canada,Paid Ads,2024-09-26,3,2026-07-25 00:18:28.043569
3431,Rodriguez-Pearson,Education,Australia,Social Media,2023-08-08,15,2026-07-25 00:18:28.043962
3432,"Jenkins, Gonzalez and Morgan",Consulting,USA,Partner,2024-04-11,14,2026-07-25 00:18:28.044530
3433,"Cruz, Holmes and White",Finance,USA,Outbound Sales,2023-09-01,15,2026-07-25 00:18:28.045102
3434,Benson Group,Manufacturing,Australia,Social Media,2024-11-19,12,2026-07-25 00:18:28.045363
3435,"Jackson, Terrell and Becker",Logistics,Canada,Partner,2025-05-31,15,2026-07-25 00:18:28.045899
3436,"Morales, Casey and Gonzalez",Marketing,Germany,Partner,2023-08-31,1,2026-07-25 00:18:28.046581
3437,Mcdonald-Parrish,Consulting,India,Partner,2024-09-30,3,2026-07-25 00:18:28.047611
3438,Stewart-Fitzpatrick,Healthcare,Australia,Paid Ads,2023-07-22,8,2026-07-25 00:18:28.048133
3439,"Moss, Liu and Lowe",E-Commerce,Australia,Paid Ads,2025-08-09,5,2026-07-25 00:18:28.048942
3440,Smith Inc,E-Commerce,Australia,Outbound Sales,2023-04-12,10,2026-07-25 00:18:28.049593
3441,Edwards LLC,SaaS,United Kingdom,Partner,2024-05-29,5,2026-07-25 00:18:28.050167
3442,"Hernandez, Lewis and Pittman",Marketing,Singapore,Organic,2023-11-12,15,2026-07-25 00:18:28.050907
3443,"Blankenship, Silva and Clayton",Consulting,Germany,Organic,2024-07-17,3,2026-07-25 00:18:28.051582
3444,Padilla-Roberts,SaaS,Canada,Social Media,2025-01-08,4,2026-07-25 00:18:28.052138
3445,"Moore, Gilmore and Martin",Manufacturing,Australia,Organic,2023-06-07,10,2026-07-25 00:18:28.052796
3446,"Kent, Ortiz and Hoffman",E-Commerce,Germany,Social Media,2023-07-03,11,2026-07-25 00:18:28.053377
3447,Graves-Campbell,SaaS,India,Social Media,2025-09-03,19,2026-07-25 00:18:28.054172
3448,Beck and Sons,Consulting,Singapore,Social Media,2024-01-23,2,2026-07-25 00:18:28.054900
3449,Campos and Sons,Retail,Australia,Referral,2024-11-22,18,2026-07-25 00:18:28.055222
3450,Gray-Jackson,Logistics,USA,Referral,2024-08-14,5,2026-07-25 00:18:28.055668
3451,"Watts, Meyers and Galvan",Education,Singapore,Paid Ads,2023-01-31,1,2026-07-25 00:18:28.056357
3452,"White, Shannon and Waller",Logistics,Australia,Social Media,2025-06-27,7,2026-07-25 00:18:28.057175
3453,"Cooper, Morgan and Miller",Finance,India,Organic,2025-11-09,5,2026-07-25 00:18:28.057873
3454,Thompson PLC,E-Commerce,India,Outbound Sales,2024-07-28,4,2026-07-25 00:18:28.058304
3455,"Long, Hernandez and Haney",Retail,USA,Organic,2024-04-11,16,2026-07-25 00:18:28.059115
3456,Nixon LLC,SaaS,United Kingdom,Outbound Sales,2025-11-05,15,2026-07-25 00:18:28.059462
3457,"Mcguire, Buchanan and Gomez",Marketing,India,Organic,2024-03-30,10,2026-07-25 00:18:28.060881
3458,Howell PLC,Marketing,Germany,Referral,2025-02-07,8,2026-07-25 00:18:28.065111
3459,Diaz LLC,Consulting,Canada,Outbound Sales,2024-10-10,15,2026-07-25 00:18:28.067242
3460,"Ramirez, Meyer and Moon",E-Commerce,India,Partner,2023-10-26,5,2026-07-25 00:18:28.068877
3461,Bullock-Williams,SaaS,USA,Referral,2025-01-30,8,2026-07-25 00:18:28.070002
3462,"Parker, Cole and Hamilton",Healthcare,Australia,Social Media,2024-01-06,18,2026-07-25 00:18:28.072156
3463,Brady-Wolf,Retail,Germany,Partner,2023-03-04,10,2026-07-25 00:18:28.073688
3464,"Miller, Arnold and Anderson",Education,Singapore,Organic,2024-12-12,19,2026-07-25 00:18:28.076017
3465,Navarro Inc,Logistics,Canada,Social Media,2025-08-27,9,2026-07-25 00:18:28.077127
3466,Gonzalez-Harrison,Marketing,Germany,Social Media,2024-04-15,4,2026-07-25 00:18:28.080716
3467,Dominguez LLC,Logistics,Germany,Partner,2024-08-26,5,2026-07-25 00:18:28.082393
3468,Rogers-Pratt,SaaS,Canada,Partner,2025-12-18,4,2026-07-25 00:18:28.083046
3469,Zimmerman-Anderson,E-Commerce,Germany,Organic,2024-10-21,19,2026-07-25 00:18:28.083628
3470,"Green, Lee and Campbell",Education,India,Social Media,2024-06-21,20,2026-07-25 00:18:28.084615
3471,Sellers-Miller,Logistics,India,Paid Ads,2023-05-10,5,2026-07-25 00:18:28.085669
3472,Hensley-Huang,Logistics,Singapore,Partner,2025-10-31,9,2026-07-25 00:18:28.086146
3473,Drake Inc,SaaS,USA,Paid Ads,2023-02-05,17,2026-07-25 00:18:28.086402
3474,Thompson Inc,Consulting,USA,Paid Ads,2024-01-13,17,2026-07-25 00:18:28.086640
3475,"Solis, Maxwell and Shields",Marketing,Australia,Organic,2023-08-28,6,2026-07-25 00:18:28.089317
3476,"Smith, Roman and Berg",Healthcare,Canada,Social Media,2023-01-15,19,2026-07-25 00:18:28.091764
3477,Moore Ltd,Manufacturing,Germany,Social Media,2025-08-17,5,2026-07-25 00:18:28.092606
3478,"Marks, Hartman and Rodriguez",Education,United Kingdom,Social Media,2024-12-16,10,2026-07-25 00:18:28.093848
3479,Padilla and Sons,Marketing,India,Social Media,2023-07-09,16,2026-07-25 00:18:28.094200
3480,Davis Inc,Marketing,Germany,Outbound Sales,2023-05-07,6,2026-07-25 00:18:28.094500
3481,Moody-Hall,E-Commerce,Singapore,Outbound Sales,2023-01-06,17,2026-07-25 00:18:28.094976
3482,"Miller, Flores and Moreno",Education,USA,Social Media,2023-03-19,11,2026-07-25 00:18:28.098710
3483,Erickson Group,E-Commerce,Australia,Paid Ads,2025-01-09,19,2026-07-25 00:18:28.099074
3484,"Lopez, Roberts and Lowe",E-Commerce,United Kingdom,Partner,2025-07-29,3,2026-07-25 00:18:28.100185
3485,Lopez-Smith,SaaS,India,Social Media,2023-04-06,6,2026-07-25 00:18:28.100699
3486,Baker PLC,Retail,India,Social Media,2023-10-01,4,2026-07-25 00:18:28.100987
3487,Graves Ltd,Logistics,Singapore,Partner,2025-06-12,11,2026-07-25 00:18:28.101256
3488,Lopez LLC,Retail,United Kingdom,Social Media,2023-04-28,8,2026-07-25 00:18:28.101515
3489,Foster PLC,Finance,USA,Social Media,2023-12-20,13,2026-07-25 00:18:28.101810
3490,"Gutierrez, Davidson and Robinson",Marketing,India,Organic,2024-04-05,20,2026-07-25 00:18:28.102436
3491,Moss-Schmidt,Education,India,Organic,2024-01-25,3,2026-07-25 00:18:28.102922
3492,"King, Webster and Brown",Logistics,United Kingdom,Paid Ads,2025-10-14,20,2026-07-25 00:18:28.103643
3493,Cooper-Quinn,SaaS,USA,Paid Ads,2023-04-08,4,2026-07-25 00:18:28.104390
3494,Miller-Duran,Logistics,Germany,Referral,2025-08-20,19,2026-07-25 00:18:28.104935
3495,Rowland Ltd,Consulting,USA,Referral,2024-11-23,9,2026-07-25 00:18:28.105240
3496,Chapman-Hendricks,Logistics,Germany,Social Media,2023-05-18,10,2026-07-25 00:18:28.105698
3497,"Becker, Gregory and Jones",Retail,USA,Social Media,2024-07-15,6,2026-07-25 00:18:28.106467
3498,"Franco, Hayes and Harmon",Marketing,United Kingdom,Outbound Sales,2024-02-12,7,2026-07-25 00:18:28.107184
3499,Porter-Hines,Finance,Australia,Organic,2025-01-16,4,2026-07-25 00:18:28.107793
3500,"Duarte, Lee and Matthews",Retail,India,Referral,2024-05-01,1,2026-07-25 00:18:28.108505
3501,"Gomez, Marshall and Murray",Manufacturing,United Kingdom,Partner,2023-03-08,19,2026-07-25 00:18:28.109664
3502,Melton-Marshall,Consulting,United Kingdom,Organic,2024-09-18,11,2026-07-25 00:18:28.110217
3503,Rojas Group,Healthcare,Singapore,Social Media,2023-08-26,17,2026-07-25 00:18:28.110514
3504,Marks LLC,Logistics,USA,Referral,2024-10-13,19,2026-07-25 00:18:28.110819
3505,"Hernandez, Diaz and Hamilton",Logistics,Australia,Paid Ads,2024-08-15,12,2026-07-25 00:18:28.111497
3506,Hernandez and Sons,E-Commerce,Australia,Referral,2025-10-25,3,2026-07-25 00:18:28.111835
3507,Smith Group,Logistics,Germany,Social Media,2023-12-04,13,2026-07-25 00:18:28.112113
3508,Rogers-Smith,Finance,Australia,Organic,2023-08-21,5,2026-07-25 00:18:28.112549
3509,Torres PLC,Consulting,Canada,Organic,2024-09-01,4,2026-07-25 00:18:28.112935
3510,Lee PLC,Logistics,USA,Organic,2024-03-07,20,2026-07-25 00:18:28.113261
3511,Graham-York,Consulting,Canada,Organic,2025-02-14,8,2026-07-25 00:18:28.113711
3512,"Brown, Ali and Jones",Education,United Kingdom,Paid Ads,2025-01-27,13,2026-07-25 00:18:28.114342
3513,"Woods, Roberts and Young",Manufacturing,India,Referral,2024-05-17,10,2026-07-25 00:18:28.115065
3514,Butler Inc,Finance,Australia,Outbound Sales,2025-02-06,8,2026-07-25 00:18:28.115402
3515,"Moore, Mccoy and Sutton",Consulting,Australia,Outbound Sales,2024-04-23,10,2026-07-25 00:18:28.116274
3516,"Martinez, Anderson and Campbell",Marketing,Australia,Organic,2024-10-28,18,2026-07-25 00:18:28.117039
3517,"Shields, Wood and Waller",Finance,Australia,Partner,2024-08-02,9,2026-07-25 00:18:28.117723
3518,West Group,SaaS,India,Paid Ads,2023-04-09,14,2026-07-25 00:18:28.118099
3519,Blackburn Ltd,Education,USA,Paid Ads,2024-01-18,2,2026-07-25 00:18:28.118429
3520,Schultz-Winters,Healthcare,USA,Outbound Sales,2023-12-29,11,2026-07-25 00:18:28.118947
3521,Peters-Ray,SaaS,USA,Partner,2025-01-09,3,2026-07-25 00:18:28.119548
3522,"Lee, Martinez and Morris",E-Commerce,Australia,Social Media,2024-05-29,2,2026-07-25 00:18:28.120495
3523,"Maddox, Perez and Watkins",Manufacturing,India,Partner,2025-09-09,20,2026-07-25 00:18:28.121212
3524,Burns Group,E-Commerce,India,Outbound Sales,2024-01-04,16,2026-07-25 00:18:28.121509
3525,Dixon-Davis,Healthcare,Canada,Social Media,2023-01-31,2,2026-07-25 00:18:28.121947
3526,"Morris, Moreno and Ford",Finance,India,Partner,2023-08-19,17,2026-07-25 00:18:28.122693
3527,Cole and Sons,Retail,Singapore,Paid Ads,2024-02-18,14,2026-07-25 00:18:28.123308
3528,"Thomas, Abbott and Brown",Logistics,Canada,Referral,2024-03-05,1,2026-07-25 00:18:28.124421
3529,Schultz LLC,SaaS,India,Referral,2024-01-19,18,2026-07-25 00:18:28.124734
3530,"Olson, Thomas and Nelson",E-Commerce,United Kingdom,Partner,2024-07-07,1,2026-07-25 00:18:28.125449
3531,Galloway-Jacobs,Consulting,Germany,Organic,2024-05-12,13,2026-07-25 00:18:28.125967
3532,Holloway Ltd,Marketing,Singapore,Referral,2025-04-13,14,2026-07-25 00:18:28.126295
3533,"Jacobs, Phillips and Brown",Marketing,Australia,Referral,2023-10-20,4,2026-07-25 00:18:28.127077
3534,"Lindsey, Campbell and Gibbs",Logistics,India,Outbound Sales,2023-10-30,12,2026-07-25 00:18:28.127810
3535,"Cardenas, Smith and Green",Manufacturing,USA,Paid Ads,2024-10-19,14,2026-07-25 00:18:28.128364
3536,Johnson-Pearson,SaaS,USA,Referral,2023-08-12,3,2026-07-25 00:18:28.128704
3537,Richardson and Sons,E-Commerce,India,Referral,2024-10-16,14,2026-07-25 00:18:28.128947
3538,"Reyes, Moore and Wallace",Consulting,Australia,Organic,2024-11-24,1,2026-07-25 00:18:28.129427
3539,Giles Group,Retail,United Kingdom,Organic,2024-05-02,3,2026-07-25 00:18:28.129625
3540,Mccarthy Group,SaaS,USA,Partner,2024-03-04,6,2026-07-25 00:18:28.129818
3541,Willis LLC,Education,India,Paid Ads,2024-03-18,12,2026-07-25 00:18:28.130013
3542,Williams LLC,E-Commerce,Singapore,Referral,2023-01-27,10,2026-07-25 00:18:28.130208
3543,Wood-Stewart,Healthcare,Australia,Partner,2025-05-08,16,2026-07-25 00:18:28.130534
3544,"Johnson, Hamilton and Nguyen",Finance,Singapore,Organic,2024-08-05,3,2026-07-25 00:18:28.131047
3545,Austin-Hodges,Education,Australia,Referral,2023-10-04,16,2026-07-25 00:18:28.131385
3546,Nguyen-Avila,Manufacturing,United Kingdom,Referral,2025-09-26,15,2026-07-25 00:18:28.131712
3547,"Brown, Love and Anderson",Education,Canada,Outbound Sales,2023-03-03,10,2026-07-25 00:18:28.132173
3548,Taylor Inc,Retail,Australia,Paid Ads,2023-04-10,11,2026-07-25 00:18:28.132370
3549,Bentley and Sons,Consulting,Australia,Organic,2025-03-23,2,2026-07-25 00:18:28.132584
3550,Compton-Morgan,Manufacturing,Germany,Social Media,2023-05-23,20,2026-07-25 00:18:28.133050
3551,Potter-Vasquez,Logistics,Canada,Organic,2024-10-03,7,2026-07-25 00:18:28.133409
3552,Warren Ltd,Healthcare,United Kingdom,Outbound Sales,2025-04-26,8,2026-07-25 00:18:28.133611
3553,"Moore, Carson and Olsen",Education,Singapore,Outbound Sales,2024-09-07,7,2026-07-25 00:18:28.134080
3554,Wilson LLC,Finance,Canada,Social Media,2024-11-27,5,2026-07-25 00:18:28.134281
3555,Brown Ltd,SaaS,USA,Social Media,2023-12-20,15,2026-07-25 00:18:28.134480
3556,Williams Ltd,Logistics,India,Organic,2025-05-16,16,2026-07-25 00:18:28.134676
3557,Williams-Robinson,SaaS,Canada,Paid Ads,2023-12-17,19,2026-07-25 00:18:28.135068
3558,Best and Sons,Marketing,Canada,Organic,2023-12-28,2,2026-07-25 00:18:28.135290
3559,Morris-Avila,Education,United Kingdom,Outbound Sales,2025-02-16,13,2026-07-25 00:18:28.136797
3560,Smith-Cannon,Logistics,India,Partner,2025-11-07,13,2026-07-25 00:18:28.137369
3561,Caldwell Ltd,Logistics,India,Referral,2025-02-03,7,2026-07-25 00:18:28.137682
3562,"Jones, Gonzalez and Johnson",Marketing,USA,Social Media,2024-10-06,14,2026-07-25 00:18:28.138351
3563,"Henry, Bailey and Miller",Consulting,India,Social Media,2023-12-23,10,2026-07-25 00:18:28.139079
3564,"Roach, Martin and Lewis",SaaS,Australia,Paid Ads,2024-07-25,1,2026-07-25 00:18:28.139776
3565,Herman Ltd,E-Commerce,United Kingdom,Paid Ads,2025-04-13,9,2026-07-25 00:18:28.140077
3566,Baker-Brooks,E-Commerce,USA,Organic,2025-08-25,11,2026-07-25 00:18:28.140522
3567,Davenport PLC,E-Commerce,Germany,Partner,2024-08-26,2,2026-07-25 00:18:28.141030
3568,Gonzalez-Hurst,Finance,Australia,Partner,2024-02-03,10,2026-07-25 00:18:28.141441
3569,Santos Group,Consulting,Germany,Partner,2024-09-01,19,2026-07-25 00:18:28.141669
3570,Morrison-Curtis,E-Commerce,United Kingdom,Outbound Sales,2023-02-14,9,2026-07-25 00:18:28.142043
3571,Harris-Rodriguez,Healthcare,Germany,Partner,2025-03-06,8,2026-07-25 00:18:28.142414
3572,Newton and Sons,Healthcare,India,Paid Ads,2024-08-24,9,2026-07-25 00:18:28.142639
3573,"Fitzgerald, Evans and Norris",Finance,USA,Outbound Sales,2023-11-07,10,2026-07-25 00:18:28.143201
3574,"Meyers, Ward and Brown",Manufacturing,Australia,Partner,2023-11-29,2,2026-07-25 00:18:28.143724
3575,Knight LLC,E-Commerce,Canada,Paid Ads,2025-08-30,9,2026-07-25 00:18:28.143969
3576,"Johnson, Smith and Gallegos",Education,United Kingdom,Social Media,2023-12-03,20,2026-07-25 00:18:28.144495
3577,Porter Ltd,SaaS,India,Paid Ads,2024-06-02,19,2026-07-25 00:18:28.144789
3578,"Murphy, Joyce and Guzman",Manufacturing,United Kingdom,Paid Ads,2024-08-26,6,2026-07-25 00:18:28.145357
3579,Castillo-Carlson,Logistics,Germany,Organic,2023-09-14,15,2026-07-25 00:18:28.145954
3580,Jones Inc,SaaS,Germany,Organic,2025-11-02,12,2026-07-25 00:18:28.146306
3581,Harvey Inc,Logistics,Singapore,Outbound Sales,2023-01-01,7,2026-07-25 00:18:28.146619
3582,Turner Group,Marketing,India,Outbound Sales,2024-03-02,3,2026-07-25 00:18:28.146912
3583,Davis LLC,Education,Australia,Outbound Sales,2025-06-01,11,2026-07-25 00:18:28.147225
3584,"Lee, Henderson and Walter",Finance,Germany,Referral,2023-12-01,9,2026-07-25 00:18:28.147788
3585,Butler-Johnson,Education,Canada,Partner,2023-04-29,5,2026-07-25 00:18:28.148212
3586,Turner LLC,Retail,Singapore,Referral,2023-02-24,5,2026-07-25 00:18:28.148433
3587,Martinez Ltd,E-Commerce,Singapore,Organic,2024-12-10,8,2026-07-25 00:18:28.148637
3588,Beard Group,Finance,Singapore,Organic,2025-11-25,6,2026-07-25 00:18:28.148840
3589,Rodriguez Ltd,Consulting,United Kingdom,Partner,2023-09-29,19,2026-07-25 00:18:28.149041
3590,Kane-Riley,Manufacturing,India,Outbound Sales,2023-12-31,8,2026-07-25 00:18:28.149486
3591,Nelson-Warner,SaaS,Singapore,Paid Ads,2025-05-15,9,2026-07-25 00:18:28.149956
3592,Simon and Sons,SaaS,Singapore,Paid Ads,2025-01-15,18,2026-07-25 00:18:28.150213
3593,Sanders Group,SaaS,Australia,Referral,2023-12-01,12,2026-07-25 00:18:28.150416
3594,Jimenez Group,Finance,India,Outbound Sales,2023-02-16,15,2026-07-25 00:18:28.150614
3595,Dudley PLC,Finance,Australia,Organic,2024-10-02,8,2026-07-25 00:18:28.150811
3596,"Brown, Hammond and Campbell",Retail,Canada,Outbound Sales,2023-03-10,12,2026-07-25 00:18:28.151384
3597,"Mendoza, Pham and Johnson",Marketing,India,Social Media,2024-03-13,14,2026-07-25 00:18:28.152228
3598,Young Group,Education,USA,Organic,2024-02-27,11,2026-07-25 00:18:28.152509
3599,"Williams, Hart and Vincent",E-Commerce,United Kingdom,Paid Ads,2023-01-04,11,2026-07-25 00:18:28.153281
3600,"Freeman, Hall and Allison",Marketing,Singapore,Paid Ads,2025-05-18,16,2026-07-25 00:18:28.153869
3601,Cox-George,Education,Australia,Organic,2023-03-15,6,2026-07-25 00:18:28.154308
3602,Stephens-Brooks,Manufacturing,India,Paid Ads,2024-12-09,5,2026-07-25 00:18:28.154684
3603,"Arnold, Thomas and Moss",E-Commerce,India,Organic,2024-07-30,20,2026-07-25 00:18:28.155223
3604,Thompson-Morales,Retail,United Kingdom,Paid Ads,2024-06-22,17,2026-07-25 00:18:28.155523
3605,Saunders-Hernandez,Consulting,United Kingdom,Outbound Sales,2024-12-27,12,2026-07-25 00:18:28.155876
3606,Lowe-Russell,Retail,Germany,Outbound Sales,2025-11-10,2,2026-07-25 00:18:28.156270
3607,Guzman and Sons,Healthcare,Germany,Social Media,2024-11-01,3,2026-07-25 00:18:28.156504
3608,Brewer-Hayes,Finance,USA,Outbound Sales,2024-05-31,17,2026-07-25 00:18:28.156864
3609,"Martin, Williams and Hunter",E-Commerce,Singapore,Outbound Sales,2025-04-17,14,2026-07-25 00:18:28.157416
3610,George PLC,Consulting,Singapore,Organic,2025-08-29,17,2026-07-25 00:18:28.157655
3611,"Moore, Lindsey and Taylor",SaaS,Australia,Partner,2025-09-09,17,2026-07-25 00:18:28.158220
3612,"Sanders, Colon and Gilmore",Consulting,Germany,Paid Ads,2023-11-16,9,2026-07-25 00:18:28.158735
3613,"Williams, Garcia and Smith",Retail,United Kingdom,Outbound Sales,2025-02-17,10,2026-07-25 00:18:28.159279
3614,"Dunlap, Singh and Sutton",Retail,Canada,Referral,2025-05-05,12,2026-07-25 00:18:28.159814
3615,Wilson-Dennis,Retail,Germany,Paid Ads,2024-06-04,4,2026-07-25 00:18:28.160226
3616,"Giles, Mills and Weiss",Retail,Germany,Social Media,2024-08-02,14,2026-07-25 00:18:28.160768
3617,"Bell, Russell and Walton",Manufacturing,India,Paid Ads,2023-12-07,18,2026-07-25 00:18:28.161310
3618,Bowman Group,Consulting,India,Paid Ads,2023-06-15,16,2026-07-25 00:18:28.161551
3619,"Woodard, Lopez and Smith",E-Commerce,USA,Partner,2023-08-30,14,2026-07-25 00:18:28.162092
3620,Simpson Inc,Retail,Australia,Referral,2025-02-22,18,2026-07-25 00:18:28.162329
3621,Allen-Sullivan,Retail,United Kingdom,Partner,2025-12-15,19,2026-07-25 00:18:28.162704
3622,"Little, Lynn and Lee",Healthcare,Australia,Paid Ads,2023-11-22,10,2026-07-25 00:18:28.163287
3623,Phillips and Sons,Manufacturing,Canada,Organic,2023-01-26,3,2026-07-25 00:18:28.163523
3624,"Jones, King and Tapia",Marketing,Germany,Outbound Sales,2023-10-16,5,2026-07-25 00:18:28.164068
3625,Stanley-Smith,E-Commerce,Germany,Social Media,2024-10-17,7,2026-07-25 00:18:28.164448
3626,Cooper-Brooks,Healthcare,Germany,Organic,2025-07-17,6,2026-07-25 00:18:28.164833
3627,Harvey-Gillespie,Finance,Germany,Paid Ads,2024-04-16,18,2026-07-25 00:18:28.165252
3628,"Watkins, Shelton and Rowland",Logistics,Singapore,Organic,2025-09-13,5,2026-07-25 00:18:28.165826
3629,Bell-Scott,SaaS,United Kingdom,Partner,2025-02-15,1,2026-07-25 00:18:28.166299
3630,Mullins-Carrillo,Healthcare,India,Referral,2025-01-05,17,2026-07-25 00:18:28.166683
3631,"Matthews, Gilmore and Avery",Consulting,Germany,Partner,2024-10-18,12,2026-07-25 00:18:28.167779
3632,Vang-James,Healthcare,Germany,Social Media,2025-11-29,18,2026-07-25 00:18:28.168352
3633,Wells PLC,Retail,Singapore,Paid Ads,2025-01-27,4,2026-07-25 00:18:28.168802
3634,Sanchez Ltd,Manufacturing,United Kingdom,Paid Ads,2023-05-23,19,2026-07-25 00:18:28.169076
3635,Gibson Ltd,E-Commerce,Australia,Organic,2025-09-07,2,2026-07-25 00:18:28.169301
3636,Munoz Group,Finance,Singapore,Paid Ads,2024-06-08,15,2026-07-25 00:18:28.169520
3637,Collins-Waters,Marketing,Singapore,Partner,2023-02-23,14,2026-07-25 00:18:28.169892
3638,Austin Inc,Education,United Kingdom,Partner,2024-12-01,5,2026-07-25 00:18:28.170211
3639,"Anderson, Huffman and Norman",Healthcare,Singapore,Outbound Sales,2023-01-16,17,2026-07-25 00:18:28.170735
3640,Jones-White,Finance,USA,Organic,2025-02-25,19,2026-07-25 00:18:28.171124
3641,"Cunningham, Solis and Nichols",E-Commerce,Canada,Social Media,2024-03-02,15,2026-07-25 00:18:28.171639
3642,Richards-Wolfe,Marketing,Canada,Partner,2023-03-17,6,2026-07-25 00:18:28.172017
3643,Barrera LLC,Consulting,Singapore,Outbound Sales,2025-02-01,9,2026-07-25 00:18:28.172195
3644,Roberts LLC,Finance,USA,Paid Ads,2023-09-10,16,2026-07-25 00:18:28.172356
3645,Mcdaniel Inc,Manufacturing,India,Outbound Sales,2024-10-24,17,2026-07-25 00:18:28.172569
3646,Tucker-Smith,Consulting,Australia,Outbound Sales,2023-11-06,14,2026-07-25 00:18:28.172873
3647,Barton Inc,Education,Canada,Partner,2025-10-12,11,2026-07-25 00:18:28.173065
3648,Walker Ltd,Healthcare,USA,Organic,2024-04-14,7,2026-07-25 00:18:28.173290
3649,Perez-Wallace,Marketing,Australia,Paid Ads,2025-06-25,19,2026-07-25 00:18:28.173646
3650,Garcia and Sons,E-Commerce,Canada,Organic,2025-12-24,12,2026-07-25 00:18:28.173856
3651,"Irwin, Jacobs and Johnson",Education,USA,Organic,2023-07-25,10,2026-07-25 00:18:28.174374
3652,Bauer-Jordan,Education,Germany,Partner,2025-02-09,8,2026-07-25 00:18:28.174742
3653,"Richardson, Stephens and Barnes",Healthcare,Canada,Paid Ads,2025-03-26,20,2026-07-25 00:18:28.175258
3654,Graham-Miles,Finance,USA,Social Media,2023-02-22,9,2026-07-25 00:18:28.175635
3655,Miller Ltd,Healthcare,India,Referral,2023-04-14,18,2026-07-25 00:18:28.175863
3656,Morales-Calhoun,Consulting,United Kingdom,Referral,2024-07-09,1,2026-07-25 00:18:28.176245
3657,Johnson Inc,E-Commerce,India,Outbound Sales,2023-08-02,18,2026-07-25 00:18:28.176486
3658,Ortega Group,Retail,India,Partner,2025-06-05,1,2026-07-25 00:18:28.176710
3659,"Brooks, Baker and Jones",Manufacturing,USA,Paid Ads,2025-10-22,19,2026-07-25 00:18:28.177247
3660,Perkins Inc,Marketing,Singapore,Partner,2025-10-16,17,2026-07-25 00:18:28.177504
3661,Hall and Sons,Healthcare,United Kingdom,Partner,2025-05-19,10,2026-07-25 00:18:28.177721
3662,Francis Group,Finance,Singapore,Social Media,2024-04-11,4,2026-07-25 00:18:28.178050
3663,Brown-French,Logistics,Germany,Partner,2023-01-18,9,2026-07-25 00:18:28.178403
3664,"Wade, Richards and Smith",Finance,United Kingdom,Referral,2023-06-25,9,2026-07-25 00:18:28.178856
3665,Mccall-Valencia,Finance,Canada,Organic,2023-08-01,8,2026-07-25 00:18:28.179177
3666,Beck Group,Finance,Canada,Referral,2023-11-28,17,2026-07-25 00:18:28.179395
3667,Garcia Group,Manufacturing,Canada,Partner,2025-01-13,17,2026-07-25 00:18:28.179611
3668,"Sims, Trevino and Jones",Finance,Singapore,Social Media,2025-05-09,11,2026-07-25 00:18:28.180133
3669,Hodge and Sons,SaaS,Germany,Organic,2025-11-02,17,2026-07-25 00:18:28.180353
3670,Palmer-Archer,Manufacturing,USA,Outbound Sales,2023-04-16,2,2026-07-25 00:18:28.180738
3671,Wright Group,SaaS,USA,Referral,2025-05-29,19,2026-07-25 00:18:28.181011
3672,Pace-Clayton,Marketing,United Kingdom,Referral,2025-08-29,7,2026-07-25 00:18:28.181301
3673,Goodwin Inc,Education,Germany,Referral,2024-09-23,16,2026-07-25 00:18:28.181463
3674,Johnson-Powers,Healthcare,Singapore,Partner,2024-05-12,10,2026-07-25 00:18:28.181729
3675,Cole-Huff,Healthcare,USA,Social Media,2024-08-03,3,2026-07-25 00:18:28.182018
3676,"Solomon, Mendoza and Avery",Consulting,United Kingdom,Social Media,2023-12-16,7,2026-07-25 00:18:28.182401
3677,Lucas-Campos,SaaS,Germany,Organic,2025-03-02,16,2026-07-25 00:18:28.182679
3678,George LLC,Consulting,Australia,Referral,2023-09-02,6,2026-07-25 00:18:28.183005
3679,Reynolds Inc,SaaS,Germany,Social Media,2025-02-11,9,2026-07-25 00:18:28.183376
3680,Hoffman Ltd,E-Commerce,Germany,Social Media,2024-10-10,19,2026-07-25 00:18:28.183636
3681,"Williams, Ramirez and Campbell",Retail,Singapore,Paid Ads,2023-08-15,16,2026-07-25 00:18:28.184414
3682,Turner-Nichols,Consulting,Singapore,Referral,2025-10-06,10,2026-07-25 00:18:28.185018
3683,Wyatt-Harrison,Retail,Canada,Social Media,2024-05-23,16,2026-07-25 00:18:28.185442
3684,Todd-Franco,Logistics,United Kingdom,Social Media,2025-01-27,13,2026-07-25 00:18:28.185842
3685,"Castro, Fleming and Greene",E-Commerce,Canada,Outbound Sales,2025-07-04,16,2026-07-25 00:18:28.186400
3686,Harrison Inc,Education,India,Referral,2025-06-10,4,2026-07-25 00:18:28.186643
3687,Hester-Patel,Education,Germany,Partner,2025-12-10,11,2026-07-25 00:18:28.187048
3688,"Brown, Soto and Villa",Retail,Singapore,Partner,2025-08-15,4,2026-07-25 00:18:28.187469
3689,"Palmer, Edwards and Bullock",Healthcare,Germany,Paid Ads,2024-03-24,4,2026-07-25 00:18:28.187890
3690,"Lee, Compton and Lee",Manufacturing,Singapore,Partner,2024-01-07,5,2026-07-25 00:18:28.188326
3691,"Lowe, Ramirez and Harper",Logistics,United Kingdom,Partner,2024-06-04,20,2026-07-25 00:18:28.188760
3692,"Lopez, Austin and Buchanan",Marketing,Singapore,Referral,2025-11-06,1,2026-07-25 00:18:28.189278
3693,Lee-Parks,Education,Canada,Outbound Sales,2025-12-05,7,2026-07-25 00:18:28.189659
3694,"Morris, Yates and Perkins",Marketing,India,Outbound Sales,2025-04-23,11,2026-07-25 00:18:28.190194
3695,Hardy LLC,Education,Singapore,Paid Ads,2023-09-27,14,2026-07-25 00:18:28.190456
3696,Harris Ltd,Marketing,United Kingdom,Partner,2025-09-19,14,2026-07-25 00:18:28.190689
3697,Clay Group,Marketing,Canada,Organic,2024-06-08,9,2026-07-25 00:18:28.190962
3698,Myers Ltd,Logistics,Singapore,Referral,2024-08-05,11,2026-07-25 00:18:28.191199
3699,"Stevens, Peterson and Scott",SaaS,Canada,Partner,2024-02-25,14,2026-07-25 00:18:28.191716
3700,Martinez-Bennett,Retail,Australia,Referral,2023-04-22,18,2026-07-25 00:18:28.192113
3701,Smith-Lopez,Retail,United Kingdom,Social Media,2025-05-05,4,2026-07-25 00:18:28.192487
3702,Gibson-Ewing,E-Commerce,Australia,Paid Ads,2024-01-31,5,2026-07-25 00:18:28.192859
3703,Dixon-Fisher,E-Commerce,Australia,Organic,2025-06-25,1,2026-07-25 00:18:28.193296
3704,Jarvis Ltd,Marketing,India,Social Media,2024-02-17,11,2026-07-25 00:18:28.193518
3705,"Rodriguez, Kim and Edwards",Manufacturing,United Kingdom,Outbound Sales,2025-01-30,3,2026-07-25 00:18:28.193983
3706,Martinez Inc,SaaS,Australia,Referral,2023-08-06,12,2026-07-25 00:18:28.194232
3707,Ramirez PLC,Consulting,USA,Referral,2023-03-05,18,2026-07-25 00:18:28.194440
3708,Anderson-Davis,Marketing,United Kingdom,Social Media,2025-04-11,8,2026-07-25 00:18:28.194796
3709,Harris-Vance,Education,United Kingdom,Referral,2025-12-02,12,2026-07-25 00:18:28.195134
3710,Smith LLC,Manufacturing,Germany,Referral,2025-05-30,18,2026-07-25 00:18:28.195328
3711,"Ramirez, Jordan and Hall",Retail,India,Organic,2025-08-27,1,2026-07-25 00:18:28.195787
3712,"Duncan, Adams and Tran",Consulting,India,Outbound Sales,2025-08-18,13,2026-07-25 00:18:28.196247
3713,Johnson PLC,Logistics,India,Referral,2024-01-03,10,2026-07-25 00:18:28.196443
3714,Jackson Group,Education,India,Referral,2024-05-07,8,2026-07-25 00:18:28.196639
3715,"Jensen, Best and Davis",SaaS,Canada,Social Media,2023-11-12,4,2026-07-25 00:18:28.197147
3716,Pacheco-Martinez,Marketing,Singapore,Partner,2025-08-12,5,2026-07-25 00:18:28.197544
3717,Walker-Stevens,Education,United Kingdom,Organic,2024-01-18,3,2026-07-25 00:18:28.197913
3718,Lowery LLC,Finance,Australia,Social Media,2023-09-15,14,2026-07-25 00:18:28.198230
3719,Allen LLC,SaaS,India,Social Media,2023-06-16,18,2026-07-25 00:18:28.198532
3720,"Valencia, Atkinson and Griffin",E-Commerce,USA,Organic,2024-11-07,19,2026-07-25 00:18:28.199069
3721,Boone Group,Marketing,USA,Outbound Sales,2023-12-27,10,2026-07-25 00:18:28.199256
3722,Hernandez-Beasley,Manufacturing,Germany,Outbound Sales,2024-11-20,1,2026-07-25 00:18:28.199786
3723,Johnson-Hubbard,Education,Canada,Partner,2025-08-13,7,2026-07-25 00:18:28.200234
3724,"Henry, Clarke and Warren",Finance,Canada,Social Media,2023-11-15,19,2026-07-25 00:18:28.200779
3725,Porter PLC,Logistics,Germany,Paid Ads,2024-05-15,14,2026-07-25 00:18:28.201128
3726,Obrien-Watson,Finance,USA,Partner,2024-08-25,18,2026-07-25 00:18:28.201525
3727,Burke Ltd,Education,Germany,Paid Ads,2025-12-28,18,2026-07-25 00:18:28.201767
3728,Jackson-Powell,Consulting,USA,Partner,2025-11-27,1,2026-07-25 00:18:28.202246
3729,Gomez-Hill,Logistics,Singapore,Partner,2023-12-05,12,2026-07-25 00:18:28.202625
3730,Gray Group,Consulting,Singapore,Organic,2024-03-27,15,2026-07-25 00:18:28.202846
3731,"Mcconnell, Sanchez and Wolfe",Retail,Australia,Organic,2023-02-07,13,2026-07-25 00:18:28.203321
3732,"Mcbride, Price and Reed",Retail,Germany,Paid Ads,2024-12-03,16,2026-07-25 00:18:28.203834
3733,Henry Ltd,E-Commerce,India,Social Media,2024-08-14,10,2026-07-25 00:18:28.204044
3734,Davis-Scott,Manufacturing,USA,Social Media,2024-11-22,3,2026-07-25 00:18:28.204374
3735,Richardson-Osborn,Finance,Australia,Referral,2023-12-22,7,2026-07-25 00:18:28.204730
3736,Jackson PLC,Logistics,Australia,Referral,2025-01-13,3,2026-07-25 00:18:28.205039
3737,"George, Patrick and Singleton",Healthcare,Germany,Outbound Sales,2025-09-28,16,2026-07-25 00:18:28.205525
3738,Williams-Perez,Consulting,Singapore,Outbound Sales,2024-08-15,8,2026-07-25 00:18:28.205916
3739,Gilbert PLC,SaaS,United Kingdom,Partner,2023-09-04,9,2026-07-25 00:18:28.206137
3740,Miller-Frederick,Marketing,Canada,Social Media,2023-03-19,11,2026-07-25 00:18:28.206462
3741,Carter Group,Healthcare,India,Paid Ads,2024-12-04,19,2026-07-25 00:18:28.206656
3742,Perez LLC,E-Commerce,Germany,Organic,2024-03-08,9,2026-07-25 00:18:28.206851
3743,"Jones, Wiggins and Oliver",Retail,United Kingdom,Outbound Sales,2023-09-16,16,2026-07-25 00:18:28.207312
3744,"Logan, Wiggins and Delacruz",Consulting,Germany,Paid Ads,2025-06-08,8,2026-07-25 00:18:28.207983
3745,Kelley-Mcmahon,Manufacturing,Germany,Social Media,2023-10-01,16,2026-07-25 00:18:28.208368
3746,Smith and Sons,Consulting,Australia,Social Media,2023-09-18,3,2026-07-25 00:18:28.208594
3747,"Jones, Mejia and Adams",Finance,Germany,Social Media,2025-07-25,3,2026-07-25 00:18:28.209067
3748,"Martinez, Ford and Hodges",Marketing,USA,Organic,2023-10-05,6,2026-07-25 00:18:28.209552
3749,Ferguson and Sons,Consulting,Singapore,Organic,2023-10-05,6,2026-07-25 00:18:28.209808
3750,Nguyen and Sons,Retail,Germany,Organic,2024-01-17,2,2026-07-25 00:18:28.210016
3751,"Li, Mason and Jacobson",Marketing,Germany,Referral,2024-02-28,17,2026-07-25 00:18:28.210477
3752,Jackson Group,Logistics,USA,Social Media,2024-09-03,18,2026-07-25 00:18:28.210674
3753,Allen PLC,Marketing,Germany,Organic,2023-08-31,10,2026-07-25 00:18:28.210871
3754,"Logan, Ford and Gibson",Finance,Germany,Paid Ads,2024-07-24,9,2026-07-25 00:18:28.211451
3755,"Wright, Bowman and Webster",Consulting,Canada,Outbound Sales,2023-06-20,12,2026-07-25 00:18:28.212091
3756,Taylor-Mitchell,E-Commerce,Singapore,Referral,2023-04-15,5,2026-07-25 00:18:28.212570
3757,Byrd-Foster,Education,Australia,Social Media,2025-04-01,7,2026-07-25 00:18:28.213044
3758,"Powell, Warren and Hayden",E-Commerce,Singapore,Paid Ads,2025-04-21,17,2026-07-25 00:18:28.213662
3759,Hartman-Ray,E-Commerce,Canada,Partner,2025-03-18,15,2026-07-25 00:18:28.214114
3760,Mills-Russell,Retail,Canada,Social Media,2024-09-21,5,2026-07-25 00:18:28.214530
3761,Martinez-Johnson,Healthcare,Australia,Social Media,2025-02-20,16,2026-07-25 00:18:28.214933
3762,"Vang, Wilkinson and Wilson",SaaS,Canada,Partner,2023-04-25,6,2026-07-25 00:18:28.215433
3763,Bennett-Brooks,Healthcare,Germany,Organic,2024-10-02,1,2026-07-25 00:18:28.215824
3764,Gonzalez-Smith,Education,Singapore,Referral,2024-05-03,7,2026-07-25 00:18:28.216308
3765,"Christensen, Cole and Garza",Finance,Australia,Partner,2024-11-07,11,2026-07-25 00:18:28.216876
3766,"Leon, Sanders and Thomas",Finance,India,Outbound Sales,2023-08-06,15,2026-07-25 00:18:28.217380
3767,King-Ross,E-Commerce,USA,Organic,2023-12-19,12,2026-07-25 00:18:28.217752
3768,Khan-Ford,Consulting,USA,Paid Ads,2024-12-23,1,2026-07-25 00:18:28.218086
3769,Sanchez and Sons,Retail,Canada,Paid Ads,2024-10-07,14,2026-07-25 00:18:28.218285
3770,Phillips Inc,E-Commerce,Singapore,Paid Ads,2025-09-21,12,2026-07-25 00:18:28.218479
3771,Blankenship-Eaton,E-Commerce,United Kingdom,Partner,2024-06-28,9,2026-07-25 00:18:28.218802
3772,George LLC,Consulting,Australia,Social Media,2024-11-04,7,2026-07-25 00:18:28.218996
3773,"Woods, Villa and Melton",Finance,Australia,Referral,2025-03-07,4,2026-07-25 00:18:28.219449
3774,Gomez and Sons,Retail,Canada,Referral,2025-01-14,9,2026-07-25 00:18:28.219665
3775,"Martin, Gay and Thomas",E-Commerce,India,Referral,2024-04-27,17,2026-07-25 00:18:28.220129
3776,Brown-Hicks,E-Commerce,Singapore,Partner,2025-05-22,11,2026-07-25 00:18:28.220448
3777,"Watson, West and Cook",E-Commerce,United Kingdom,Outbound Sales,2025-09-06,20,2026-07-25 00:18:28.220902
3778,Reed-Nguyen,Education,United Kingdom,Social Media,2025-08-10,20,2026-07-25 00:18:28.221223
3779,Solis PLC,Logistics,USA,Referral,2024-07-25,1,2026-07-25 00:18:28.221443
3780,Blake-Hamilton,Retail,USA,Organic,2023-07-11,20,2026-07-25 00:18:28.221798
3781,Estrada PLC,Healthcare,USA,Referral,2025-03-09,16,2026-07-25 00:18:28.221998
3782,"Jones, Donaldson and Fitzpatrick",SaaS,Canada,Organic,2025-05-29,2,2026-07-25 00:18:28.222422
3783,Guerrero-Gonzales,Healthcare,Australia,Partner,2024-08-10,14,2026-07-25 00:18:28.222708
3784,Thomas-Gill,Logistics,Canada,Paid Ads,2025-09-13,17,2026-07-25 00:18:28.223033
3785,Jensen LLC,Finance,USA,Outbound Sales,2023-11-01,13,2026-07-25 00:18:28.223201
3786,Williams LLC,Marketing,United Kingdom,Partner,2024-09-04,16,2026-07-25 00:18:28.223356
3787,Lee PLC,Manufacturing,Canada,Outbound Sales,2023-01-19,11,2026-07-25 00:18:28.223511
3788,Lloyd-Ware,Consulting,India,Outbound Sales,2023-10-28,7,2026-07-25 00:18:28.223794
3789,"Carroll, Mooney and Clark",Healthcare,Singapore,Paid Ads,2024-10-25,5,2026-07-25 00:18:28.224170
3790,Trevino LLC,Marketing,Australia,Partner,2023-04-13,16,2026-07-25 00:18:28.224326
3791,Robinson and Sons,Education,Singapore,Organic,2025-01-19,18,2026-07-25 00:18:28.224481
3792,Wilson-Caldwell,Marketing,Singapore,Paid Ads,2025-11-10,6,2026-07-25 00:18:28.224738
3793,"Luna, Watson and Harrison",SaaS,United Kingdom,Paid Ads,2024-06-16,15,2026-07-25 00:18:28.225105
3794,"Hansen, Small and Olsen",Manufacturing,Singapore,Partner,2024-02-05,7,2026-07-25 00:18:28.225470
3795,"Ortega, Rose and Contreras",E-Commerce,Australia,Referral,2024-05-28,13,2026-07-25 00:18:28.225859
3796,"Fleming, Drake and Osborne",Manufacturing,USA,Social Media,2025-07-05,1,2026-07-25 00:18:28.226228
3797,Briggs Group,Retail,Germany,Paid Ads,2024-01-17,17,2026-07-25 00:18:28.226382
3798,Murphy-Hicks,Retail,India,Outbound Sales,2025-01-20,10,2026-07-25 00:18:28.226638
3799,"Esparza, Williams and Vargas",Manufacturing,India,Paid Ads,2025-02-13,9,2026-07-25 00:18:28.227000
3800,Holloway PLC,Consulting,India,Outbound Sales,2024-02-05,9,2026-07-25 00:18:28.227180
3801,Gilmore and Sons,SaaS,Singapore,Paid Ads,2023-12-14,16,2026-07-25 00:18:28.227337
3802,Howe Ltd,Marketing,India,Social Media,2024-12-22,9,2026-07-25 00:18:28.227513
3803,"Cox, Newton and Barnes",Education,Singapore,Organic,2025-04-22,19,2026-07-25 00:18:28.227899
3804,Miller-Martin,SaaS,United Kingdom,Social Media,2024-05-29,16,2026-07-25 00:18:28.228162
3805,"Jones, Edwards and Small",E-Commerce,Singapore,Partner,2025-01-17,16,2026-07-25 00:18:28.228523
3806,Briggs-Moore,Healthcare,Germany,Social Media,2024-11-07,18,2026-07-25 00:18:28.228779
3807,Cook LLC,Finance,India,Paid Ads,2025-01-05,1,2026-07-25 00:18:28.228933
3808,Young-Koch,E-Commerce,Singapore,Referral,2023-07-03,6,2026-07-25 00:18:28.229662
3809,Chapman-Sullivan,Healthcare,India,Partner,2025-02-03,4,2026-07-25 00:18:28.229972
3810,Sanchez-Ballard,SaaS,Germany,Social Media,2024-01-01,2,2026-07-25 00:18:28.230241
3811,Harper PLC,Manufacturing,India,Outbound Sales,2024-06-06,9,2026-07-25 00:18:28.230402
3812,Garcia Inc,Retail,Singapore,Outbound Sales,2024-08-08,1,2026-07-25 00:18:28.230558
3813,Fernandez Group,Manufacturing,United Kingdom,Social Media,2023-01-14,11,2026-07-25 00:18:28.230715
3814,"Wong, Braun and Smith",Healthcare,Australia,Social Media,2023-05-24,12,2026-07-25 00:18:28.231084
3815,Anderson LLC,Consulting,India,Social Media,2023-10-03,13,2026-07-25 00:18:28.231241
3816,"Hull, Graves and Wade",Marketing,United Kingdom,Social Media,2025-11-20,2,2026-07-25 00:18:28.231654
3817,Martin LLC,Finance,USA,Outbound Sales,2023-05-16,5,2026-07-25 00:18:28.231821
3818,Williams PLC,Education,India,Referral,2024-05-27,15,2026-07-25 00:18:28.231976
3819,Mendez and Sons,SaaS,Canada,Outbound Sales,2023-05-08,7,2026-07-25 00:18:28.232147
3820,Holloway-Henry,Consulting,Germany,Referral,2023-09-21,1,2026-07-25 00:18:28.232414
3821,"Carter, Copeland and Jones",Education,Canada,Outbound Sales,2024-02-20,12,2026-07-25 00:18:28.232925
3822,Taylor-Ford,Finance,Canada,Partner,2025-08-09,19,2026-07-25 00:18:28.233220
3823,Schneider Ltd,Finance,Australia,Partner,2024-02-08,3,2026-07-25 00:18:28.233379
3824,Crawford and Sons,Finance,India,Referral,2025-03-10,3,2026-07-25 00:18:28.233536
3825,Johnson-Phelps,Healthcare,Canada,Outbound Sales,2025-12-06,1,2026-07-25 00:18:28.233820
3826,Neal Group,Healthcare,United Kingdom,Organic,2025-10-30,7,2026-07-25 00:18:28.233983
3827,"Torres, Valdez and Briggs",Manufacturing,Germany,Organic,2024-07-11,8,2026-07-25 00:18:28.234351
3828,Bauer LLC,Education,United Kingdom,Social Media,2024-10-11,7,2026-07-25 00:18:28.234507
3829,Clark-Murray,Healthcare,Canada,Organic,2025-10-31,13,2026-07-25 00:18:28.234764
3830,Johnson Inc,Education,USA,Paid Ads,2025-12-28,5,2026-07-25 00:18:28.234918
3831,Hernandez Group,E-Commerce,Canada,Partner,2025-07-01,8,2026-07-25 00:18:28.235072
3832,Sharp LLC,Retail,Canada,Referral,2023-07-15,6,2026-07-25 00:18:28.235226
3833,"Flores, Allen and Olson",Education,Canada,Social Media,2024-05-31,15,2026-07-25 00:18:28.235592
3834,Spears Ltd,Education,India,Partner,2024-09-28,12,2026-07-25 00:18:28.235769
3835,"Daniel, Turner and Fletcher",E-Commerce,Canada,Paid Ads,2025-11-09,17,2026-07-25 00:18:28.236138
3836,"Johnson, Moore and Lee",Logistics,United Kingdom,Social Media,2025-01-05,6,2026-07-25 00:18:28.236503
3837,Johnson LLC,SaaS,United Kingdom,Outbound Sales,2023-04-13,13,2026-07-25 00:18:28.236659
3838,Hess Group,Healthcare,Australia,Outbound Sales,2024-08-28,7,2026-07-25 00:18:28.236814
3839,Bowers-Huffman,Marketing,Canada,Social Media,2025-10-19,10,2026-07-25 00:18:28.237070
3840,Cabrera Ltd,Retail,Canada,Social Media,2024-11-29,17,2026-07-25 00:18:28.237224
3841,"Edwards, Sexton and Knight",Consulting,United Kingdom,Social Media,2024-10-18,9,2026-07-25 00:18:28.237614
3842,Smith and Sons,Finance,Australia,Referral,2025-12-23,9,2026-07-25 00:18:28.237790
3843,Davis-Hutchinson,Retail,Germany,Paid Ads,2024-01-25,2,2026-07-25 00:18:28.238099
3844,Williams and Sons,Finance,Australia,Social Media,2024-06-03,6,2026-07-25 00:18:28.238261
3845,"Munoz, Krueger and Solomon",Logistics,USA,Partner,2024-01-08,19,2026-07-25 00:18:28.238626
3846,Johnson-Smith,Manufacturing,Canada,Outbound Sales,2023-10-08,13,2026-07-25 00:18:28.238883
3847,"Cooper, Mendez and Rogers",E-Commerce,India,Paid Ads,2024-07-14,4,2026-07-25 00:18:28.239247
3848,Ingram-Costa,Manufacturing,United Kingdom,Organic,2023-06-12,6,2026-07-25 00:18:28.239504
3849,Hernandez Ltd,Marketing,Germany,Paid Ads,2023-11-10,11,2026-07-25 00:18:28.239674
3850,"Manning, Hill and Myers",Finance,USA,Paid Ads,2025-10-20,10,2026-07-25 00:18:28.240054
3851,"Salazar, Salazar and Graham",Healthcare,Germany,Outbound Sales,2025-04-01,6,2026-07-25 00:18:28.240420
3852,Maynard-Garza,SaaS,Germany,Outbound Sales,2023-03-03,15,2026-07-25 00:18:28.240678
3853,"Shea, Bryant and Mitchell",E-Commerce,Australia,Social Media,2024-03-26,14,2026-07-25 00:18:28.241041
3854,Lawrence-Hanna,Marketing,Germany,Referral,2023-01-28,9,2026-07-25 00:18:28.241298
3855,Gallegos-Butler,Manufacturing,Australia,Paid Ads,2023-04-08,16,2026-07-25 00:18:28.241574
3856,"Armstrong, Leblanc and Davenport",Marketing,Canada,Organic,2024-12-21,8,2026-07-25 00:18:28.241968
3857,Baker-Snow,Consulting,India,Partner,2023-12-13,14,2026-07-25 00:18:28.242232
3858,Barnett PLC,Education,Australia,Partner,2023-03-02,19,2026-07-25 00:18:28.242388
3859,Baker-Schmidt,SaaS,USA,Outbound Sales,2024-01-30,6,2026-07-25 00:18:28.242645
3860,Crane Group,Education,Australia,Social Media,2023-03-04,17,2026-07-25 00:18:28.242799
3861,Smith-Williams,Retail,Australia,Referral,2024-01-07,5,2026-07-25 00:18:28.243056
3862,Nichols-Lam,Manufacturing,United Kingdom,Organic,2023-04-29,3,2026-07-25 00:18:28.243511
3863,Shaw Ltd,Education,United Kingdom,Referral,2024-10-09,12,2026-07-25 00:18:28.243699
3864,Mack-Alvarado,Logistics,Germany,Referral,2025-09-21,15,2026-07-25 00:18:28.243967
3865,"Lewis, Stanley and Roberts",SaaS,Singapore,Referral,2025-02-10,7,2026-07-25 00:18:28.244334
3866,Frost Group,Healthcare,Canada,Paid Ads,2023-06-30,3,2026-07-25 00:18:28.244489
3867,"Murphy, Gardner and Gonzalez",Healthcare,USA,Referral,2025-05-21,14,2026-07-25 00:18:28.244852
3868,Miller-Lucas,Finance,Singapore,Referral,2025-11-30,5,2026-07-25 00:18:28.245272
3869,Garcia Ltd,Consulting,United Kingdom,Paid Ads,2025-01-15,1,2026-07-25 00:18:28.245459
3870,Sandoval Ltd,Logistics,USA,Paid Ads,2024-02-06,4,2026-07-25 00:18:28.245615
3871,Martin-Simmons,Logistics,Australia,Social Media,2024-02-04,13,2026-07-25 00:18:28.245873
3872,Davis-Huynh,Retail,Germany,Social Media,2023-09-12,13,2026-07-25 00:18:28.246136
3873,"Holt, Fowler and Jones",Logistics,Singapore,Referral,2024-04-25,4,2026-07-25 00:18:28.246503
3874,Farrell Inc,Marketing,USA,Paid Ads,2023-08-30,5,2026-07-25 00:18:28.246659
3875,Osborne LLC,Marketing,United Kingdom,Paid Ads,2024-01-08,10,2026-07-25 00:18:28.246839
3876,Hubbard LLC,Marketing,Australia,Partner,2023-10-06,18,2026-07-25 00:18:28.247000
3877,"Miranda, Chan and Marshall",Finance,Canada,Partner,2023-07-08,19,2026-07-25 00:18:28.247363
3878,Contreras-Ramirez,SaaS,USA,Outbound Sales,2023-07-09,6,2026-07-25 00:18:28.247621
3879,Mccormick-Gomez,Retail,Canada,Paid Ads,2023-05-10,11,2026-07-25 00:18:28.247877
3880,Gardner LLC,Consulting,United Kingdom,Organic,2024-08-25,20,2026-07-25 00:18:28.248031
3881,"Brock, Mcguire and Miller",E-Commerce,United Kingdom,Partner,2023-01-29,3,2026-07-25 00:18:28.248395
3882,Thomas and Sons,Retail,USA,Partner,2023-04-09,7,2026-07-25 00:18:28.248549
3883,"Nichols, Mendoza and Middleton",SaaS,USA,Paid Ads,2025-03-22,14,2026-07-25 00:18:28.248936
3884,Johnson-Castaneda,Finance,Canada,Partner,2025-09-08,6,2026-07-25 00:18:28.249212
3885,Aguirre Group,Marketing,USA,Paid Ads,2024-11-02,10,2026-07-25 00:18:28.249392
3886,Lee Ltd,Marketing,Singapore,Partner,2023-11-26,2,2026-07-25 00:18:28.249555
3887,"Adkins, Jones and Kaiser",Education,Germany,Referral,2025-01-20,6,2026-07-25 00:18:28.249926
3888,"Peck, Norman and Grant",Marketing,Singapore,Outbound Sales,2023-12-19,4,2026-07-25 00:18:28.250333
3889,Morris-Wood,Logistics,United Kingdom,Organic,2024-12-12,12,2026-07-25 00:18:28.250620
3890,Chavez Inc,Finance,Singapore,Partner,2023-03-07,1,2026-07-25 00:18:28.250805
3891,Smith-Beck,Healthcare,Canada,Referral,2025-06-05,19,2026-07-25 00:18:28.251088
3892,"Morgan, Brady and Smith",Consulting,Germany,Social Media,2024-08-01,15,2026-07-25 00:18:28.251461
3893,Miller-Cameron,SaaS,Germany,Social Media,2024-05-04,13,2026-07-25 00:18:28.251720
3894,"Hoffman, Wilson and Taylor",Marketing,United Kingdom,Organic,2025-07-12,10,2026-07-25 00:18:28.252085
3895,"Ferrell, Swanson and Peterson",Marketing,Canada,Social Media,2025-02-06,4,2026-07-25 00:18:28.252452
3896,Hartman Ltd,E-Commerce,United Kingdom,Partner,2025-08-28,17,2026-07-25 00:18:28.252608
3897,Collins Group,Manufacturing,United Kingdom,Partner,2024-05-07,11,2026-07-25 00:18:28.252782
3898,Trevino Inc,Consulting,Canada,Organic,2024-03-31,6,2026-07-25 00:18:28.252985
3899,"Maynard, Taylor and Green",Marketing,Australia,Partner,2024-04-11,3,2026-07-25 00:18:28.253365
3900,Ramirez Group,Healthcare,India,Paid Ads,2024-08-12,19,2026-07-25 00:18:28.253522
3901,"Cox, Jimenez and Rodgers",Education,USA,Outbound Sales,2023-04-26,20,2026-07-25 00:18:28.253891
3902,Johnson LLC,Logistics,Germany,Organic,2024-09-24,15,2026-07-25 00:18:28.254047
3903,Joseph and Sons,Education,India,Organic,2024-05-24,16,2026-07-25 00:18:28.254200
3904,"Greene, Garcia and Wilson",Logistics,Canada,Organic,2025-03-26,20,2026-07-25 00:18:28.254561
3905,Flores-Martinez,Manufacturing,Canada,Partner,2024-02-15,11,2026-07-25 00:18:28.254837
3906,Aguilar Inc,Education,United Kingdom,Organic,2025-06-14,18,2026-07-25 00:18:28.254999
3907,Hill PLC,Education,USA,Paid Ads,2023-12-26,12,2026-07-25 00:18:28.255155
3908,Cain PLC,Marketing,India,Partner,2025-04-20,11,2026-07-25 00:18:28.255308
3909,"Payne, Escobar and Barrett",Education,Singapore,Organic,2025-06-15,20,2026-07-25 00:18:28.255671
3910,Goodwin-Williams,Finance,Canada,Social Media,2023-06-06,2,2026-07-25 00:18:28.255927
3911,Barrett LLC,Consulting,Singapore,Partner,2024-10-14,8,2026-07-25 00:18:28.256080
3912,Jones PLC,Healthcare,India,Outbound Sales,2023-03-22,4,2026-07-25 00:18:28.256233
3913,Vance Inc,Healthcare,Singapore,Referral,2023-01-07,16,2026-07-25 00:18:28.256386
3914,Sullivan-Rodriguez,Marketing,Canada,Paid Ads,2024-12-29,15,2026-07-25 00:18:28.256640
3915,"Ayers, Jacobson and Wright",E-Commerce,USA,Social Media,2023-09-04,17,2026-07-25 00:18:28.257026
3916,Lopez PLC,E-Commerce,Germany,Organic,2024-06-02,3,2026-07-25 00:18:28.257186
3917,Mccoy Inc,Manufacturing,Canada,Organic,2025-12-24,5,2026-07-25 00:18:28.257339
3918,Daniel and Sons,E-Commerce,Singapore,Social Media,2024-12-31,4,2026-07-25 00:18:28.257493
3919,"Bernard, Shields and Hicks",Marketing,Australia,Social Media,2023-09-21,3,2026-07-25 00:18:28.257855
3920,Maldonado LLC,Manufacturing,Singapore,Social Media,2024-09-25,10,2026-07-25 00:18:28.258010
3921,"Parsons, Lopez and Kelley",Marketing,Germany,Organic,2025-06-14,6,2026-07-25 00:18:28.258382
3922,Clark-Estrada,Education,Singapore,Social Media,2023-04-03,3,2026-07-25 00:18:28.258641
3923,"Carter, Taylor and Beltran",Marketing,India,Referral,2023-10-26,19,2026-07-25 00:18:28.259031
3924,"Roberts, Wright and Chase",Education,Canada,Outbound Sales,2024-10-01,17,2026-07-25 00:18:28.259402
3925,"Fisher, Wong and Jimenez",Consulting,United Kingdom,Referral,2023-07-13,2,2026-07-25 00:18:28.259773
3926,Garza-Francis,Manufacturing,Australia,Partner,2023-06-28,7,2026-07-25 00:18:28.260028
3927,Ray Ltd,Marketing,Canada,Social Media,2025-12-09,6,2026-07-25 00:18:28.260181
3928,Coffey and Sons,Education,Australia,Social Media,2025-06-20,2,2026-07-25 00:18:28.260334
3929,"Williams, Bolton and Mcgee",E-Commerce,Germany,Referral,2023-07-25,10,2026-07-25 00:18:28.260698
3930,"Foster, Sanford and Hill",Education,India,Partner,2023-04-23,7,2026-07-25 00:18:28.261408
3931,"Smith, Clark and Rodriguez",SaaS,United Kingdom,Partner,2023-06-24,5,2026-07-25 00:18:28.262030
3932,Gutierrez LLC,Education,Canada,Partner,2025-12-17,20,2026-07-25 00:18:28.262270
3933,Thomas-Ramsey,Manufacturing,India,Referral,2023-11-17,8,2026-07-25 00:18:28.262650
3934,Nguyen-Jenkins,SaaS,Singapore,Paid Ads,2023-07-11,8,2026-07-25 00:18:28.262975
3935,"Becker, Ramos and Harris",Finance,Australia,Paid Ads,2025-10-21,20,2026-07-25 00:18:28.263356
3936,Clark LLC,Logistics,Australia,Partner,2025-09-13,20,2026-07-25 00:18:28.263514
3937,"Hodge, Bates and Burns",Manufacturing,Australia,Partner,2023-10-20,16,2026-07-25 00:18:28.263883
3938,Williams-Smith,Consulting,India,Paid Ads,2024-03-01,11,2026-07-25 00:18:28.264141
3939,Brown Inc,Manufacturing,Canada,Partner,2024-12-21,5,2026-07-25 00:18:28.264295
3940,"Roberts, Gutierrez and Keith",Logistics,United Kingdom,Social Media,2024-12-13,16,2026-07-25 00:18:28.264705
3941,Ramirez-Simmons,Retail,Australia,Social Media,2023-08-07,6,2026-07-25 00:18:28.264995
3942,Floyd-Moreno,Marketing,Canada,Partner,2023-01-22,2,2026-07-25 00:18:28.265252
3943,Bailey-Newman,E-Commerce,India,Social Media,2025-06-30,16,2026-07-25 00:18:28.265507
3944,Barker LLC,Consulting,Canada,Organic,2024-11-29,7,2026-07-25 00:18:28.265663
3945,Nelson-Castillo,Consulting,Canada,Paid Ads,2025-01-10,10,2026-07-25 00:18:28.266069
3946,Smith and Sons,Manufacturing,Germany,Social Media,2024-11-11,15,2026-07-25 00:18:28.266238
3947,Cruz-Downs,SaaS,USA,Outbound Sales,2025-09-29,19,2026-07-25 00:18:28.266501
3948,"May, Thomas and Adams",Healthcare,Australia,Paid Ads,2025-05-07,19,2026-07-25 00:18:28.266896
3949,"Scott, Garcia and Atkins",Marketing,Germany,Organic,2024-07-30,10,2026-07-25 00:18:28.267272
3950,Francis-Smith,Consulting,Singapore,Partner,2025-03-13,8,2026-07-25 00:18:28.267534
3951,Allen LLC,Marketing,Australia,Referral,2025-05-31,13,2026-07-25 00:18:28.267689
3952,Todd Ltd,E-Commerce,United Kingdom,Organic,2024-01-27,4,2026-07-25 00:18:28.267843
3953,"Andrews, Middleton and Weeks",Marketing,USA,Referral,2025-05-13,4,2026-07-25 00:18:28.268252
3954,Madden-Smith,E-Commerce,Canada,Referral,2025-09-01,6,2026-07-25 00:18:28.268515
3955,Mack-Carrillo,Marketing,Australia,Partner,2023-01-31,12,2026-07-25 00:18:28.268793
3956,"Peterson, Castillo and Lopez",Retail,Germany,Outbound Sales,2024-10-14,9,2026-07-25 00:18:28.269167
3957,"Duran, King and Ballard",Manufacturing,United Kingdom,Paid Ads,2024-04-20,4,2026-07-25 00:18:28.269531
3958,Fuller Ltd,Manufacturing,Australia,Outbound Sales,2025-06-29,18,2026-07-25 00:18:28.269686
3959,"Elliott, Davis and Ruiz",Marketing,USA,Partner,2025-07-23,16,2026-07-25 00:18:28.270049
3960,Nguyen LLC,Logistics,Canada,Partner,2023-11-01,6,2026-07-25 00:18:28.270204
3961,Blake-Patel,Healthcare,Germany,Paid Ads,2024-07-08,1,2026-07-25 00:18:28.270460
3962,Jordan PLC,Consulting,United Kingdom,Paid Ads,2025-02-05,15,2026-07-25 00:18:28.270615
3963,"Jones, Cunningham and Taylor",Healthcare,Singapore,Organic,2023-01-26,13,2026-07-25 00:18:28.270999
3964,Harris Group,E-Commerce,Singapore,Partner,2024-09-30,14,2026-07-25 00:18:28.271161
3965,"Jones, Becker and Daugherty",Marketing,USA,Social Media,2025-04-11,1,2026-07-25 00:18:28.271523
3966,"Taylor, Rojas and Robinson",E-Commerce,USA,Referral,2024-11-16,20,2026-07-25 00:18:28.271889
3967,Scott PLC,E-Commerce,Australia,Organic,2023-05-31,20,2026-07-25 00:18:28.272044
3968,Esparza Ltd,E-Commerce,Singapore,Partner,2024-09-27,1,2026-07-25 00:18:28.272199
3969,Orozco-Davis,Manufacturing,Australia,Referral,2025-07-03,6,2026-07-25 00:18:28.272456
3970,"Wilson, Trujillo and Moody",E-Commerce,Singapore,Partner,2024-01-03,3,2026-07-25 00:18:28.272841
3971,"Soto, Hodges and Williams",Manufacturing,India,Social Media,2025-04-14,20,2026-07-25 00:18:28.273241
3972,Weaver-Sandoval,Marketing,Australia,Outbound Sales,2025-12-06,7,2026-07-25 00:18:28.273507
3973,"Smith, Wilkinson and Montoya",Healthcare,Germany,Paid Ads,2025-12-16,8,2026-07-25 00:18:28.273870
3974,Clay-Garcia,Healthcare,Germany,Social Media,2023-12-03,7,2026-07-25 00:18:28.274126
3975,"Perez, Johnston and Smith",Manufacturing,USA,Paid Ads,2025-02-21,3,2026-07-25 00:18:28.274489
3976,Michael-Mullins,SaaS,USA,Outbound Sales,2025-12-17,15,2026-07-25 00:18:28.274747
3977,"Martin, Rodgers and Hooper",Logistics,USA,Social Media,2025-05-14,20,2026-07-25 00:18:28.275135
3978,Contreras and Sons,Logistics,USA,Referral,2025-06-07,15,2026-07-25 00:18:28.275292
3979,Young Inc,Consulting,Singapore,Organic,2023-09-25,20,2026-07-25 00:18:28.275444
3980,Wilcox and Sons,Manufacturing,United Kingdom,Referral,2023-10-06,8,2026-07-25 00:18:28.275597
3981,Murray-Stanley,Logistics,Singapore,Organic,2023-07-26,1,2026-07-25 00:18:28.275852
3982,"Taylor, Wilson and Barr",SaaS,Singapore,Social Media,2023-12-17,14,2026-07-25 00:18:28.276663
3983,Burton-Beard,Consulting,Germany,Partner,2023-11-14,3,2026-07-25 00:18:28.277196
3984,"Reynolds, Watts and Bass",Marketing,Canada,Social Media,2024-04-10,18,2026-07-25 00:18:28.277765
3985,Gray-Jackson,Finance,Singapore,Outbound Sales,2023-09-05,18,2026-07-25 00:18:28.278149
3986,"Thompson, Cameron and Fisher",SaaS,Germany,Partner,2023-02-24,2,2026-07-25 00:18:28.278645
3987,Lewis and Sons,Education,United Kingdom,Partner,2023-05-12,2,2026-07-25 00:18:28.278875
3988,Hamilton Ltd,Manufacturing,Germany,Social Media,2024-10-06,17,2026-07-25 00:18:28.279124
3989,Reeves-Reeves,Logistics,Germany,Organic,2023-09-16,4,2026-07-25 00:18:28.279484
3990,"Dodson, Frederick and Nolan",Healthcare,United Kingdom,Paid Ads,2025-11-17,19,2026-07-25 00:18:28.279966
3991,Mercado-Moore,Finance,Singapore,Referral,2025-06-28,12,2026-07-25 00:18:28.280329
3992,"Guerrero, Lewis and Cole",Marketing,Singapore,Paid Ads,2025-07-12,5,2026-07-25 00:18:28.280825
3993,"Copeland, Wallace and Stewart",Retail,United Kingdom,Partner,2023-09-25,7,2026-07-25 00:18:28.281315
3994,Howe Inc,Education,India,Paid Ads,2025-07-30,3,2026-07-25 00:18:28.281518
3995,Phillips-Barton,Logistics,Singapore,Partner,2023-11-01,8,2026-07-25 00:18:28.281840
3996,Baxter Inc,Education,Canada,Paid Ads,2024-12-23,15,2026-07-25 00:18:28.282057
3997,Lester and Sons,Manufacturing,United Kingdom,Partner,2025-12-14,9,2026-07-25 00:18:28.282258
3998,"Herring, Wilson and Mendoza",E-Commerce,Canada,Outbound Sales,2025-12-23,2,2026-07-25 00:18:28.282747
3999,"Marquez, Velasquez and Brown",Healthcare,USA,Outbound Sales,2025-10-06,10,2026-07-25 00:18:28.283292
4000,"Liu, Lindsey and Allen",SaaS,USA,Paid Ads,2023-10-07,19,2026-07-25 00:18:28.283798
4001,"Garrison, Stephens and Jones",Manufacturing,Singapore,Paid Ads,2023-03-20,10,2026-07-25 00:18:28.284347
4002,"Miller, Warren and Davis",Healthcare,Australia,Social Media,2025-04-17,10,2026-07-25 00:18:28.284876
4003,Dunn-Clayton,Logistics,Singapore,Partner,2024-02-10,10,2026-07-25 00:18:28.285273
4004,Henry-Massey,Healthcare,Singapore,Social Media,2023-03-10,5,2026-07-25 00:18:28.285633
4005,Hale Inc,Healthcare,Australia,Paid Ads,2023-08-06,13,2026-07-25 00:18:28.285822
4006,Weber Inc,Education,Singapore,Referral,2025-03-15,1,2026-07-25 00:18:28.286035
4007,"Schultz, Miller and Wolf",Retail,Australia,Paid Ads,2024-10-17,5,2026-07-25 00:18:28.286490
4008,Maldonado LLC,E-Commerce,India,Paid Ads,2024-12-16,12,2026-07-25 00:18:28.286680
4009,Cannon Inc,Consulting,Singapore,Outbound Sales,2023-02-16,13,2026-07-25 00:18:28.286879
4010,"Johnson, Pacheco and Johnson",Logistics,Australia,Referral,2025-10-29,12,2026-07-25 00:18:28.287329
4011,Todd Ltd,Healthcare,Australia,Outbound Sales,2024-05-15,11,2026-07-25 00:18:28.287512
4012,Miller and Sons,Consulting,Canada,Partner,2025-06-29,16,2026-07-25 00:18:28.287690
4013,Gonzales PLC,Healthcare,United Kingdom,Outbound Sales,2025-01-16,16,2026-07-25 00:18:28.287866
4014,Brown-Mccoy,Healthcare,Germany,Partner,2025-10-02,1,2026-07-25 00:18:28.288184
4015,Ball LLC,Finance,Canada,Referral,2025-07-28,10,2026-07-25 00:18:28.288376
4016,Chambers-Norton,Retail,USA,Referral,2024-04-30,9,2026-07-25 00:18:28.288669
4017,"Roberts, Carter and Moore",E-Commerce,United Kingdom,Social Media,2025-02-21,4,2026-07-25 00:18:28.289141
4018,Burke PLC,Retail,Canada,Partner,2025-04-27,15,2026-07-25 00:18:28.289325
4019,Mitchell-Boyd,E-Commerce,Singapore,Organic,2025-04-18,17,2026-07-25 00:18:28.289618
4020,Thompson LLC,Retail,Singapore,Referral,2023-04-29,12,2026-07-25 00:18:28.289793
4021,"Kramer, Edwards and Harrison",SaaS,Germany,Social Media,2025-02-17,4,2026-07-25 00:18:28.290228
4022,Mcdonald-Williams,Manufacturing,Australia,Organic,2025-02-26,9,2026-07-25 00:18:28.290529
4023,Stanley and Sons,Consulting,Australia,Social Media,2023-03-17,18,2026-07-25 00:18:28.290703
4024,Fields-Davis,Finance,United Kingdom,Organic,2024-08-10,15,2026-07-25 00:18:28.291016
4025,Moreno-Sullivan,E-Commerce,Australia,Referral,2025-03-12,8,2026-07-25 00:18:28.291315
4026,Young and Sons,Education,United Kingdom,Social Media,2025-05-24,6,2026-07-25 00:18:28.291485
4027,"Perez, Morris and Stanley",Retail,USA,Social Media,2024-02-23,15,2026-07-25 00:18:28.291887
4028,Underwood-Glover,Healthcare,India,Outbound Sales,2024-07-22,9,2026-07-25 00:18:28.292651
4029,"Williams, Klein and Weber",Consulting,Canada,Organic,2024-08-06,7,2026-07-25 00:18:28.293352
4030,Clark-Ortiz,Finance,USA,Outbound Sales,2023-03-24,10,2026-07-25 00:18:28.293763
4031,"Stevens, Kelly and Lutz",SaaS,USA,Referral,2025-08-12,8,2026-07-25 00:18:28.294289
4032,"Benton, Chase and Fox",E-Commerce,United Kingdom,Outbound Sales,2025-08-27,16,2026-07-25 00:18:28.294795
4033,Brown Inc,Logistics,India,Outbound Sales,2023-07-15,2,2026-07-25 00:18:28.295014
4034,King-Rice,Manufacturing,United Kingdom,Social Media,2023-07-10,3,2026-07-25 00:18:28.295429
4035,"Rodgers, Green and Quinn",Retail,Germany,Organic,2025-05-13,15,2026-07-25 00:18:28.295977
4036,Kelley Group,Finance,Germany,Referral,2025-09-27,4,2026-07-25 00:18:28.296226
4037,Black Group,Consulting,Australia,Referral,2025-02-13,20,2026-07-25 00:18:28.296449
4038,"Holland, Ross and Allen",Logistics,Canada,Outbound Sales,2023-10-19,1,2026-07-25 00:18:28.296961
4039,Thomas Group,E-Commerce,Germany,Organic,2025-11-11,15,2026-07-25 00:18:28.297196
4040,"Phillips, Jackson and Duncan",Retail,Australia,Social Media,2025-08-19,20,2026-07-25 00:18:28.297713
4041,"Cross, Russell and Moore",Logistics,India,Paid Ads,2025-11-06,14,2026-07-25 00:18:28.298315
4042,Avila-Anderson,E-Commerce,Canada,Partner,2024-01-13,6,2026-07-25 00:18:28.298683
4043,Lewis-Collins,Manufacturing,Australia,Partner,2025-03-31,17,2026-07-25 00:18:28.299033
4044,Murray Inc,Education,Singapore,Paid Ads,2024-01-27,9,2026-07-25 00:18:28.299441
4045,Dougherty-Welch,Consulting,USA,Paid Ads,2024-08-29,9,2026-07-25 00:18:28.299930
4046,Shah-Brooks,Consulting,Australia,Paid Ads,2023-09-01,15,2026-07-25 00:18:28.300313
4047,Lopez and Sons,Finance,United Kingdom,Referral,2024-03-27,16,2026-07-25 00:18:28.300531
4048,Morgan-Vega,SaaS,Canada,Outbound Sales,2025-11-15,16,2026-07-25 00:18:28.300884
4049,Chung Ltd,Logistics,USA,Referral,2024-04-01,3,2026-07-25 00:18:28.301099
4050,"Miller, Bennett and Jenkins",Marketing,Singapore,Paid Ads,2023-02-06,4,2026-07-25 00:18:28.301597
4051,Palmer-Choi,Logistics,Canada,Social Media,2024-03-10,18,2026-07-25 00:18:28.301989
4052,"Hendricks, Johnson and Perez",Healthcare,USA,Organic,2025-04-03,8,2026-07-25 00:18:28.302492
4053,Allen-Terry,Retail,Canada,Outbound Sales,2023-06-19,10,2026-07-25 00:18:28.302838
4054,Greer LLC,Manufacturing,United Kingdom,Outbound Sales,2025-03-16,16,2026-07-25 00:18:28.303046
4055,"Compton, Owens and Decker",Finance,Singapore,Paid Ads,2024-05-30,20,2026-07-25 00:18:28.303512
4056,"Watts, Johnson and Mcdaniel",Retail,Australia,Social Media,2023-04-06,5,2026-07-25 00:18:28.303968
4057,Allen-Hendricks,Manufacturing,USA,Referral,2023-03-31,13,2026-07-25 00:18:28.304259
4058,Lee-Fox,Healthcare,United Kingdom,Referral,2023-11-21,20,2026-07-25 00:18:28.304539
4059,Stephenson-Martinez,Healthcare,Canada,Outbound Sales,2025-07-01,16,2026-07-25 00:18:28.304819
4060,Shaffer Inc,E-Commerce,United Kingdom,Partner,2023-12-11,9,2026-07-25 00:18:28.304994
4061,"Greene, Fox and Griffith",Retail,Canada,Partner,2023-05-27,10,2026-07-25 00:18:28.305357
4062,"Williams, Cantrell and Allen",Manufacturing,USA,Paid Ads,2023-07-12,11,2026-07-25 00:18:28.305725
4063,"Shelton, Vasquez and Taylor",Manufacturing,United Kingdom,Social Media,2023-05-23,11,2026-07-25 00:18:28.306109
4064,Key-Williams,Logistics,Canada,Partner,2025-09-27,19,2026-07-25 00:18:28.306369
4065,Cummings Inc,Marketing,United Kingdom,Partner,2024-09-23,1,2026-07-25 00:18:28.306522
4066,"Crawford, Nixon and Esparza",Marketing,India,Partner,2025-08-08,12,2026-07-25 00:18:28.306880
4067,Yu-Garrison,Healthcare,Germany,Paid Ads,2023-05-29,1,2026-07-25 00:18:28.307136
4068,"Shields, Snow and Smith",Retail,USA,Social Media,2025-05-08,9,2026-07-25 00:18:28.307494
4069,Hoover Inc,Education,United Kingdom,Paid Ads,2023-10-15,1,2026-07-25 00:18:28.307647
4070,Cook Group,Manufacturing,Germany,Partner,2025-06-29,11,2026-07-25 00:18:28.307818
4071,"Anderson, Harper and Glass",Consulting,Australia,Social Media,2023-06-24,7,2026-07-25 00:18:28.308507
4072,"Bennett, Kennedy and Warner",Retail,Australia,Outbound Sales,2024-01-15,15,2026-07-25 00:18:28.308921
4073,"Campbell, Werner and Wilson",Education,India,Organic,2024-02-14,8,2026-07-25 00:18:28.309302
4074,Khan Ltd,Healthcare,Canada,Social Media,2024-10-07,16,2026-07-25 00:18:28.309464
4075,Richardson-Conner,E-Commerce,Germany,Organic,2023-11-28,13,2026-07-25 00:18:28.309773
4076,Jones PLC,Logistics,USA,Paid Ads,2023-07-28,20,2026-07-25 00:18:28.309948
4077,Pitts Ltd,E-Commerce,Germany,Organic,2023-04-21,4,2026-07-25 00:18:28.310111
4078,Rodriguez-Carter,SaaS,Singapore,Paid Ads,2025-06-12,9,2026-07-25 00:18:28.310364
4079,Moreno-Cooper,Consulting,Canada,Partner,2023-12-26,10,2026-07-25 00:18:28.310617
4080,"Taylor, Shea and Lee",Finance,Germany,Referral,2023-02-10,3,2026-07-25 00:18:28.310984
4081,Obrien PLC,Manufacturing,United Kingdom,Social Media,2023-09-02,14,2026-07-25 00:18:28.311170
4082,Allen LLC,Healthcare,United Kingdom,Referral,2023-08-18,19,2026-07-25 00:18:28.311355
4083,Barnes-Davis,Education,Australia,Referral,2024-06-04,18,2026-07-25 00:18:28.311612
4084,"Reese, Cross and Anderson",Finance,Germany,Referral,2023-02-26,11,2026-07-25 00:18:28.312006
4085,Shepard-Williams,E-Commerce,Australia,Social Media,2025-04-12,9,2026-07-25 00:18:28.312267
4086,"Smith, Conner and Young",Consulting,Australia,Paid Ads,2024-07-23,1,2026-07-25 00:18:28.312626
4087,Graham-Gibbs,Healthcare,United Kingdom,Organic,2024-09-06,11,2026-07-25 00:18:28.312882
4088,"Steele, Wilson and Anderson",Manufacturing,United Kingdom,Partner,2023-03-14,7,2026-07-25 00:18:28.313299
4089,Acevedo Inc,Healthcare,Canada,Partner,2023-01-28,8,2026-07-25 00:18:28.313468
4090,Ward Group,Logistics,Canada,Paid Ads,2025-03-19,7,2026-07-25 00:18:28.313625
4091,Meyers Inc,Education,Canada,Outbound Sales,2025-08-01,1,2026-07-25 00:18:28.313807
4092,Cohen Inc,Healthcare,India,Social Media,2024-08-23,14,2026-07-25 00:18:28.313979
4093,"Lewis, Cisneros and Saunders",Marketing,Germany,Partner,2024-05-12,2,2026-07-25 00:18:28.314289
4094,Kelly-Roth,Consulting,India,Outbound Sales,2024-01-30,12,2026-07-25 00:18:28.314508
4095,"White, Armstrong and Washington",SaaS,Australia,Partner,2025-03-01,2,2026-07-25 00:18:28.314815
4096,Hines-Schneider,Consulting,United Kingdom,Paid Ads,2025-01-23,18,2026-07-25 00:18:28.315079
4097,"Clark, Warren and Baker",Logistics,Canada,Outbound Sales,2023-08-10,11,2026-07-25 00:18:28.315396
4098,Allen PLC,Finance,Singapore,Organic,2023-03-04,19,2026-07-25 00:18:28.315529
4099,"Galloway, Deleon and Cooper",Finance,Australia,Organic,2023-01-08,18,2026-07-25 00:18:28.315854
4100,Roy-Durham,Healthcare,United Kingdom,Outbound Sales,2024-01-04,3,2026-07-25 00:18:28.316087
4101,Russell and Sons,E-Commerce,Germany,Outbound Sales,2025-04-01,7,2026-07-25 00:18:28.316231
4102,"Brooks, Ramsey and Brown",Finance,United Kingdom,Social Media,2023-12-30,14,2026-07-25 00:18:28.316537
4103,Hayes-Benson,Education,Germany,Partner,2025-11-02,5,2026-07-25 00:18:28.316755
4104,Romero PLC,Manufacturing,India,Referral,2025-07-29,19,2026-07-25 00:18:28.316892
4105,"Brown, Roberts and Andrews",Manufacturing,Germany,Outbound Sales,2025-06-21,14,2026-07-25 00:18:28.317202
4106,"Cowan, Braun and Aguilar",SaaS,Germany,Outbound Sales,2023-01-25,10,2026-07-25 00:18:28.317505
4107,Avila-Mccarthy,SaaS,Australia,Partner,2023-09-15,1,2026-07-25 00:18:28.317718
4108,"Fisher, Weber and Morton",SaaS,USA,Paid Ads,2025-08-27,14,2026-07-25 00:18:28.318063
4109,Greer-May,Healthcare,Canada,Referral,2025-10-17,19,2026-07-25 00:18:28.318283
4110,"Blair, Gregory and Zavala",Manufacturing,Australia,Partner,2025-07-21,7,2026-07-25 00:18:28.318584
4111,Small LLC,E-Commerce,Canada,Social Media,2024-12-09,19,2026-07-25 00:18:28.318714
4112,"Bowers, Riley and Walsh",Healthcare,USA,Referral,2023-08-14,7,2026-07-25 00:18:28.319020
4113,Thomas PLC,Education,USA,Organic,2025-06-02,1,2026-07-25 00:18:28.319153
4114,Smith-Mason,Consulting,Australia,Organic,2023-06-09,5,2026-07-25 00:18:28.319362
4115,"Montgomery, Proctor and Lee",Consulting,Canada,Organic,2024-04-25,11,2026-07-25 00:18:28.319657
4116,Rodriguez and Sons,Manufacturing,USA,Social Media,2023-09-30,7,2026-07-25 00:18:28.319808
4117,Parsons Group,Retail,Canada,Referral,2024-04-02,14,2026-07-25 00:18:28.319955
4118,"Castro, Pineda and Russell",Education,USA,Referral,2024-09-19,12,2026-07-25 00:18:28.320251
4119,Branch Group,SaaS,USA,Partner,2025-12-22,4,2026-07-25 00:18:28.320381
4120,Bowman-Bryant,Marketing,India,Partner,2023-08-29,7,2026-07-25 00:18:28.320591
4121,May and Sons,Marketing,India,Partner,2024-10-10,15,2026-07-25 00:18:28.320720
4122,Hoffman-Vang,Marketing,USA,Referral,2023-12-02,13,2026-07-25 00:18:28.320931
4123,"Lawson, Nguyen and Bates",E-Commerce,United Kingdom,Organic,2023-12-21,3,2026-07-25 00:18:28.321228
4124,"Sanchez, Dodson and Taylor",Healthcare,Australia,Outbound Sales,2024-07-16,17,2026-07-25 00:18:28.321523
4125,Huff LLC,Finance,USA,Referral,2025-05-21,4,2026-07-25 00:18:28.321652
4126,Choi-Clay,Logistics,Singapore,Outbound Sales,2023-01-05,12,2026-07-25 00:18:28.321923
4127,Barrera PLC,Manufacturing,Germany,Referral,2023-07-03,7,2026-07-25 00:18:28.322063
4128,Peterson-Dunn,Finance,United Kingdom,Outbound Sales,2025-08-05,12,2026-07-25 00:18:28.322271
4129,Garza-Howard,Logistics,Canada,Outbound Sales,2023-08-17,4,2026-07-25 00:18:28.322478
4130,Hamilton LLC,Logistics,India,Organic,2025-11-16,13,2026-07-25 00:18:28.322605
4131,"Reyes, Gray and Russell",Marketing,Germany,Organic,2023-05-26,12,2026-07-25 00:18:28.322899
4132,Smith Group,Manufacturing,Canada,Organic,2023-04-24,14,2026-07-25 00:18:28.323034
4133,Powers Ltd,Education,USA,Social Media,2024-10-23,3,2026-07-25 00:18:28.323161
4134,Aguirre LLC,Marketing,Germany,Organic,2023-08-15,9,2026-07-25 00:18:28.323286
4135,Hooper-Christensen,Manufacturing,India,Referral,2025-06-06,8,2026-07-25 00:18:28.323490
4136,Waters Group,Healthcare,Australia,Organic,2024-01-27,5,2026-07-25 00:18:28.323616
4137,Allen LLC,Consulting,USA,Referral,2025-04-21,16,2026-07-25 00:18:28.323741
4138,Garrett-Williams,SaaS,India,Outbound Sales,2025-03-01,7,2026-07-25 00:18:28.324058
4139,Mendoza and Sons,Education,Canada,Outbound Sales,2023-02-15,14,2026-07-25 00:18:28.324356
4140,Contreras PLC,Healthcare,Germany,Referral,2023-01-02,6,2026-07-25 00:18:28.324492
4141,"Myers, Mcclure and Brown",Consulting,USA,Social Media,2024-11-05,6,2026-07-25 00:18:28.324785
4142,Bass Group,Manufacturing,India,Referral,2023-03-27,1,2026-07-25 00:18:28.324922
4143,Jones Ltd,Logistics,USA,Paid Ads,2025-02-21,13,2026-07-25 00:18:28.325057
4144,"Rogers, Montes and Dickerson",Manufacturing,United Kingdom,Paid Ads,2023-10-28,20,2026-07-25 00:18:28.325346
4145,Brooks Inc,Manufacturing,India,Organic,2023-03-16,11,2026-07-25 00:18:28.325474
4146,"Ramirez, Carter and Obrien",SaaS,Germany,Organic,2025-08-08,5,2026-07-25 00:18:28.325763
4147,Chavez and Sons,Marketing,India,Outbound Sales,2024-05-14,13,2026-07-25 00:18:28.325923
4148,"Gonzalez, Aguilar and Ramos",E-Commerce,Singapore,Outbound Sales,2025-09-04,6,2026-07-25 00:18:28.326218
4149,"Thomas, Blair and Walker",Healthcare,India,Organic,2024-09-30,12,2026-07-25 00:18:28.326504
4150,Smith-Simpson,Retail,India,Partner,2024-03-10,3,2026-07-25 00:18:28.326705
4151,"Campbell, Martin and Klein",Finance,Germany,Partner,2024-11-18,14,2026-07-25 00:18:28.326997
4152,Barber Group,Consulting,Germany,Referral,2024-11-28,20,2026-07-25 00:18:28.327125
4153,Carlson LLC,SaaS,Canada,Partner,2025-11-08,16,2026-07-25 00:18:28.327249
4154,"Lindsey, Reese and Vasquez",Education,USA,Paid Ads,2023-01-31,18,2026-07-25 00:18:28.327533
4155,Livingston-Leblanc,Manufacturing,Australia,Social Media,2025-08-29,4,2026-07-25 00:18:28.327735
4156,"Lyons, Guzman and Hammond",Logistics,Germany,Social Media,2023-09-08,19,2026-07-25 00:18:28.328092
4157,Sanders PLC,Retail,USA,Referral,2024-02-14,17,2026-07-25 00:18:28.328224
4158,"Baker, Waller and Gonzalez",Healthcare,United Kingdom,Referral,2025-11-14,8,2026-07-25 00:18:28.328508
4159,Davis and Sons,Finance,Singapore,Organic,2024-12-06,13,2026-07-25 00:18:28.328634
4160,Espinoza-Jackson,Education,Australia,Organic,2024-05-03,8,2026-07-25 00:18:28.328837
4161,Rodriguez-Stephens,Retail,Canada,Referral,2024-06-19,10,2026-07-25 00:18:28.329047
4162,Smith-Atkinson,Manufacturing,Singapore,Partner,2023-05-03,19,2026-07-25 00:18:28.329252
4163,"Garcia, Morrison and Smith",Consulting,Australia,Outbound Sales,2023-09-13,9,2026-07-25 00:18:28.329534
4164,Christensen and Sons,Healthcare,Canada,Partner,2023-06-24,12,2026-07-25 00:18:28.329658
4165,"Stewart, Mcdonald and Payne",Healthcare,Australia,Social Media,2025-03-08,2,2026-07-25 00:18:28.329971
4166,Martinez-Robinson,Marketing,Singapore,Organic,2024-06-19,7,2026-07-25 00:18:28.330181
4167,"Gardner, Parker and Watkins",Healthcare,India,Referral,2023-04-26,2,2026-07-25 00:18:28.330464
4168,"Morris, Thomas and Foster",Retail,USA,Partner,2023-09-20,11,2026-07-25 00:18:28.330747
4169,Dudley Inc,SaaS,Australia,Partner,2025-03-03,16,2026-07-25 00:18:28.330870
4170,Mitchell-Brown,Manufacturing,USA,Social Media,2024-10-31,19,2026-07-25 00:18:28.331081
4171,Fleming Inc,Marketing,Germany,Referral,2024-12-02,15,2026-07-25 00:18:28.331208
4172,Ferguson-Pennington,E-Commerce,Canada,Outbound Sales,2024-09-10,15,2026-07-25 00:18:28.331408
4173,"Gibbs, Contreras and Jackson",Finance,Singapore,Paid Ads,2024-12-20,17,2026-07-25 00:18:28.331691
4174,Smith and Sons,Manufacturing,Canada,Referral,2023-10-17,9,2026-07-25 00:18:28.331864
4175,Humphrey PLC,Manufacturing,United Kingdom,Partner,2025-09-19,18,2026-07-25 00:18:28.332006
4176,Garcia and Sons,Logistics,Singapore,Organic,2025-04-13,11,2026-07-25 00:18:28.332133
4177,"Arias, Barnes and Armstrong",Consulting,Canada,Organic,2024-02-10,12,2026-07-25 00:18:28.332417
4178,"Gallegos, Mueller and Mcdaniel",Marketing,Singapore,Organic,2024-06-12,18,2026-07-25 00:18:28.332700
4179,Chang and Sons,Healthcare,India,Referral,2024-11-11,15,2026-07-25 00:18:28.332828
4180,Mcdowell PLC,Finance,India,Outbound Sales,2025-04-17,10,2026-07-25 00:18:28.332963
4181,"Maldonado, Flores and Johnson",Healthcare,United Kingdom,Paid Ads,2023-10-03,10,2026-07-25 00:18:28.333257
4182,"Christensen, Moyer and Johnson",Logistics,Germany,Outbound Sales,2023-12-22,3,2026-07-25 00:18:28.333546
4183,"Stephens, Fields and Powell",Consulting,USA,Partner,2025-12-27,17,2026-07-25 00:18:28.333857
4184,Mendoza-Brown,Retail,USA,Social Media,2023-07-04,8,2026-07-25 00:18:28.334084
4185,Mccullough PLC,SaaS,USA,Social Media,2025-02-10,12,2026-07-25 00:18:28.334213
4186,Diaz Inc,Consulting,Australia,Referral,2023-08-16,19,2026-07-25 00:18:28.334338
4187,"Thomas, Hopkins and Jackson",Consulting,Australia,Organic,2024-08-07,18,2026-07-25 00:18:28.334622
4188,"Bailey, Craig and Miller",Manufacturing,Australia,Referral,2023-12-14,17,2026-07-25 00:18:28.334908
4189,"Marks, Diaz and Waters",Healthcare,Canada,Referral,2024-09-03,4,2026-07-25 00:18:28.335200
4190,Giles-Mcdaniel,Healthcare,Singapore,Social Media,2025-04-17,20,2026-07-25 00:18:28.335402
4191,"Hernandez, Jones and Curtis",Retail,United Kingdom,Social Media,2024-09-21,5,2026-07-25 00:18:28.335685
4192,Holden and Sons,Consulting,Australia,Partner,2023-09-28,7,2026-07-25 00:18:28.335827
4193,"Sanders, Bryant and Wheeler",Education,India,Partner,2024-05-23,10,2026-07-25 00:18:28.336129
4194,"Garza, Barton and Adams",Marketing,Australia,Partner,2023-03-03,16,2026-07-25 00:18:28.336421
4195,"Lynch, Roberts and Payne",Logistics,Canada,Referral,2024-10-29,10,2026-07-25 00:18:28.336707
4196,Martinez Inc,SaaS,India,Paid Ads,2023-01-26,18,2026-07-25 00:18:28.336833
4197,Bean Ltd,Education,USA,Social Media,2024-05-29,20,2026-07-25 00:18:28.336966
4198,"Wilkinson, Hamilton and Ball",E-Commerce,India,Organic,2023-12-23,14,2026-07-25 00:18:28.337255
4199,Romero-Carter,Healthcare,USA,Partner,2025-12-10,6,2026-07-25 00:18:28.337502
4200,Khan-Morgan,Retail,Germany,Referral,2023-07-21,14,2026-07-25 00:18:28.337714
4201,"Spencer, Jones and Miller",Marketing,Australia,Referral,2025-08-05,8,2026-07-25 00:18:28.338033
4202,Garrett-Romero,Manufacturing,India,Referral,2024-06-22,9,2026-07-25 00:18:28.338247
4203,"Pena, Davis and Mclean",Healthcare,Germany,Organic,2023-02-25,19,2026-07-25 00:18:28.338534
4204,"Morales, Myers and Gonzalez",Healthcare,USA,Partner,2024-01-01,5,2026-07-25 00:18:28.338820
4205,Johnson PLC,Education,United Kingdom,Paid Ads,2025-10-17,1,2026-07-25 00:18:28.338954
4206,James-Miller,Finance,Australia,Paid Ads,2024-12-03,17,2026-07-25 00:18:28.339159
4207,Ball Ltd,Finance,United Kingdom,Social Media,2025-08-11,20,2026-07-25 00:18:28.339286
4208,Bishop-Vasquez,Logistics,USA,Social Media,2024-12-17,15,2026-07-25 00:18:28.339488
4209,Vincent PLC,Education,United Kingdom,Organic,2025-04-21,18,2026-07-25 00:18:28.339613
4210,"Crawford, Bruce and Hood",E-Commerce,Germany,Referral,2024-11-09,3,2026-07-25 00:18:28.339920
4211,Black-Gonzalez,Manufacturing,Canada,Organic,2023-07-21,13,2026-07-25 00:18:28.340437
4212,"Patel, Maldonado and Smith",Education,India,Social Media,2023-03-01,15,2026-07-25 00:18:28.340930
4213,Fleming and Sons,Marketing,Australia,Referral,2025-09-26,16,2026-07-25 00:18:28.341125
4214,Dominguez Inc,Education,USA,Outbound Sales,2024-07-26,4,2026-07-25 00:18:28.341318
4215,Campos-Price,Finance,Singapore,Outbound Sales,2025-10-27,20,2026-07-25 00:18:28.341637
4216,Jennings-Carroll,Manufacturing,USA,Social Media,2025-08-20,16,2026-07-25 00:18:28.341989
4217,"Martinez, Ramirez and Weaver",Marketing,Germany,Organic,2023-02-17,4,2026-07-25 00:18:28.342452
4218,Adams-White,Education,United Kingdom,Social Media,2024-06-16,9,2026-07-25 00:18:28.342772
4219,Murray-Long,Education,Singapore,Outbound Sales,2025-03-24,11,2026-07-25 00:18:28.343149
4220,Serrano-Carr,Marketing,Singapore,Paid Ads,2023-08-07,12,2026-07-25 00:18:28.343473
4221,"Wright, Lynn and Sutton",Finance,India,Organic,2023-10-16,16,2026-07-25 00:18:28.343951
4222,Clarke-Greer,Retail,Australia,Partner,2025-06-13,8,2026-07-25 00:18:28.344278
4223,Payne PLC,E-Commerce,Germany,Social Media,2023-12-12,9,2026-07-25 00:18:28.344469
4224,Sullivan-Green,Finance,United Kingdom,Social Media,2023-06-10,16,2026-07-25 00:18:28.344783
4225,"Moon, Lopez and Juarez",Consulting,Australia,Outbound Sales,2025-11-29,13,2026-07-25 00:18:28.345232
4226,Sloan LLC,E-Commerce,Australia,Social Media,2025-01-20,13,2026-07-25 00:18:28.345429
4227,Schmitt and Sons,SaaS,Australia,Organic,2024-08-27,19,2026-07-25 00:18:28.345654
4228,"Walker, Neal and Cooper",Finance,Australia,Organic,2024-09-19,4,2026-07-25 00:18:28.346189
4229,"Wood, Walker and Esparza",Retail,Canada,Outbound Sales,2025-08-02,20,2026-07-25 00:18:28.346677
4230,Castro Group,Marketing,United Kingdom,Partner,2025-02-22,2,2026-07-25 00:18:28.346886
4231,Johnson-Brewer,Manufacturing,Singapore,Partner,2024-07-27,15,2026-07-25 00:18:28.347244
4232,Huber-Herring,E-Commerce,United Kingdom,Outbound Sales,2025-03-17,2,2026-07-25 00:18:28.347603
4233,Smith-Flores,Marketing,United Kingdom,Social Media,2025-05-17,14,2026-07-25 00:18:28.347992
4234,"Mitchell, Green and Smith",SaaS,USA,Outbound Sales,2025-01-27,6,2026-07-25 00:18:28.348524
4235,"Hanson, Rich and English",SaaS,Singapore,Paid Ads,2024-04-21,4,2026-07-25 00:18:28.349080
4236,House Inc,Education,Germany,Organic,2025-06-15,15,2026-07-25 00:18:28.349349
4237,"Washington, Williams and Boyd",Education,Canada,Social Media,2025-01-17,12,2026-07-25 00:18:28.349960
4238,Perkins-Adams,Manufacturing,USA,Paid Ads,2025-12-30,15,2026-07-25 00:18:28.350305
4239,Roberson and Sons,SaaS,Canada,Partner,2023-02-28,9,2026-07-25 00:18:28.350492
4240,Davis-Carter,Healthcare,USA,Outbound Sales,2024-09-04,18,2026-07-25 00:18:28.350797
4241,Carey-Harris,Manufacturing,Singapore,Partner,2023-06-17,12,2026-07-25 00:18:28.351105
4242,"Thompson, Harvey and Lewis",Healthcare,United Kingdom,Partner,2023-12-03,3,2026-07-25 00:18:28.351551
4243,Luna-Sampson,Manufacturing,Canada,Outbound Sales,2024-10-13,18,2026-07-25 00:18:28.351845
4244,Lindsey Group,Retail,Canada,Paid Ads,2023-06-01,4,2026-07-25 00:18:28.352019
4245,Smith PLC,Finance,Singapore,Partner,2024-05-07,11,2026-07-25 00:18:28.352183
4246,Terry Ltd,E-Commerce,Germany,Social Media,2024-02-17,6,2026-07-25 00:18:28.352346
4247,Clements-Sparks,Marketing,USA,Paid Ads,2023-06-19,16,2026-07-25 00:18:28.352616
4248,Thompson-Reyes,Manufacturing,Canada,Partner,2023-02-24,12,2026-07-25 00:18:28.352889
4249,Horton PLC,Healthcare,USA,Paid Ads,2025-04-02,1,2026-07-25 00:18:28.353060
4250,"Brown, Oconnor and Anderson",Finance,USA,Outbound Sales,2025-01-04,10,2026-07-25 00:18:28.353420
4251,Nelson and Sons,Consulting,Singapore,Social Media,2025-01-12,18,2026-07-25 00:18:28.353607
4252,"Rose, Gates and Bailey",Education,United Kingdom,Outbound Sales,2024-01-01,18,2026-07-25 00:18:28.353988
4253,Mcconnell PLC,Healthcare,Germany,Outbound Sales,2023-09-10,3,2026-07-25 00:18:28.354148
4254,Brown-Nguyen,Retail,India,Organic,2024-10-27,20,2026-07-25 00:18:28.354403
4255,"Perry, Webster and Ryan",Marketing,United Kingdom,Paid Ads,2025-06-25,5,2026-07-25 00:18:28.354765
4256,Huffman-Taylor,Manufacturing,Australia,Paid Ads,2024-03-10,13,2026-07-25 00:18:28.355155
4257,"Rogers, Yang and Caldwell",Healthcare,Germany,Organic,2024-06-08,10,2026-07-25 00:18:28.355576
4258,"Morgan, Chapman and Oconnell",E-Commerce,Australia,Organic,2025-04-20,11,2026-07-25 00:18:28.355943
4259,"Skinner, Roberts and Shaw",Retail,Germany,Organic,2024-05-07,8,2026-07-25 00:18:28.356313
4260,"Lozano, Ponce and Burnett",Consulting,USA,Social Media,2024-04-18,9,2026-07-25 00:18:28.356669
4261,Johnson-Cantu,SaaS,Germany,Referral,2024-10-27,8,2026-07-25 00:18:28.356971
4262,Williams LLC,Retail,USA,Partner,2023-01-10,7,2026-07-25 00:18:28.357134
4263,"Hall, Holland and Hall",Healthcare,India,Paid Ads,2024-08-01,8,2026-07-25 00:18:28.357487
4264,Day Inc,SaaS,United Kingdom,Outbound Sales,2024-01-03,16,2026-07-25 00:18:28.357643
4265,Jones-Smith,Logistics,Germany,Outbound Sales,2024-05-21,18,2026-07-25 00:18:28.357892
4266,Johnson-Harris,E-Commerce,USA,Partner,2024-06-12,6,2026-07-25 00:18:28.358203
4267,Peters-White,Consulting,Australia,Partner,2025-09-10,19,2026-07-25 00:18:28.358463
4268,Turner-Rosales,Marketing,Singapore,Paid Ads,2023-06-05,12,2026-07-25 00:18:28.358733
4269,"Reyes, Willis and Carney",Education,Germany,Paid Ads,2025-03-26,12,2026-07-25 00:18:28.359114
4270,Porter Ltd,Retail,Canada,Outbound Sales,2025-02-01,12,2026-07-25 00:18:28.359306
4271,Cole-Walsh,Finance,Singapore,Referral,2023-12-11,11,2026-07-25 00:18:28.359560
4272,"Herring, Day and Hernandez",Retail,United Kingdom,Outbound Sales,2024-11-16,19,2026-07-25 00:18:28.359916
4273,Diaz PLC,Healthcare,India,Outbound Sales,2023-01-10,16,2026-07-25 00:18:28.360084
4274,Calhoun LLC,Consulting,Canada,Organic,2025-12-29,20,2026-07-25 00:18:28.360241
4275,Fox and Sons,Retail,Singapore,Paid Ads,2023-11-21,18,2026-07-25 00:18:28.360399
4276,Mclaughlin and Sons,Retail,Germany,Paid Ads,2025-04-24,19,2026-07-25 00:18:28.360564
4277,Gonzalez and Sons,SaaS,Germany,Outbound Sales,2023-04-08,15,2026-07-25 00:18:28.360749
4278,Sims PLC,Logistics,Australia,Partner,2025-09-29,3,2026-07-25 00:18:28.360926
4279,Bennett Inc,Healthcare,India,Outbound Sales,2023-05-24,15,2026-07-25 00:18:28.361101
4280,"Sanchez, Baker and Moore",Consulting,Singapore,Organic,2023-05-20,12,2026-07-25 00:18:28.361477
4281,Cooper-Patel,Logistics,United Kingdom,Social Media,2025-05-08,5,2026-07-25 00:18:28.361744
4282,Stone-Miller,Finance,Singapore,Paid Ads,2025-01-02,3,2026-07-25 00:18:28.362038
4283,Buchanan LLC,Education,Australia,Paid Ads,2024-12-09,1,2026-07-25 00:18:28.362220
4284,Flores-Francis,E-Commerce,Germany,Partner,2025-01-15,5,2026-07-25 00:18:28.362511
4285,"Burton, Webb and Gray",Marketing,USA,Social Media,2024-07-18,15,2026-07-25 00:18:28.362952
4286,Nguyen PLC,Education,Australia,Social Media,2025-06-06,10,2026-07-25 00:18:28.363142
4287,"Velasquez, Bond and Harmon",Manufacturing,USA,Outbound Sales,2023-05-21,17,2026-07-25 00:18:28.363566
4288,"Spencer, Blair and Long",Marketing,USA,Outbound Sales,2024-08-17,19,2026-07-25 00:18:28.363928
4289,Higgins Inc,Manufacturing,United Kingdom,Organic,2025-05-03,20,2026-07-25 00:18:28.364094
4290,Thompson-Bryant,SaaS,Singapore,Paid Ads,2025-09-29,19,2026-07-25 00:18:28.364375
4291,Ramos Ltd,Finance,United Kingdom,Organic,2023-12-01,20,2026-07-25 00:18:28.364533
4292,"Rios, Levy and Frye",Finance,Australia,Partner,2023-12-04,6,2026-07-25 00:18:28.364915
4293,White-Moore,Retail,USA,Outbound Sales,2023-02-15,6,2026-07-25 00:18:28.365191
4294,"Lewis, Jenkins and Jackson",Healthcare,India,Social Media,2025-05-30,16,2026-07-25 00:18:28.365527
4295,"Simmons, Murphy and Nash",Finance,Canada,Organic,2023-06-06,4,2026-07-25 00:18:28.365863
4296,"Turner, Tran and Thomas",Marketing,Australia,Social Media,2023-04-28,13,2026-07-25 00:18:28.366212
4297,Valdez-Park,Marketing,Germany,Social Media,2023-09-16,16,2026-07-25 00:18:28.366466
4298,"Foley, Fernandez and Flores",Healthcare,United Kingdom,Paid Ads,2024-01-15,6,2026-07-25 00:18:28.366828
4299,Butler-Burns,Finance,Canada,Paid Ads,2024-04-23,6,2026-07-25 00:18:28.367065
4300,Mclaughlin-Khan,Marketing,Canada,Partner,2025-09-28,3,2026-07-25 00:18:28.367284
4301,Morton LLC,Healthcare,Canada,Partner,2023-12-06,7,2026-07-25 00:18:28.367417
4302,Duncan LLC,Retail,Canada,Social Media,2024-01-19,3,2026-07-25 00:18:28.367548
4303,"Cochran, Hampton and Carr",Manufacturing,Germany,Organic,2024-01-30,17,2026-07-25 00:18:28.367850
4304,Barry PLC,Education,India,Outbound Sales,2023-06-30,2,2026-07-25 00:18:28.368002
4305,Smith-Duncan,Consulting,India,Social Media,2025-06-23,12,2026-07-25 00:18:28.368205
4306,Martin LLC,Finance,USA,Organic,2024-11-14,17,2026-07-25 00:18:28.368329
4307,"Santana, Mcdonald and Rose",SaaS,India,Paid Ads,2024-01-18,13,2026-07-25 00:18:28.368610
4308,"Rodriguez, Henry and Woodard",Education,India,Outbound Sales,2025-02-12,19,2026-07-25 00:18:28.368913
4309,Riley PLC,Manufacturing,United Kingdom,Organic,2024-05-22,6,2026-07-25 00:18:28.369073
4310,Anderson Inc,Retail,Singapore,Outbound Sales,2025-03-17,16,2026-07-25 00:18:28.369198
4311,Taylor LLC,Healthcare,Australia,Referral,2025-11-14,12,2026-07-25 00:18:28.369322
4312,"Gibbs, Roy and Kelley",Finance,United Kingdom,Social Media,2024-09-08,5,2026-07-25 00:18:28.369602
4313,Ware LLC,E-Commerce,Canada,Outbound Sales,2023-09-27,6,2026-07-25 00:18:28.369726
4314,Obrien-Case,Logistics,Singapore,Referral,2025-05-10,17,2026-07-25 00:18:28.369934
4315,"Gordon, Boyer and Gonzales",Healthcare,United Kingdom,Partner,2024-12-24,1,2026-07-25 00:18:28.370828
4316,Steele Ltd,E-Commerce,India,Outbound Sales,2025-11-27,4,2026-07-25 00:18:28.371277
4317,"Robertson, Lopez and Walsh",Education,Canada,Organic,2024-08-01,12,2026-07-25 00:18:28.371992
4318,Lindsey Inc,Healthcare,Australia,Outbound Sales,2024-09-04,6,2026-07-25 00:18:28.372251
4319,Ramirez LLC,Finance,Germany,Referral,2023-11-10,20,2026-07-25 00:18:28.372442
4320,Brewer-Briggs,Healthcare,Australia,Paid Ads,2024-01-03,15,2026-07-25 00:18:28.372755
4321,Rodriguez-Jones,Consulting,United Kingdom,Partner,2025-06-10,15,2026-07-25 00:18:28.373220
4322,Wiggins PLC,Finance,Singapore,Outbound Sales,2023-09-11,3,2026-07-25 00:18:28.373450
4323,Maxwell Ltd,Manufacturing,USA,Paid Ads,2023-05-26,5,2026-07-25 00:18:28.373644
4324,Maxwell Ltd,Retail,United Kingdom,Partner,2025-06-15,7,2026-07-25 00:18:28.373882
4325,"Bailey, Johnson and Turner",Marketing,India,Paid Ads,2025-06-30,2,2026-07-25 00:18:28.374286
4326,Valdez-Moss,Logistics,United Kingdom,Social Media,2025-01-12,19,2026-07-25 00:18:28.374551
4327,Salazar and Sons,Finance,United Kingdom,Outbound Sales,2023-10-27,3,2026-07-25 00:18:28.374714
4328,"Perry, Harrison and Clark",Manufacturing,Australia,Outbound Sales,2023-01-08,19,2026-07-25 00:18:28.375090
4329,Davis-Ponce,Consulting,Australia,Partner,2025-07-10,18,2026-07-25 00:18:28.375355
4330,Williams-Hernandez,Retail,Canada,Paid Ads,2023-08-14,5,2026-07-25 00:18:28.375713
4331,Clark Inc,Logistics,United Kingdom,Referral,2023-08-24,10,2026-07-25 00:18:28.375936
4332,"Choi, Ortiz and Goodwin",Marketing,Germany,Partner,2025-12-02,13,2026-07-25 00:18:28.376343
4333,Wilson Ltd,Finance,Germany,Organic,2023-08-05,16,2026-07-25 00:18:28.376510
4334,Wilson Group,Finance,Canada,Outbound Sales,2025-11-12,16,2026-07-25 00:18:28.376735
4335,Anderson and Sons,E-Commerce,Germany,Paid Ads,2024-09-17,16,2026-07-25 00:18:28.376913
4336,Williamson Inc,Education,United Kingdom,Social Media,2023-03-07,2,2026-07-25 00:18:28.377075
4337,Sharp Ltd,Consulting,United Kingdom,Organic,2024-11-24,7,2026-07-25 00:18:28.377232
4338,Randolph-Gonzalez,Finance,Canada,Outbound Sales,2025-04-02,19,2026-07-25 00:18:28.377491
4339,"Blair, Johnson and Armstrong",Consulting,USA,Social Media,2025-08-25,11,2026-07-25 00:18:28.377881
4340,Rogers-Herrera,SaaS,Australia,Organic,2024-11-01,2,2026-07-25 00:18:28.378153
4341,Gibson Ltd,Education,Germany,Referral,2025-10-22,12,2026-07-25 00:18:28.378310
4342,"Garcia, Duran and Campbell",Consulting,India,Social Media,2024-04-13,14,2026-07-25 00:18:28.378667
4343,Mitchell PLC,Consulting,Australia,Referral,2023-06-06,17,2026-07-25 00:18:28.378826
4344,Garrett-Taylor,Manufacturing,Singapore,Social Media,2025-11-27,2,2026-07-25 00:18:28.379078
4345,Ray LLC,Retail,India,Partner,2024-06-07,6,2026-07-25 00:18:28.379234
4346,Carlson Group,Retail,Singapore,Paid Ads,2023-07-29,3,2026-07-25 00:18:28.379389
4347,Larsen PLC,Retail,Germany,Referral,2023-07-20,19,2026-07-25 00:18:28.379598
4348,"Bradford, Vang and Bell",E-Commerce,India,Organic,2023-10-28,13,2026-07-25 00:18:28.380207
4349,Cochran Ltd,Retail,Singapore,Organic,2024-08-14,10,2026-07-25 00:18:28.380732
4350,Trujillo and Sons,SaaS,USA,Social Media,2025-10-14,11,2026-07-25 00:18:28.386027
4351,"Carlson, Anderson and Neal",Healthcare,Germany,Referral,2025-11-02,12,2026-07-25 00:18:28.389421
4352,Frank and Sons,Marketing,India,Referral,2025-02-10,5,2026-07-25 00:18:28.389779
4353,Thomas and Sons,E-Commerce,USA,Outbound Sales,2024-12-05,9,2026-07-25 00:18:28.390100
4354,Dunn-Fernandez,Marketing,Singapore,Outbound Sales,2024-10-20,10,2026-07-25 00:18:28.390690
4355,Farmer-Anderson,Retail,Singapore,Social Media,2024-08-24,9,2026-07-25 00:18:28.391179
4356,David-Beasley,Marketing,Singapore,Organic,2023-02-12,14,2026-07-25 00:18:28.391652
4357,Thomas Group,Marketing,Germany,Paid Ads,2023-08-31,7,2026-07-25 00:18:28.391944
4358,Martinez-Mendez,Logistics,Canada,Outbound Sales,2023-03-25,1,2026-07-25 00:18:28.392459
4359,Grant LLC,Marketing,India,Social Media,2025-01-14,15,2026-07-25 00:18:28.392765
4360,George Inc,Healthcare,Singapore,Social Media,2023-04-04,8,2026-07-25 00:18:28.393047
4361,"Griffith, Miller and Simmons",Finance,Singapore,Organic,2024-11-19,4,2026-07-25 00:18:28.393846
4362,Gutierrez and Sons,Healthcare,United Kingdom,Partner,2025-07-06,3,2026-07-25 00:18:28.394293
4363,Schmidt-Landry,Healthcare,Australia,Paid Ads,2023-07-16,6,2026-07-25 00:18:28.394799
4364,Flores-Benton,Education,Singapore,Social Media,2023-06-16,13,2026-07-25 00:18:28.395288
4365,"Welch, Smith and Haynes",Education,Australia,Paid Ads,2023-09-04,10,2026-07-25 00:18:28.395936
4366,Wright Inc,E-Commerce,Canada,Organic,2024-03-19,4,2026-07-25 00:18:28.397865
4367,"Cox, Stein and Frye",Marketing,United Kingdom,Referral,2023-01-27,3,2026-07-25 00:18:28.398586
4368,"Hayes, Henderson and Buchanan",Consulting,United Kingdom,Partner,2025-05-26,7,2026-07-25 00:18:28.399225
4369,Wood PLC,Healthcare,Australia,Organic,2025-08-25,16,2026-07-25 00:18:28.399502
4370,Watson-Coleman,Logistics,India,Organic,2025-11-17,8,2026-07-25 00:18:28.399938
4371,King Inc,SaaS,United Kingdom,Partner,2023-09-25,6,2026-07-25 00:18:28.400202
4372,Murray-Smith,Finance,United Kingdom,Social Media,2023-08-01,3,2026-07-25 00:18:28.400604
4373,"Brown, Wilson and Bowers",Retail,Germany,Outbound Sales,2023-03-10,12,2026-07-25 00:18:28.401371
4374,Clark Ltd,Logistics,Singapore,Referral,2023-07-10,15,2026-07-25 00:18:28.401795
4375,"Hall, Cole and Hill",E-Commerce,United Kingdom,Organic,2024-10-02,17,2026-07-25 00:18:28.403563
4376,Martin-Black,Retail,United Kingdom,Referral,2023-05-20,11,2026-07-25 00:18:28.404308
4377,Black Ltd,SaaS,Australia,Organic,2025-04-25,5,2026-07-25 00:18:28.404634
4378,West-Hernandez,Manufacturing,United Kingdom,Paid Ads,2025-11-07,6,2026-07-25 00:18:28.405052
4379,"Rodriguez, Cooper and Brown",Manufacturing,Germany,Referral,2023-02-17,2,2026-07-25 00:18:28.405654
4380,Romero Group,Marketing,Germany,Referral,2023-05-12,10,2026-07-25 00:18:28.406013
4381,Wright Group,Consulting,India,Referral,2024-12-04,6,2026-07-25 00:18:28.406284
4382,Miller-Williams,Retail,Canada,Social Media,2023-12-23,15,2026-07-25 00:18:28.407331
4383,Booker-Finley,SaaS,United Kingdom,Partner,2024-03-22,3,2026-07-25 00:18:28.417528
4384,Gonzalez-Morales,Retail,Australia,Outbound Sales,2025-02-03,10,2026-07-25 00:18:28.419304
4385,"Gonzalez, Smith and Graham",Consulting,USA,Referral,2023-06-27,18,2026-07-25 00:18:28.419896
4386,"Villarreal, Rhodes and Griffin",Manufacturing,India,Organic,2024-06-26,3,2026-07-25 00:18:28.420525
4387,Carlson-Crawford,Marketing,Australia,Outbound Sales,2025-12-28,1,2026-07-25 00:18:28.421311
4388,Hoffman LLC,E-Commerce,Singapore,Referral,2023-11-14,11,2026-07-25 00:18:28.421826
4389,"Lara, Waters and Lawson",Manufacturing,India,Referral,2023-11-06,4,2026-07-25 00:18:28.422619
4390,Weeks-Massey,Retail,India,Partner,2023-09-01,1,2026-07-25 00:18:28.423701
4391,Morrow-Miller,E-Commerce,India,Partner,2024-09-03,19,2026-07-25 00:18:28.424468
4392,Warren and Sons,Finance,United Kingdom,Referral,2025-06-27,2,2026-07-25 00:18:28.425029
4393,Smith-Brown,E-Commerce,Australia,Organic,2025-12-22,1,2026-07-25 00:18:28.425694
4394,Perry-Garcia,Logistics,Australia,Social Media,2024-02-18,13,2026-07-25 00:18:28.426157
4395,"Lawrence, Fischer and Pope",Education,Singapore,Outbound Sales,2024-05-28,13,2026-07-25 00:18:28.426736
4396,Chapman-Estrada,Logistics,Singapore,Referral,2023-03-20,16,2026-07-25 00:18:28.427178
4397,Johnson-Curry,E-Commerce,Canada,Paid Ads,2023-07-13,15,2026-07-25 00:18:28.427582
4398,"Young, Tate and Arnold",Logistics,USA,Partner,2024-02-13,18,2026-07-25 00:18:28.428146
4399,"Hodge, Welch and Adams",Manufacturing,USA,Referral,2025-05-24,10,2026-07-25 00:18:28.428683
4400,Wright-Bright,Healthcare,Germany,Paid Ads,2023-01-05,6,2026-07-25 00:18:28.429101
4401,Mueller-Williams,Manufacturing,Singapore,Organic,2023-04-13,14,2026-07-25 00:18:28.429502
4402,"Shaw, Morton and Evans",Education,USA,Organic,2025-08-06,15,2026-07-25 00:18:28.430127
4403,Noble-Foster,Marketing,Singapore,Outbound Sales,2025-07-17,8,2026-07-25 00:18:28.430587
4404,"Fritz, Fowler and Wong",Marketing,USA,Social Media,2025-07-30,12,2026-07-25 00:18:28.432424
4405,Garza-Jennings,Retail,Germany,Partner,2023-11-05,14,2026-07-25 00:18:28.433263
4406,Morrison-Brady,Logistics,Singapore,Partner,2024-10-06,15,2026-07-25 00:18:28.433736
4407,Odonnell-Moses,Marketing,Germany,Paid Ads,2023-06-08,11,2026-07-25 00:18:28.434968
4408,Washington Inc,Manufacturing,Singapore,Partner,2023-08-19,5,2026-07-25 00:18:28.435442
4409,Duncan-Wright,Consulting,USA,Referral,2025-01-23,7,2026-07-25 00:18:28.436083
4410,Kim-Clark,Retail,Australia,Referral,2023-09-28,20,2026-07-25 00:18:28.436712
4411,"Santiago, Larson and Aguilar",Manufacturing,Germany,Outbound Sales,2025-12-06,14,2026-07-25 00:18:28.437477
4412,"Griffin, Smith and Dawson",Manufacturing,Singapore,Paid Ads,2023-06-26,7,2026-07-25 00:18:28.438057
4413,Stephenson Ltd,Marketing,USA,Partner,2024-02-15,4,2026-07-25 00:18:28.438302
4414,Lewis Inc,Consulting,Singapore,Partner,2023-08-05,10,2026-07-25 00:18:28.438515
4415,Weiss-Fernandez,E-Commerce,Germany,Organic,2025-03-11,7,2026-07-25 00:18:28.438882
4416,Davis Inc,Retail,Canada,Outbound Sales,2023-09-24,6,2026-07-25 00:18:28.439182
4417,"Ortega, Johnson and Pratt",Marketing,Australia,Partner,2023-09-04,6,2026-07-25 00:18:28.439814
4418,Davis-Galvan,Logistics,India,Social Media,2025-09-02,7,2026-07-25 00:18:28.440269
4419,Young Ltd,Marketing,Australia,Social Media,2025-04-27,6,2026-07-25 00:18:28.440777
4420,"Duncan, Larson and Dyer",Education,Singapore,Social Media,2025-12-26,19,2026-07-25 00:18:28.441429
4421,Lester-Merritt,Healthcare,Singapore,Partner,2025-06-27,19,2026-07-25 00:18:28.441849
4422,Estes-Simon,Retail,USA,Partner,2023-05-10,11,2026-07-25 00:18:28.442295
4423,"Garrett, Oconnell and Reilly",Logistics,USA,Social Media,2025-04-14,5,2026-07-25 00:18:28.442885
4424,Ochoa Inc,Logistics,Canada,Outbound Sales,2025-02-28,20,2026-07-25 00:18:28.443261
4425,Shannon-Torres,Consulting,Singapore,Social Media,2025-04-29,2,2026-07-25 00:18:28.443684
4426,Chang Group,Finance,United Kingdom,Organic,2023-08-03,3,2026-07-25 00:18:28.446842
4427,"Palmer, Ho and Duncan",SaaS,India,Organic,2024-07-07,11,2026-07-25 00:18:28.447524
4428,"Brooks, Randolph and Ryan",Finance,Canada,Paid Ads,2024-11-15,7,2026-07-25 00:18:28.448145
4429,Green Inc,Healthcare,USA,Paid Ads,2023-04-06,3,2026-07-25 00:18:28.448403
4430,Flores-Estrada,Manufacturing,Australia,Paid Ads,2024-10-12,19,2026-07-25 00:18:28.448772
4431,James Inc,Logistics,Germany,Paid Ads,2023-10-07,6,2026-07-25 00:18:28.449031
4432,"Powell, Duran and Contreras",Education,Canada,Organic,2024-04-10,18,2026-07-25 00:18:28.449645
4433,"Macdonald, Craig and Garza",Healthcare,USA,Referral,2023-09-03,14,2026-07-25 00:18:28.450592
4434,"Santiago, Castro and Wagner",Finance,Australia,Outbound Sales,2023-09-14,14,2026-07-25 00:18:28.452354
4435,"Goodwin, Lane and Duarte",Healthcare,Australia,Outbound Sales,2024-12-20,16,2026-07-25 00:18:28.453210
4436,"Reid, Adams and Chapman",Education,Singapore,Referral,2025-01-11,4,2026-07-25 00:18:28.453930
4437,"Wilson, Conway and Davis",Healthcare,Germany,Organic,2023-12-23,2,2026-07-25 00:18:28.454699
4438,Rodriguez-Simmons,Healthcare,Germany,Partner,2025-06-21,13,2026-07-25 00:18:28.455257
4439,"May, Thompson and Mitchell",Logistics,USA,Organic,2025-02-06,19,2026-07-25 00:18:28.455957
4440,"Grant, Cook and Bennett",Manufacturing,Germany,Outbound Sales,2025-12-09,19,2026-07-25 00:18:28.456691
4441,Carpenter-Trevino,Healthcare,Germany,Organic,2023-06-16,16,2026-07-25 00:18:28.457275
4442,"Davidson, White and Bowman",E-Commerce,Canada,Paid Ads,2025-10-20,3,2026-07-25 00:18:28.458019
4443,Miles-Campbell,Manufacturing,India,Referral,2025-07-28,5,2026-07-25 00:18:28.458643
4444,Reyes-Wright,E-Commerce,Canada,Social Media,2025-08-05,13,2026-07-25 00:18:28.459205
4445,"Patterson, Baker and Hunt",Healthcare,India,Social Media,2024-02-16,7,2026-07-25 00:18:28.459963
4446,Wallace and Sons,Manufacturing,Canada,Social Media,2023-08-24,3,2026-07-25 00:18:28.460352
4447,Garcia-Thomas,Manufacturing,Australia,Partner,2025-05-21,1,2026-07-25 00:18:28.460900
4448,"Wolf, Petersen and Russell",E-Commerce,Australia,Partner,2024-07-06,6,2026-07-25 00:18:28.461621
4449,"Martinez, Shaw and Berry",Manufacturing,United Kingdom,Paid Ads,2025-04-22,7,2026-07-25 00:18:28.462344
4450,Nichols-Patel,Consulting,Canada,Outbound Sales,2023-12-11,1,2026-07-25 00:18:28.462926
4451,Mendez Group,Logistics,Canada,Referral,2025-02-18,2,2026-07-25 00:18:28.463272
4452,Foster-Hernandez,Retail,Singapore,Paid Ads,2023-08-02,9,2026-07-25 00:18:28.463757
4453,Guzman-Jones,Logistics,Germany,Paid Ads,2025-03-29,2,2026-07-25 00:18:28.464250
4454,"Whitaker, Davis and Jones",Education,Singapore,Social Media,2023-02-04,15,2026-07-25 00:18:28.464972
4455,"Kemp, Gamble and Wright",Finance,Canada,Outbound Sales,2023-06-25,2,2026-07-25 00:18:28.465732
4456,"Bowman, Martin and Hoover",Healthcare,United Kingdom,Outbound Sales,2025-10-24,1,2026-07-25 00:18:28.467006
4457,"Russell, Hall and Alvarez",E-Commerce,India,Paid Ads,2023-11-14,13,2026-07-25 00:18:28.467617
4458,Peterson and Sons,Retail,Germany,Partner,2024-09-25,13,2026-07-25 00:18:28.467888
4459,Morris-Dixon,SaaS,Singapore,Social Media,2023-03-10,9,2026-07-25 00:18:28.468292
4460,Chan-Graves,Marketing,Canada,Paid Ads,2024-09-14,17,2026-07-25 00:18:28.468755
4461,Knox-Ramirez,Marketing,Germany,Social Media,2023-09-15,11,2026-07-25 00:18:28.469204
4462,Thomas-Martinez,Healthcare,Canada,Social Media,2024-04-14,9,2026-07-25 00:18:28.469804
4463,Stewart-Johnson,Consulting,USA,Partner,2023-06-01,10,2026-07-25 00:18:28.470315
4464,"Roberts, Johnson and Bradley",Education,India,Partner,2023-10-28,3,2026-07-25 00:18:28.470852
4465,Harrison Ltd,Manufacturing,United Kingdom,Outbound Sales,2024-09-16,4,2026-07-25 00:18:28.471145
4466,"Jones, Black and Graves",SaaS,United Kingdom,Referral,2025-01-22,4,2026-07-25 00:18:28.471683
4467,"Berry, Payne and Williams",Retail,India,Referral,2025-07-12,12,2026-07-25 00:18:28.472265
4468,"Smith, Morales and Whitaker",Finance,USA,Outbound Sales,2025-04-20,8,2026-07-25 00:18:28.472812
4469,Nelson Group,Finance,United Kingdom,Organic,2023-08-14,1,2026-07-25 00:18:28.473087
4470,Black-Carney,SaaS,Singapore,Paid Ads,2024-02-25,20,2026-07-25 00:18:28.473476
4471,Dean-Ellison,Finance,USA,Outbound Sales,2023-12-18,15,2026-07-25 00:18:28.473862
4472,Valentine-Gardner,Manufacturing,United Kingdom,Social Media,2025-08-31,4,2026-07-25 00:18:28.474269
4473,"Ryan, Ballard and Wright",E-Commerce,India,Organic,2025-08-15,5,2026-07-25 00:18:28.474804
4474,Horton-Dunn,Retail,Singapore,Organic,2025-06-22,6,2026-07-25 00:18:28.475238
4475,"James, Edwards and Stafford",Finance,Singapore,Organic,2024-04-29,1,2026-07-25 00:18:28.475782
4476,Peterson-Green,Marketing,United Kingdom,Social Media,2023-05-21,8,2026-07-25 00:18:28.476221
4477,"Williams, Martinez and Taylor",Retail,India,Social Media,2024-05-02,3,2026-07-25 00:18:28.476764
4478,"White, Kirk and Norman",Marketing,Canada,Social Media,2025-07-19,17,2026-07-25 00:18:28.477349
4479,Terry Group,Retail,Germany,Referral,2024-07-15,16,2026-07-25 00:18:28.477635
4480,Bell Inc,E-Commerce,Singapore,Referral,2025-12-15,16,2026-07-25 00:18:28.477872
4481,Henderson Ltd,Education,Singapore,Social Media,2025-01-07,19,2026-07-25 00:18:28.478222
4482,Wall PLC,SaaS,Germany,Referral,2023-04-07,17,2026-07-25 00:18:28.478471
4483,Clark-Edwards,SaaS,India,Referral,2025-05-12,7,2026-07-25 00:18:28.478844
4484,"Holland, Garcia and Riley",Education,USA,Outbound Sales,2024-09-30,19,2026-07-25 00:18:28.479402
4485,Greene-Gray,Retail,Singapore,Organic,2024-05-23,3,2026-07-25 00:18:28.479820
4486,Johnson Ltd,Retail,USA,Paid Ads,2023-01-12,8,2026-07-25 00:18:28.480100
4487,"Turner, Taylor and Moreno",Healthcare,Germany,Social Media,2025-10-08,19,2026-07-25 00:18:28.480650
4488,White-Carter,Education,Australia,Partner,2025-06-20,17,2026-07-25 00:18:28.486052
4489,Fleming-Hill,Education,USA,Partner,2024-08-07,9,2026-07-25 00:18:28.489298
4490,"Graham, Jimenez and Williams",Manufacturing,Singapore,Referral,2025-05-14,17,2026-07-25 00:18:28.490252
4491,Martin-Wilkins,SaaS,Singapore,Social Media,2024-11-07,9,2026-07-25 00:18:28.490853
4492,Henderson-Diaz,Education,United Kingdom,Referral,2024-04-27,3,2026-07-25 00:18:28.491502
4493,Medina-Johnson,SaaS,India,Partner,2024-11-19,12,2026-07-25 00:18:28.492041
4494,Tate-Oconnell,SaaS,Australia,Partner,2024-12-01,3,2026-07-25 00:18:28.492556
4495,"Trujillo, Johnson and Anderson",Logistics,India,Social Media,2023-10-26,3,2026-07-25 00:18:28.493341
4496,Lindsey-Liu,Manufacturing,Australia,Paid Ads,2024-07-28,20,2026-07-25 00:18:28.493925
4497,"Lopez, Barnes and Haynes",Finance,Australia,Paid Ads,2023-07-23,11,2026-07-25 00:18:28.494846
4498,Sanders LLC,Logistics,Canada,Social Media,2023-03-26,16,2026-07-25 00:18:28.495261
4499,"Reed, Schaefer and Smith",Manufacturing,Germany,Paid Ads,2025-07-26,16,2026-07-25 00:18:28.496103
4500,Martin-Lopez,Manufacturing,Australia,Social Media,2025-11-14,7,2026-07-25 00:18:28.496754
4501,Phillips Group,Retail,Australia,Referral,2023-09-29,2,2026-07-25 00:18:28.497179
4502,Benson-Wells,Manufacturing,Germany,Partner,2024-10-27,15,2026-07-25 00:18:28.497794
4503,Gallagher PLC,Manufacturing,United Kingdom,Partner,2024-09-15,15,2026-07-25 00:18:28.498169
4504,Johnson-Miller,Logistics,Germany,Referral,2023-04-15,5,2026-07-25 00:18:28.498675
4505,"Lucero, Davis and Bartlett",Marketing,Germany,Organic,2024-03-12,5,2026-07-25 00:18:28.500465
4506,Ferguson-Holmes,Manufacturing,Germany,Social Media,2025-02-20,5,2026-07-25 00:18:28.500957
4507,Smith PLC,Marketing,Canada,Organic,2024-08-26,14,2026-07-25 00:18:28.501380
4508,Wells PLC,Healthcare,USA,Outbound Sales,2023-01-24,6,2026-07-25 00:18:28.501707
4509,Dawson-Frey,Retail,India,Organic,2024-09-07,13,2026-07-25 00:18:28.502185
4510,Baxter and Sons,Logistics,USA,Paid Ads,2023-07-18,11,2026-07-25 00:18:28.502490
4511,"Khan, Howard and Galvan",Retail,India,Partner,2025-06-16,13,2026-07-25 00:18:28.503214
4512,Griffin-Gamble,Healthcare,Canada,Outbound Sales,2023-01-22,9,2026-07-25 00:18:28.504259
4513,Farrell-Little,Retail,USA,Partner,2024-09-26,20,2026-07-25 00:18:28.505913
4514,Thomas Inc,Logistics,Germany,Partner,2024-10-22,6,2026-07-25 00:18:28.506214
4515,Harris LLC,Logistics,Singapore,Organic,2023-09-13,12,2026-07-25 00:18:28.506450
4516,"Wolf, Mendoza and Perez",Finance,India,Paid Ads,2023-12-22,16,2026-07-25 00:18:28.507005
4517,"Chapman, Cruz and Goodwin",E-Commerce,Canada,Referral,2024-06-21,8,2026-07-25 00:18:28.507658
4518,Spencer-Beltran,Consulting,Germany,Referral,2023-03-16,14,2026-07-25 00:18:28.508156
4519,Richardson LLC,Logistics,India,Paid Ads,2025-09-14,6,2026-07-25 00:18:28.508437
4520,Collins Inc,Manufacturing,Singapore,Paid Ads,2025-03-09,20,2026-07-25 00:18:28.508676
4521,"Neal, Hall and Nguyen",Marketing,Australia,Organic,2025-11-09,20,2026-07-25 00:18:28.509200
4522,Robles-Whitney,Healthcare,Australia,Paid Ads,2024-01-29,11,2026-07-25 00:18:28.509627
4523,Johnson Group,Manufacturing,United Kingdom,Social Media,2024-02-21,5,2026-07-25 00:18:28.509851
4524,Delgado-Mitchell,Manufacturing,Australia,Partner,2024-01-31,3,2026-07-25 00:18:28.510203
4525,Singh-Kane,SaaS,Germany,Paid Ads,2024-12-26,14,2026-07-25 00:18:28.510589
4526,Taylor and Sons,Retail,USA,Paid Ads,2023-04-30,8,2026-07-25 00:18:28.510830
4527,"Rollins, Mitchell and Medina",Manufacturing,Singapore,Partner,2023-08-28,9,2026-07-25 00:18:28.511383
4528,"Bentley, Quinn and Lucero",Consulting,Canada,Outbound Sales,2025-02-02,11,2026-07-25 00:18:28.512622
4529,Santana-Sanders,Retail,USA,Paid Ads,2024-12-01,19,2026-07-25 00:18:28.513136
4530,Beck Ltd,Retail,Singapore,Outbound Sales,2023-11-17,20,2026-07-25 00:18:28.513396
4531,"Newton, Burns and Johnson",Retail,United Kingdom,Referral,2025-09-23,16,2026-07-25 00:18:28.513962
4532,"Gray, Jackson and Jones",E-Commerce,Germany,Organic,2025-05-12,11,2026-07-25 00:18:28.514552
4533,Klein-Pena,Consulting,India,Partner,2025-01-07,5,2026-07-25 00:18:28.514974
4534,Lawson Group,E-Commerce,Canada,Organic,2023-04-05,17,2026-07-25 00:18:28.515235
4535,Scott Ltd,Logistics,Germany,Outbound Sales,2024-01-19,9,2026-07-25 00:18:28.515468
4536,Johnson PLC,Finance,Germany,Partner,2025-09-13,7,2026-07-25 00:18:28.515753
4537,Ball-Shaw,Education,Singapore,Referral,2023-12-23,12,2026-07-25 00:18:28.516175
4538,Hanson-Perez,SaaS,Germany,Referral,2023-08-13,8,2026-07-25 00:18:28.516575
4539,Smith-Hodge,SaaS,Canada,Paid Ads,2023-12-23,20,2026-07-25 00:18:28.516971
4540,"Yang, Robertson and Espinoza",Logistics,Australia,Referral,2025-12-23,9,2026-07-25 00:18:28.517526
4541,Wells-Mitchell,Manufacturing,Germany,Paid Ads,2024-09-07,20,2026-07-25 00:18:28.517976
4542,Reed-Jackson,Consulting,USA,Social Media,2023-04-15,7,2026-07-25 00:18:28.518388
4543,Rangel-Moses,E-Commerce,Australia,Organic,2024-01-30,10,2026-07-25 00:18:28.518781
4544,Simmons-Petersen,SaaS,Singapore,Referral,2024-02-11,17,2026-07-25 00:18:28.519173
4545,"Koch, Barker and Alvarez",Consulting,Canada,Referral,2023-11-23,13,2026-07-25 00:18:28.519768
4546,Cole PLC,Marketing,Singapore,Organic,2025-08-20,10,2026-07-25 00:18:28.520044
4547,May Ltd,Education,USA,Referral,2023-06-16,10,2026-07-25 00:18:28.520284
4548,Allen-Larson,SaaS,India,Social Media,2025-11-06,14,2026-07-25 00:18:28.520665
4549,"Bryant, Shaw and Guerrero",Finance,Canada,Partner,2023-08-17,5,2026-07-25 00:18:28.521196
4550,"Cruz, Howell and Riley",Logistics,Singapore,Partner,2025-04-17,18,2026-07-25 00:18:28.521769
4551,"Robertson, Moore and Tanner",Healthcare,Australia,Partner,2025-06-29,11,2026-07-25 00:18:28.522304
4552,"Brown, Kaiser and Edwards",Finance,Canada,Partner,2025-12-08,9,2026-07-25 00:18:28.522843
4553,"Anderson, Mendoza and Hill",Retail,Singapore,Outbound Sales,2025-06-18,15,2026-07-25 00:18:28.523452
4554,"Taylor, Bennett and Johnson",Education,USA,Outbound Sales,2024-11-29,5,2026-07-25 00:18:28.528312
4555,"Downs, Fernandez and Stuart",Manufacturing,India,Organic,2023-05-20,2,2026-07-25 00:18:28.528925
4556,Adams and Sons,Manufacturing,Australia,Partner,2024-01-28,12,2026-07-25 00:18:28.529208
4557,"Perez, Cole and Boyd",Healthcare,Canada,Social Media,2025-05-14,13,2026-07-25 00:18:28.529788
4558,"Sparks, Hernandez and Rodriguez",Consulting,India,Social Media,2024-01-06,14,2026-07-25 00:18:28.530362
4559,"Dunn, Johnson and Mora",Manufacturing,Germany,Referral,2025-09-30,11,2026-07-25 00:18:28.530937
4560,"Clark, Jackson and Camacho",E-Commerce,United Kingdom,Organic,2023-09-02,10,2026-07-25 00:18:28.531539
4561,"Lane, Glass and Jackson",Manufacturing,Australia,Outbound Sales,2023-03-18,2,2026-07-25 00:18:28.532197
4562,Velasquez Inc,Consulting,India,Social Media,2023-07-08,5,2026-07-25 00:18:28.533188
4563,Thompson Inc,Logistics,India,Organic,2023-10-15,5,2026-07-25 00:18:28.533558
4564,Holt Group,Healthcare,India,Outbound Sales,2023-01-26,6,2026-07-25 00:18:28.533886
4565,Gray-Williams,Retail,India,Paid Ads,2024-12-17,12,2026-07-25 00:18:28.534373
4566,"Skinner, Carlson and Parrish",Manufacturing,India,Partner,2023-02-16,11,2026-07-25 00:18:28.534970
4567,Espinoza-Martinez,Finance,Germany,Partner,2025-11-17,18,2026-07-25 00:18:28.535376
4568,Meyers and Sons,SaaS,Australia,Partner,2025-04-30,13,2026-07-25 00:18:28.536187
4569,Robles-Roberts,Healthcare,Australia,Organic,2024-08-01,7,2026-07-25 00:18:28.536834
4570,"Roberts, Flores and Sanchez",Logistics,USA,Organic,2024-01-01,9,2026-07-25 00:18:28.537431
4571,"Dixon, Williams and Olson",Retail,USA,Organic,2023-05-13,18,2026-07-25 00:18:28.538065
4572,"May, Lee and Parker",SaaS,India,Social Media,2024-10-16,8,2026-07-25 00:18:28.538630
4573,Collier-Tyler,Logistics,India,Organic,2025-07-03,8,2026-07-25 00:18:28.539027
4574,Gonzalez Inc,Retail,USA,Referral,2023-02-24,17,2026-07-25 00:18:28.539279
4575,Moon-Smith,Manufacturing,Canada,Partner,2024-12-10,13,2026-07-25 00:18:28.539655
4576,Cisneros-Chapman,SaaS,Australia,Paid Ads,2024-03-09,16,2026-07-25 00:18:28.542928
4577,Rivera Ltd,SaaS,Singapore,Social Media,2024-11-10,14,2026-07-25 00:18:28.543977
4578,Reynolds-Prince,Consulting,India,Organic,2023-03-13,7,2026-07-25 00:18:28.544602
4579,Adams-Jones,E-Commerce,India,Referral,2024-08-28,8,2026-07-25 00:18:28.545084
4580,Hendricks-Evans,E-Commerce,Germany,Organic,2025-10-02,12,2026-07-25 00:18:28.545620
4581,"Davis, Pittman and Kaiser",Finance,Australia,Paid Ads,2023-05-15,17,2026-07-25 00:18:28.546412
4582,Smith-Griffin,Healthcare,Germany,Referral,2023-12-16,5,2026-07-25 00:18:28.547080
4583,Ross PLC,Consulting,India,Social Media,2024-05-18,20,2026-07-25 00:18:28.547387
4584,"Harrison, Mills and Smith",Education,Canada,Outbound Sales,2024-02-22,12,2026-07-25 00:18:28.547940
4585,Jordan PLC,Consulting,Germany,Referral,2025-05-22,7,2026-07-25 00:18:28.548192
4586,Spencer-Gray,E-Commerce,Canada,Paid Ads,2023-11-11,7,2026-07-25 00:18:28.548561
4587,"Howell, Moore and Lawson",Manufacturing,Canada,Partner,2025-05-31,4,2026-07-25 00:18:28.549078
4588,"Young, Hamilton and Peters",Education,Germany,Organic,2023-01-24,15,2026-07-25 00:18:28.549585
4589,"Wilson, Rice and Fleming",E-Commerce,Singapore,Social Media,2025-09-13,17,2026-07-25 00:18:28.550168
4590,Harrington-Jones,Marketing,USA,Referral,2025-09-22,4,2026-07-25 00:18:28.550575
4591,Pratt-Patterson,SaaS,Germany,Organic,2023-02-17,7,2026-07-25 00:18:28.550989
4592,Anthony-Hudson,Retail,United Kingdom,Outbound Sales,2024-07-17,10,2026-07-25 00:18:28.551420
4593,Steele and Sons,Retail,Australia,Paid Ads,2024-08-08,12,2026-07-25 00:18:28.551700
4594,Harding and Sons,Logistics,India,Social Media,2023-07-16,8,2026-07-25 00:18:28.551956
4595,"Gallagher, Howard and Sweeney",E-Commerce,United Kingdom,Paid Ads,2024-11-01,7,2026-07-25 00:18:28.552776
4596,"Ray, Guerra and Lopez",Consulting,India,Paid Ads,2025-09-07,1,2026-07-25 00:18:28.553718
4597,Levine-Tran,Retail,United Kingdom,Referral,2023-01-23,11,2026-07-25 00:18:28.555493
4598,"Richardson, Taylor and Jones",Retail,Germany,Social Media,2023-01-10,13,2026-07-25 00:18:28.556260
4599,Rogers-Edwards,Manufacturing,Germany,Partner,2024-12-17,20,2026-07-25 00:18:28.556792
4600,Tucker-Carter,Healthcare,Germany,Partner,2023-07-02,18,2026-07-25 00:18:28.557315
4601,"Adkins, Freeman and Cruz",E-Commerce,Canada,Social Media,2023-05-21,8,2026-07-25 00:18:28.558058
4602,Davis Ltd,Finance,Australia,Organic,2023-10-15,1,2026-07-25 00:18:28.558387
4603,"Thomas, Davis and Marquez",SaaS,Australia,Organic,2025-09-28,1,2026-07-25 00:18:28.559502
4604,Graham and Sons,Education,India,Paid Ads,2024-09-17,15,2026-07-25 00:18:28.560008
4605,Morrison Group,Marketing,Singapore,Outbound Sales,2023-09-10,6,2026-07-25 00:18:28.560349
4606,"Matthews, Cole and Shepherd",Finance,India,Paid Ads,2024-06-03,7,2026-07-25 00:18:28.561031
4607,"Simon, Adams and Anderson",Retail,Germany,Social Media,2024-02-15,12,2026-07-25 00:18:28.562288
4608,Becker-Watson,Finance,Canada,Partner,2025-05-09,1,2026-07-25 00:18:28.562731
4609,Graham-Wagner,Education,United Kingdom,Organic,2023-03-12,4,2026-07-25 00:18:28.563186
4610,"Thomas, Richard and Richardson",Education,USA,Paid Ads,2023-01-05,15,2026-07-25 00:18:28.563756
4611,"Andrews, Hurley and Williams",Retail,India,Social Media,2023-01-01,1,2026-07-25 00:18:28.564345
4612,Robinson-Padilla,Logistics,USA,Organic,2025-09-08,4,2026-07-25 00:18:28.564793
4613,Hill-Brown,Finance,Singapore,Referral,2024-06-15,15,2026-07-25 00:18:28.565298
4614,Wilcox LLC,E-Commerce,Singapore,Outbound Sales,2023-09-24,9,2026-07-25 00:18:28.565659
4615,Gordon PLC,Education,India,Social Media,2024-12-31,19,2026-07-25 00:18:28.565943
4616,Clay-Mcclure,Logistics,India,Social Media,2025-08-07,5,2026-07-25 00:18:28.569960
4617,Brown Group,Retail,India,Partner,2024-03-10,13,2026-07-25 00:18:28.570226
4618,"Dougherty, Montoya and White",SaaS,India,Partner,2025-03-19,14,2026-07-25 00:18:28.570741
4619,Love-Allen,Logistics,Germany,Referral,2025-12-06,1,2026-07-25 00:18:28.571145
4620,Jones-David,E-Commerce,India,Social Media,2023-07-31,3,2026-07-25 00:18:28.571613
4621,Smith-Jones,Education,Singapore,Paid Ads,2025-04-22,16,2026-07-25 00:18:28.572262
4622,"May, Mullins and Brown",Retail,United Kingdom,Paid Ads,2024-06-29,1,2026-07-25 00:18:28.573004
4623,"Watson, Smith and Thompson",Education,United Kingdom,Referral,2023-06-30,8,2026-07-25 00:18:28.573747
4624,Zavala Ltd,Logistics,United Kingdom,Organic,2024-12-21,2,2026-07-25 00:18:28.574078
4625,Lopez-Miller,E-Commerce,United Kingdom,Partner,2023-05-14,18,2026-07-25 00:18:28.574638
4626,"Cox, Arroyo and Atkins",Logistics,United Kingdom,Referral,2023-03-09,2,2026-07-25 00:18:28.575657
4627,Hoover and Sons,Education,Canada,Organic,2024-11-15,20,2026-07-25 00:18:28.575978
4628,Johnson Inc,Manufacturing,Germany,Partner,2023-11-07,18,2026-07-25 00:18:28.576234
4629,"Edwards, Smith and Krueger",Healthcare,Canada,Social Media,2024-10-30,12,2026-07-25 00:18:28.576751
4630,"Greer, Valdez and Wiley",Consulting,Australia,Referral,2024-02-03,11,2026-07-25 00:18:28.577479
4631,Hoffman-Murphy,Manufacturing,Germany,Referral,2025-06-10,19,2026-07-25 00:18:28.578004
4632,Cochran and Sons,Marketing,Canada,Partner,2024-03-31,12,2026-07-25 00:18:28.578330
4633,"Mcdonald, Watkins and Berry",Education,USA,Social Media,2025-05-31,16,2026-07-25 00:18:28.579087
4634,Anderson-Scott,Consulting,Germany,Paid Ads,2024-10-02,14,2026-07-25 00:18:28.579536
4635,Gutierrez Ltd,Finance,Australia,Paid Ads,2025-01-03,5,2026-07-25 00:18:28.579795
4636,"Mcguire, Robertson and Thomas",Manufacturing,Canada,Social Media,2023-05-17,15,2026-07-25 00:18:28.580353
4637,Ballard PLC,Logistics,United Kingdom,Outbound Sales,2025-01-06,6,2026-07-25 00:18:28.580653
4638,Winters Ltd,SaaS,Canada,Outbound Sales,2023-05-09,5,2026-07-25 00:18:28.580897
4639,Scott Inc,E-Commerce,Canada,Outbound Sales,2023-04-20,6,2026-07-25 00:18:28.581144
4640,Hampton-Beck,E-Commerce,USA,Referral,2023-08-27,13,2026-07-25 00:18:28.581872
4641,Cohen Inc,Finance,United Kingdom,Partner,2024-09-18,4,2026-07-25 00:18:28.582179
4642,Lewis-Keith,Consulting,Australia,Organic,2024-12-28,17,2026-07-25 00:18:28.583357
4643,Scott-Gallagher,Finance,Australia,Organic,2024-07-13,9,2026-07-25 00:18:28.583926
4644,Savage-Hernandez,Consulting,Singapore,Referral,2024-01-11,8,2026-07-25 00:18:28.584498
4645,Sullivan LLC,Manufacturing,Germany,Organic,2025-04-03,11,2026-07-25 00:18:28.584783
4646,Williams-Patterson,Manufacturing,Australia,Partner,2025-04-27,17,2026-07-25 00:18:28.585273
4647,"Kelley, Fritz and Davies",Marketing,USA,Outbound Sales,2023-10-28,12,2026-07-25 00:18:28.585878
4648,"Gordon, Payne and Ponce",Marketing,Singapore,Organic,2024-04-10,8,2026-07-25 00:18:28.586545
4649,Reyes Ltd,Logistics,USA,Social Media,2024-05-08,7,2026-07-25 00:18:28.586822
4650,Herman-Fernandez,SaaS,United Kingdom,Outbound Sales,2024-04-07,4,2026-07-25 00:18:28.587293
4651,Brown-Velasquez,Logistics,USA,Organic,2024-05-28,10,2026-07-25 00:18:28.587776
4652,"Williams, Ward and Harvey",Retail,United Kingdom,Partner,2024-03-05,10,2026-07-25 00:18:28.588364
4653,Diaz Group,Retail,Australia,Social Media,2024-07-01,4,2026-07-25 00:18:28.588627
4654,Cunningham Ltd,Retail,India,Organic,2023-09-05,1,2026-07-25 00:18:28.588891
4655,"Johnson, Giles and Barrera",Education,India,Referral,2023-01-16,6,2026-07-25 00:18:28.589598
4656,Williams Ltd,Finance,India,Paid Ads,2024-05-19,15,2026-07-25 00:18:28.589953
4657,Cross-Wade,Finance,Germany,Paid Ads,2025-12-23,13,2026-07-25 00:18:28.590415
4658,Preston Inc,SaaS,Singapore,Outbound Sales,2025-07-21,10,2026-07-25 00:18:28.590678
4659,Ford PLC,Manufacturing,Germany,Paid Ads,2023-05-10,7,2026-07-25 00:18:28.590909
4660,Burke Ltd,Education,Germany,Outbound Sales,2024-08-25,19,2026-07-25 00:18:28.591209
4661,Murphy LLC,Logistics,Singapore,Outbound Sales,2023-01-30,19,2026-07-25 00:18:28.591478
4662,Fleming-Brown,SaaS,Singapore,Partner,2025-12-29,2,2026-07-25 00:18:28.591884
4663,Jackson Inc,Logistics,Canada,Paid Ads,2025-12-27,1,2026-07-25 00:18:28.592123
4664,"Oliver, Calhoun and Edwards",Education,Singapore,Partner,2024-09-22,13,2026-07-25 00:18:28.592787
4665,"Shepard, Fleming and Bolton",Consulting,United Kingdom,Organic,2024-02-21,14,2026-07-25 00:18:28.593438
4666,"Taylor, Kim and Edwards",E-Commerce,Australia,Paid Ads,2023-05-09,16,2026-07-25 00:18:28.594084
4667,Wiggins-Brown,SaaS,Germany,Organic,2025-05-29,16,2026-07-25 00:18:28.594578
4668,Malone-Lyons,Finance,Germany,Paid Ads,2023-09-03,18,2026-07-25 00:18:28.595025
4669,Flores LLC,Finance,India,Referral,2023-03-20,4,2026-07-25 00:18:28.595302
4670,"Arias, Knox and Reed",Logistics,Germany,Social Media,2023-11-30,11,2026-07-25 00:18:28.595925
4671,"Parks, Green and Schultz",Retail,Australia,Partner,2025-10-14,2,2026-07-25 00:18:28.596602
4672,Johnson-Campbell,Manufacturing,Canada,Outbound Sales,2025-08-17,15,2026-07-25 00:18:28.597148
4673,Hubbard Ltd,Retail,Australia,Partner,2025-02-03,4,2026-07-25 00:18:28.597499
4674,Ford PLC,SaaS,Singapore,Referral,2023-10-25,19,2026-07-25 00:18:28.597897
4675,Erickson-Lawrence,SaaS,Australia,Partner,2023-03-18,3,2026-07-25 00:18:28.598513
4676,"Johnson, Hall and Potter",Consulting,USA,Partner,2024-07-22,9,2026-07-25 00:18:28.599236
4677,Smith Group,E-Commerce,Germany,Outbound Sales,2023-04-13,2,2026-07-25 00:18:28.599655
4678,"Howell, Booker and Mejia",Education,Australia,Organic,2024-03-23,17,2026-07-25 00:18:28.600266
4679,Vaughn PLC,Logistics,USA,Partner,2023-01-19,10,2026-07-25 00:18:28.600558
4680,Ramirez and Sons,Healthcare,India,Paid Ads,2023-07-04,20,2026-07-25 00:18:28.600808
4681,Patterson PLC,Manufacturing,Germany,Organic,2023-02-18,5,2026-07-25 00:18:28.601073
4682,"Compton, Mitchell and Jones",Finance,USA,Partner,2025-08-08,16,2026-07-25 00:18:28.601650
4683,"Austin, Davis and Walker",Retail,India,Partner,2024-04-10,6,2026-07-25 00:18:28.602398
4684,Gilmore-Jensen,Marketing,India,Paid Ads,2025-10-12,6,2026-07-25 00:18:28.602797
4685,"Howard, Wolf and Sanchez",Retail,Canada,Social Media,2023-09-28,19,2026-07-25 00:18:28.609845
4686,"Bradley, Thomas and Ward",Logistics,USA,Social Media,2024-08-03,15,2026-07-25 00:18:28.610489
4687,Brown Group,Finance,India,Referral,2023-04-20,5,2026-07-25 00:18:28.610770
4688,"Smith, Smith and Duncan",Healthcare,Singapore,Outbound Sales,2025-06-03,19,2026-07-25 00:18:28.612210
4689,Jones Group,SaaS,Germany,Partner,2025-04-30,12,2026-07-25 00:18:28.612543
4690,Baker-Osborne,Marketing,India,Social Media,2024-11-13,17,2026-07-25 00:18:28.613650
4691,Mason-Benson,Manufacturing,Singapore,Outbound Sales,2024-01-11,4,2026-07-25 00:18:28.615077
4692,"Preston, Robinson and Lee",Marketing,Germany,Organic,2023-07-14,9,2026-07-25 00:18:28.617681
4693,Carpenter-Richmond,Marketing,Australia,Social Media,2024-03-24,14,2026-07-25 00:18:28.618331
4694,Smith Group,Finance,India,Organic,2024-08-05,9,2026-07-25 00:18:28.618590
4695,Bennett-Charles,Manufacturing,Germany,Partner,2025-02-01,17,2026-07-25 00:18:28.619003
4696,Murphy-Robinson,Retail,USA,Organic,2023-09-02,1,2026-07-25 00:18:28.619638
4697,Poole-Jones,Healthcare,India,Outbound Sales,2025-09-10,6,2026-07-25 00:18:28.620101
4698,Edwards-Anderson,Retail,Germany,Social Media,2023-11-27,18,2026-07-25 00:18:28.620539
4699,Mitchell Group,Manufacturing,Australia,Paid Ads,2024-08-30,16,2026-07-25 00:18:28.620776
4700,White-Brown,Finance,United Kingdom,Social Media,2025-04-14,6,2026-07-25 00:18:28.621346
4701,"Valentine, Park and Hernandez",E-Commerce,Germany,Organic,2023-10-18,18,2026-07-25 00:18:28.621901
4702,Rivera-Davis,SaaS,USA,Referral,2023-12-10,5,2026-07-25 00:18:28.622311
4703,"Cobb, Duncan and Day",Education,USA,Social Media,2023-01-24,13,2026-07-25 00:18:28.622837
4704,"Williams, Sanchez and Walsh",SaaS,Canada,Organic,2024-10-17,17,2026-07-25 00:18:28.623441
4705,"Mcintyre, Dixon and Sanchez",SaaS,India,Outbound Sales,2025-04-20,9,2026-07-25 00:18:28.624015
4706,Davis Group,E-Commerce,Australia,Organic,2023-08-24,10,2026-07-25 00:18:28.624281
4707,Norton PLC,Healthcare,Canada,Referral,2024-11-20,16,2026-07-25 00:18:28.624521
4708,Kemp-Cook,Retail,USA,Social Media,2023-01-11,16,2026-07-25 00:18:28.624897
4709,Webster-Ferrell,Logistics,Germany,Referral,2024-12-10,4,2026-07-25 00:18:28.625310
4710,"Hayes, Vincent and Valencia",Healthcare,Germany,Outbound Sales,2025-05-14,18,2026-07-25 00:18:28.625840
4711,Watkins PLC,Finance,USA,Social Media,2023-05-17,5,2026-07-25 00:18:28.626457
4712,Jackson-Williams,Consulting,USA,Organic,2024-10-19,16,2026-07-25 00:18:28.626909
4713,Lambert-Khan,Consulting,India,Outbound Sales,2024-01-09,6,2026-07-25 00:18:28.627374
4714,"Thomas, Wood and Meyer",Retail,Singapore,Partner,2023-01-14,12,2026-07-25 00:18:28.628056
4715,Murray-Ford,Retail,United Kingdom,Paid Ads,2023-05-01,14,2026-07-25 00:18:28.628848
4716,"Larson, Smith and Wallace",SaaS,United Kingdom,Partner,2023-02-08,2,2026-07-25 00:18:28.629554
4717,Wilkinson-Perez,Manufacturing,United Kingdom,Partner,2023-05-22,1,2026-07-25 00:18:28.629956
4718,White Group,Retail,Singapore,Social Media,2025-05-05,12,2026-07-25 00:18:28.630336
4719,Garcia PLC,Marketing,Germany,Outbound Sales,2025-12-24,8,2026-07-25 00:18:28.630631
4720,Jones PLC,Healthcare,Germany,Outbound Sales,2025-10-22,17,2026-07-25 00:18:28.630999
4721,"Berry, Burns and Smith",Marketing,Singapore,Social Media,2023-07-13,6,2026-07-25 00:18:28.631888
4722,"Davis, Rodriguez and Rodriguez",Retail,Australia,Outbound Sales,2024-07-22,10,2026-07-25 00:18:28.632489
4723,Nichols LLC,Logistics,United Kingdom,Organic,2024-11-09,14,2026-07-25 00:18:28.634306
4724,"Miller, Chapman and Edwards",E-Commerce,India,Partner,2025-05-04,3,2026-07-25 00:18:28.634895
4725,"Kaufman, Jackson and Vazquez",Consulting,India,Social Media,2024-12-21,5,2026-07-25 00:18:28.635470
4726,"Black, Fletcher and Christensen",SaaS,Canada,Paid Ads,2024-08-15,13,2026-07-25 00:18:28.636043
4727,Mendoza Ltd,Education,Germany,Social Media,2024-06-11,11,2026-07-25 00:18:28.636325
4728,Jones Group,Education,United Kingdom,Outbound Sales,2025-07-27,20,2026-07-25 00:18:28.636554
4729,Romero PLC,Manufacturing,Canada,Partner,2025-08-03,17,2026-07-25 00:18:28.636813
4730,Lara LLC,Logistics,Germany,Social Media,2025-01-15,19,2026-07-25 00:18:28.637043
4731,Cline-Sandoval,Consulting,Singapore,Outbound Sales,2024-05-30,20,2026-07-25 00:18:28.637413
4732,Jackson Group,E-Commerce,USA,Partner,2025-03-09,11,2026-07-25 00:18:28.637659
4733,Brown PLC,Finance,Singapore,Partner,2023-09-10,11,2026-07-25 00:18:28.637897
4734,"Phillips, Anderson and House",Consulting,Australia,Outbound Sales,2023-11-29,3,2026-07-25 00:18:28.638458
4735,Bates and Sons,Education,Singapore,Paid Ads,2023-12-22,9,2026-07-25 00:18:28.638705
4736,Davis-Ramirez,Education,Australia,Outbound Sales,2023-04-02,8,2026-07-25 00:18:28.639681
4737,"Lewis, Anderson and Curry",Manufacturing,Canada,Referral,2024-03-09,19,2026-07-25 00:18:28.640697
4738,"Rodriguez, Fisher and Ashley",Retail,Canada,Paid Ads,2025-03-26,7,2026-07-25 00:18:28.641345
4739,"Morrison, Gonzalez and Smith",Manufacturing,Australia,Social Media,2024-07-13,14,2026-07-25 00:18:28.642023
4740,"Burton, Smith and Johnson",Education,Canada,Outbound Sales,2023-07-16,14,2026-07-25 00:18:28.642739
4741,Hill Ltd,Retail,United Kingdom,Outbound Sales,2023-11-19,5,2026-07-25 00:18:28.643064
4742,Robinson and Sons,Education,USA,Social Media,2025-12-17,12,2026-07-25 00:18:28.643325
4743,"Gonzales, Howard and Arias",Consulting,Australia,Paid Ads,2023-07-22,7,2026-07-25 00:18:28.643844
4744,Sanchez Ltd,Logistics,Australia,Outbound Sales,2025-12-16,6,2026-07-25 00:18:28.644071
4745,Roach and Sons,Finance,Singapore,Social Media,2023-10-29,10,2026-07-25 00:18:28.644347
4746,Butler Inc,Retail,USA,Outbound Sales,2025-02-20,11,2026-07-25 00:18:28.644603
4747,Foster-Smith,Healthcare,Singapore,Partner,2024-09-24,12,2026-07-25 00:18:28.645162
4748,Espinoza-Larson,Retail,Germany,Partner,2023-03-31,9,2026-07-25 00:18:28.645712
4749,Stevens-Sanders,E-Commerce,Germany,Outbound Sales,2024-11-14,11,2026-07-25 00:18:28.646142
4750,Carr and Sons,Healthcare,Canada,Outbound Sales,2025-06-27,3,2026-07-25 00:18:28.646390
4751,Sutton Ltd,Education,India,Partner,2023-07-25,18,2026-07-25 00:18:28.646620
4752,"Davis, Fleming and Hess",Marketing,India,Organic,2023-09-09,7,2026-07-25 00:18:28.647180
4753,Evans-Grimes,Education,Germany,Partner,2023-04-25,18,2026-07-25 00:18:28.647631
4754,Perkins PLC,E-Commerce,United Kingdom,Paid Ads,2023-03-05,17,2026-07-25 00:18:28.647913
4755,Raymond Inc,E-Commerce,Germany,Referral,2023-12-05,9,2026-07-25 00:18:28.648178
4756,Wilkinson Ltd,SaaS,Germany,Social Media,2024-02-14,16,2026-07-25 00:18:28.651578
4757,Jones-Hughes,E-Commerce,India,Partner,2025-04-20,14,2026-07-25 00:18:28.652108
4758,Bradley and Sons,Marketing,Canada,Organic,2023-09-09,5,2026-07-25 00:18:28.652636
4759,Tucker-Mason,Healthcare,India,Paid Ads,2023-07-04,2,2026-07-25 00:18:28.653452
4760,Grant-Richardson,SaaS,United Kingdom,Organic,2024-07-23,9,2026-07-25 00:18:28.653854
4761,Stevens-Mullins,Finance,Australia,Outbound Sales,2024-10-10,9,2026-07-25 00:18:28.654315
4762,Hall-Long,Healthcare,United Kingdom,Organic,2023-03-05,14,2026-07-25 00:18:28.654709
4763,Hudson Group,Retail,India,Social Media,2023-08-26,19,2026-07-25 00:18:28.654940
4764,Brown-Perkins,SaaS,India,Organic,2024-07-16,11,2026-07-25 00:18:28.655575
4765,Douglas-Alexander,E-Commerce,Singapore,Paid Ads,2024-01-31,10,2026-07-25 00:18:28.656143
4766,Petty-Cohen,Marketing,USA,Referral,2024-11-01,8,2026-07-25 00:18:28.656584
4767,Love PLC,E-Commerce,Australia,Outbound Sales,2025-07-28,9,2026-07-25 00:18:28.656832
4768,Smith-Holland,Consulting,Canada,Referral,2024-10-09,5,2026-07-25 00:18:28.657238
4769,Chavez and Sons,SaaS,Australia,Outbound Sales,2024-08-08,11,2026-07-25 00:18:28.657488
4770,Taylor-Macias,Retail,USA,Partner,2023-09-20,7,2026-07-25 00:18:28.657867
4771,Phillips and Sons,Consulting,Australia,Organic,2023-07-02,6,2026-07-25 00:18:28.658223
4772,Floyd Ltd,Finance,Australia,Social Media,2024-02-02,20,2026-07-25 00:18:28.658473
4773,"Cooper, Pena and Dominguez",Education,United Kingdom,Partner,2023-08-02,4,2026-07-25 00:18:28.659036
4774,"Hernandez, Shelton and Horn",Finance,USA,Partner,2024-02-19,8,2026-07-25 00:18:28.659608
4775,Ferguson Group,Retail,Germany,Outbound Sales,2025-09-15,6,2026-07-25 00:18:28.659879
4776,"Williamson, Singh and Conrad",Healthcare,USA,Paid Ads,2025-07-11,4,2026-07-25 00:18:28.660451
4777,"Allen, Collins and Hoover",SaaS,USA,Social Media,2023-08-18,10,2026-07-25 00:18:28.661051
4778,"Burke, Fleming and Baker",Marketing,Australia,Outbound Sales,2023-05-12,13,2026-07-25 00:18:28.662128
4779,"Morgan, Allen and Anderson",Logistics,USA,Referral,2023-11-09,4,2026-07-25 00:18:28.662813
4780,Dickson-Lopez,Finance,Germany,Social Media,2024-03-13,15,2026-07-25 00:18:28.663668
4781,"Brown, Schmidt and Walker",Logistics,USA,Social Media,2024-07-21,13,2026-07-25 00:18:28.674563
4782,Avery Inc,E-Commerce,United Kingdom,Partner,2024-02-10,1,2026-07-25 00:18:28.676075
4783,Jones Ltd,Consulting,United Kingdom,Paid Ads,2025-12-07,7,2026-07-25 00:18:28.676479
4784,"Rice, Sullivan and Brooks",Logistics,Germany,Outbound Sales,2024-07-22,11,2026-07-25 00:18:28.677103
4785,Boyer-Osborne,Manufacturing,India,Partner,2024-02-19,17,2026-07-25 00:18:28.677545
4786,"Elliott, Adams and Rivera",E-Commerce,Germany,Partner,2024-08-29,20,2026-07-25 00:18:28.678130
4787,Matthews-Jacobson,Retail,Canada,Referral,2024-12-05,3,2026-07-25 00:18:28.678515
4788,"Ingram, Valenzuela and Reid",E-Commerce,United Kingdom,Social Media,2024-02-21,13,2026-07-25 00:18:28.679072
4789,Rasmussen-Kim,Healthcare,United Kingdom,Partner,2023-11-06,7,2026-07-25 00:18:28.679468
4790,Ritter-Nelson,Retail,Canada,Paid Ads,2025-05-26,13,2026-07-25 00:18:28.682412
4791,"Wheeler, Shaw and Rivers",Education,USA,Social Media,2024-08-23,10,2026-07-25 00:18:28.683750
4792,Clark-Ramirez,Retail,Germany,Outbound Sales,2023-04-09,16,2026-07-25 00:18:28.684229
4793,Cooper LLC,SaaS,Singapore,Outbound Sales,2023-05-03,8,2026-07-25 00:18:28.684519
4794,"Wolfe, Smith and Rivera",Finance,Germany,Social Media,2023-02-04,1,2026-07-25 00:18:28.685099
4795,Romero-Briggs,Marketing,Australia,Paid Ads,2025-08-18,12,2026-07-25 00:18:28.685622
4796,Carlson-Morris,Marketing,India,Partner,2023-10-15,14,2026-07-25 00:18:28.686110
4797,"James, Turner and Griffin",Logistics,Germany,Organic,2024-07-30,14,2026-07-25 00:18:28.686837
4798,Smith LLC,Education,Canada,Referral,2023-06-25,9,2026-07-25 00:18:28.687102
4799,Richardson Ltd,Manufacturing,Canada,Partner,2023-08-01,6,2026-07-25 00:18:28.687387
4800,Baker Group,Healthcare,USA,Outbound Sales,2025-07-03,17,2026-07-25 00:18:28.687621
4801,Williams-Contreras,E-Commerce,Australia,Referral,2023-07-10,2,2026-07-25 00:18:28.688164
4802,"Stephens, Gonzalez and Sparks",Marketing,Canada,Organic,2024-02-16,8,2026-07-25 00:18:28.688753
4803,Velasquez-Turner,Finance,Singapore,Referral,2023-09-02,3,2026-07-25 00:18:28.689161
4804,Lewis-Pacheco,E-Commerce,Singapore,Outbound Sales,2024-05-07,2,2026-07-25 00:18:28.689582
4805,"Gutierrez, Barrett and Ellis",Education,India,Outbound Sales,2024-12-04,9,2026-07-25 00:18:28.690198
4806,"Mckee, Johnson and Brewer",Logistics,USA,Paid Ads,2023-06-11,5,2026-07-25 00:18:28.690824
4807,Bentley-Short,Marketing,Canada,Referral,2023-07-09,8,2026-07-25 00:18:28.691262
4808,Frederick Inc,Marketing,Canada,Referral,2023-09-17,17,2026-07-25 00:18:28.691517
4809,"Dunn, Davis and Cantu",Finance,USA,Organic,2024-07-26,20,2026-07-25 00:18:28.692064
4810,Moore-Cox,SaaS,Australia,Social Media,2024-03-12,6,2026-07-25 00:18:28.692479
4811,Stevenson-Thompson,Education,Australia,Partner,2025-10-19,14,2026-07-25 00:18:28.692940
4812,Green-Richard,Healthcare,USA,Organic,2025-02-24,7,2026-07-25 00:18:28.693863
4813,"Jimenez, Rodriguez and Lee",E-Commerce,Singapore,Organic,2025-10-07,3,2026-07-25 00:18:28.694517
4814,"Peck, Rhodes and Holt",Finance,Canada,Referral,2023-09-12,18,2026-07-25 00:18:28.695147
4815,Hutchinson-Hoover,Finance,United Kingdom,Partner,2024-09-30,18,2026-07-25 00:18:28.695552
4816,Ford-Anderson,Manufacturing,Singapore,Referral,2023-12-12,5,2026-07-25 00:18:28.695962
4817,Fleming-Russell,Consulting,USA,Referral,2024-10-29,1,2026-07-25 00:18:28.696335
4818,Smith-Ramirez,Manufacturing,United Kingdom,Referral,2023-10-30,9,2026-07-25 00:18:28.696736
4819,"Wilcox, Buckley and Soto",Consulting,United Kingdom,Organic,2023-04-07,17,2026-07-25 00:18:28.697267
4820,Cervantes PLC,Consulting,India,Partner,2024-07-08,5,2026-07-25 00:18:28.697497
4821,Pennington LLC,Healthcare,India,Partner,2023-04-08,5,2026-07-25 00:18:28.697722
4822,"Stone, Riggs and Johnson",Healthcare,USA,Outbound Sales,2024-05-20,12,2026-07-25 00:18:28.698250
4823,Gates-Thompson,E-Commerce,United Kingdom,Paid Ads,2023-08-25,15,2026-07-25 00:18:28.701465
4824,Parker LLC,Retail,Germany,Referral,2023-07-18,4,2026-07-25 00:18:28.701838
4825,"Bradford, Lee and Coleman",Retail,USA,Social Media,2024-12-20,20,2026-07-25 00:18:28.703070
4826,Perez-Berry,SaaS,India,Partner,2025-07-27,5,2026-07-25 00:18:28.703615
4827,Hines PLC,SaaS,Canada,Partner,2023-07-11,17,2026-07-25 00:18:28.703927
4828,"Miller, Holder and Kerr",Logistics,Singapore,Partner,2025-09-01,18,2026-07-25 00:18:28.704625
4829,Gonzalez PLC,Consulting,Singapore,Partner,2023-11-05,17,2026-07-25 00:18:28.704890
4830,Fletcher-Holmes,Logistics,Singapore,Outbound Sales,2024-06-21,12,2026-07-25 00:18:28.705265
4831,Knox Inc,E-Commerce,Australia,Social Media,2024-08-30,13,2026-07-25 00:18:28.705498
4832,"Lopez, Barber and Chase",Education,Australia,Partner,2025-07-22,6,2026-07-25 00:18:28.706027
4833,Anderson-Brooks,Consulting,United Kingdom,Partner,2024-01-18,5,2026-07-25 00:18:28.706434
4834,Wilcox-Heath,SaaS,USA,Organic,2025-08-13,20,2026-07-25 00:18:28.706819
4835,Browning and Sons,Manufacturing,United Kingdom,Paid Ads,2025-11-26,4,2026-07-25 00:18:28.707084
4836,Bowman Group,E-Commerce,Germany,Partner,2023-09-20,13,2026-07-25 00:18:28.707365
4837,"Gilbert, English and Morrison",Education,Canada,Organic,2023-12-19,11,2026-07-25 00:18:28.708047
4838,Mitchell Group,Logistics,USA,Organic,2023-09-28,7,2026-07-25 00:18:28.708425
4839,"Clayton, Harrington and Walker",Marketing,United Kingdom,Social Media,2025-12-09,5,2026-07-25 00:18:28.709117
4840,Anderson Group,Logistics,United Kingdom,Outbound Sales,2024-07-03,5,2026-07-25 00:18:28.709400
4841,Hunter Inc,Education,Germany,Referral,2024-10-25,5,2026-07-25 00:18:28.709641
4842,Davis-Williams,SaaS,USA,Partner,2024-12-30,9,2026-07-25 00:18:28.710023
4843,Dixon Group,Logistics,Germany,Partner,2024-12-14,15,2026-07-25 00:18:28.710305
4844,French-Martinez,Manufacturing,USA,Partner,2025-08-01,5,2026-07-25 00:18:28.711523
4845,Gallegos and Sons,Marketing,India,Referral,2025-02-24,5,2026-07-25 00:18:28.711849
4846,Garcia Group,Finance,Canada,Paid Ads,2024-08-15,2,2026-07-25 00:18:28.712105
4847,Sanders LLC,Manufacturing,Germany,Partner,2023-07-13,14,2026-07-25 00:18:28.712470
4848,"Walker, Estes and Byrd",Finance,Australia,Paid Ads,2025-09-28,12,2026-07-25 00:18:28.713026
4849,Mccarthy Group,Consulting,Australia,Partner,2025-09-08,2,2026-07-25 00:18:28.713306
4850,"Graham, Zimmerman and Baker",Logistics,India,Paid Ads,2025-10-31,11,2026-07-25 00:18:28.713869
4851,Mendoza-Nguyen,Retail,Canada,Outbound Sales,2024-02-06,6,2026-07-25 00:18:28.714290
4852,Thomas and Sons,SaaS,India,Referral,2024-02-13,18,2026-07-25 00:18:28.714540
4853,Thomas and Sons,Education,India,Organic,2025-12-09,17,2026-07-25 00:18:28.714777
4854,Walters PLC,Retail,Singapore,Outbound Sales,2025-02-28,12,2026-07-25 00:18:28.715035
4855,Osborn-Reed,SaaS,Germany,Partner,2024-03-29,11,2026-07-25 00:18:28.715449
4856,"Knight, Love and Ortega",E-Commerce,Germany,Paid Ads,2025-11-07,20,2026-07-25 00:18:28.718085
4857,"Dalton, White and Mullen",Manufacturing,Canada,Paid Ads,2025-11-30,2,2026-07-25 00:18:28.719095
4858,Bennett PLC,Consulting,Australia,Organic,2024-09-21,15,2026-07-25 00:18:28.720117
4859,Watson Inc,Logistics,Germany,Outbound Sales,2024-06-08,2,2026-07-25 00:18:28.720585
4860,Whitaker Ltd,Consulting,Singapore,Social Media,2024-08-28,19,2026-07-25 00:18:28.720934
4861,Jones Ltd,Consulting,India,Referral,2025-01-13,13,2026-07-25 00:18:28.721352
4862,"Brown, Sanders and Mcguire",Manufacturing,Singapore,Social Media,2023-06-28,15,2026-07-25 00:18:28.721945
4863,Carey Inc,Education,USA,Referral,2024-03-04,7,2026-07-25 00:18:28.722230
4864,"Stewart, Gates and Dodson",Finance,Australia,Partner,2025-01-24,9,2026-07-25 00:18:28.722858
4865,"Hoffman, Hernandez and Beasley",Marketing,USA,Organic,2023-07-09,2,2026-07-25 00:18:28.723453
4866,Hampton and Sons,Education,India,Referral,2023-04-22,7,2026-07-25 00:18:28.723708
4867,"Brown, Mueller and Beck",Marketing,Australia,Referral,2024-09-15,14,2026-07-25 00:18:28.724249
4868,"Clayton, Wells and Diaz",Healthcare,Germany,Outbound Sales,2023-12-23,19,2026-07-25 00:18:28.724820
4869,Cross-Gibbs,Education,USA,Organic,2023-04-09,3,2026-07-25 00:18:28.725278
4870,Flores-Carroll,Healthcare,United Kingdom,Organic,2023-03-11,9,2026-07-25 00:18:28.725668
4871,"Keller, Richardson and Patterson",Logistics,United Kingdom,Organic,2023-09-28,8,2026-07-25 00:18:28.726188
4872,Jones Ltd,Logistics,USA,Social Media,2024-02-20,16,2026-07-25 00:18:28.726421
4873,Patterson-Smith,Finance,India,Social Media,2024-06-15,15,2026-07-25 00:18:28.726845
4874,Johnston Group,Manufacturing,Australia,Social Media,2025-11-07,12,2026-07-25 00:18:28.727119
4875,Garza Group,Logistics,Canada,Outbound Sales,2025-07-09,18,2026-07-25 00:18:28.727339
4876,Howard-Lopez,Consulting,United Kingdom,Social Media,2025-04-29,11,2026-07-25 00:18:28.727845
4877,Shepherd Inc,Manufacturing,Australia,Referral,2025-01-11,19,2026-07-25 00:18:28.728125
4878,Hamilton and Sons,Consulting,Singapore,Paid Ads,2024-01-29,20,2026-07-25 00:18:28.728399
4879,Jones Ltd,Retail,USA,Organic,2025-11-01,14,2026-07-25 00:18:28.728623
4880,Taylor Ltd,Logistics,Canada,Paid Ads,2025-02-09,17,2026-07-25 00:18:28.728909
4881,Parker and Sons,Education,Germany,Social Media,2023-05-20,13,2026-07-25 00:18:28.729167
4882,Walton Group,SaaS,Australia,Paid Ads,2025-06-06,9,2026-07-25 00:18:28.729429
4883,Ford-Knight,Finance,United Kingdom,Referral,2025-08-21,18,2026-07-25 00:18:28.729829
4884,Johnson-Friedman,Retail,United Kingdom,Referral,2024-12-06,8,2026-07-25 00:18:28.730227
4885,Jones Group,Logistics,USA,Organic,2025-01-07,18,2026-07-25 00:18:28.730455
4886,Hall-Yates,Consulting,Canada,Partner,2025-02-01,13,2026-07-25 00:18:28.730876
4887,Kim Group,Marketing,Australia,Paid Ads,2023-10-15,10,2026-07-25 00:18:28.731138
4888,Stevens LLC,Finance,USA,Referral,2025-11-14,20,2026-07-25 00:18:28.731375
4889,"Maynard, Nichols and Alvarez",Logistics,Singapore,Organic,2025-12-16,11,2026-07-25 00:18:28.732567
4890,Gomez-Pittman,SaaS,Germany,Partner,2025-04-26,14,2026-07-25 00:18:28.734217
4891,"Cohen, Mccullough and Wolfe",Healthcare,Germany,Partner,2023-11-20,1,2026-07-25 00:18:28.734847
4892,Wilson Inc,Manufacturing,Canada,Organic,2024-04-24,10,2026-07-25 00:18:28.735148
4893,Murphy-Lopez,Retail,Germany,Partner,2025-09-05,13,2026-07-25 00:18:28.735522
4894,"Hardy, Lane and Rogers",E-Commerce,USA,Partner,2025-03-07,14,2026-07-25 00:18:28.736101
4895,Thomas and Sons,Retail,Canada,Referral,2023-12-29,20,2026-07-25 00:18:28.736408
4896,"Jones, Wilkinson and Hampton",Healthcare,Canada,Referral,2023-07-08,20,2026-07-25 00:18:28.737052
4897,Nelson-Campbell,Manufacturing,Australia,Partner,2025-01-25,3,2026-07-25 00:18:28.737499
4898,Marsh-Mitchell,Finance,India,Organic,2025-09-21,1,2026-07-25 00:18:28.737891
4899,"Williams, Taylor and Donaldson",Healthcare,Australia,Partner,2023-01-11,16,2026-07-25 00:18:28.741442
4900,Torres-Gardner,Finance,United Kingdom,Social Media,2024-12-22,5,2026-07-25 00:18:28.741923
4901,Morales-Armstrong,SaaS,India,Partner,2024-11-07,6,2026-07-25 00:18:28.742466
4902,Mclean-Dyer,SaaS,USA,Paid Ads,2025-07-10,12,2026-07-25 00:18:28.742916
4903,Velasquez-Cruz,Manufacturing,Singapore,Outbound Sales,2023-05-19,3,2026-07-25 00:18:28.743335
4904,Vazquez-Johnson,SaaS,USA,Paid Ads,2024-06-23,11,2026-07-25 00:18:28.744370
4905,Johnson and Sons,Finance,India,Outbound Sales,2024-05-28,3,2026-07-25 00:18:28.744790
4906,Hale-Harrison,SaaS,Australia,Organic,2024-07-02,7,2026-07-25 00:18:28.745346
4907,"Stevenson, Proctor and Cunningham",Healthcare,Germany,Partner,2023-02-28,4,2026-07-25 00:18:28.745959
4908,Mccarty Group,Education,Australia,Paid Ads,2025-08-15,20,2026-07-25 00:18:28.746234
4909,Andrade PLC,Consulting,India,Outbound Sales,2023-05-03,10,2026-07-25 00:18:28.746457
4910,Taylor-Dominguez,Healthcare,India,Partner,2025-10-06,20,2026-07-25 00:18:28.746851
4911,Harris-Neal,Education,USA,Social Media,2023-12-13,17,2026-07-25 00:18:28.747228
4912,Ball-White,Finance,Germany,Outbound Sales,2025-07-11,8,2026-07-25 00:18:28.747830
4913,Martin and Sons,Education,India,Partner,2024-06-27,11,2026-07-25 00:18:28.748196
4914,Craig-Simmons,Healthcare,Singapore,Partner,2024-12-19,15,2026-07-25 00:18:28.748722
4915,Castaneda PLC,Manufacturing,Australia,Paid Ads,2023-12-31,10,2026-07-25 00:18:28.749051
4916,"Oliver, Hansen and Hudson",Marketing,Germany,Referral,2024-03-26,10,2026-07-25 00:18:28.751680
4917,"Long, Livingston and Gutierrez",Manufacturing,USA,Referral,2024-06-05,15,2026-07-25 00:18:28.752472
4918,Evans LLC,Healthcare,Singapore,Referral,2024-11-06,2,2026-07-25 00:18:28.752814
4919,Mcgee-Parker,Finance,India,Outbound Sales,2024-02-11,4,2026-07-25 00:18:28.753216
4920,Conner LLC,Healthcare,India,Partner,2024-02-04,5,2026-07-25 00:18:28.753478
4921,Foster PLC,Healthcare,Singapore,Organic,2025-08-08,10,2026-07-25 00:18:28.753789
4922,Mullins and Sons,Manufacturing,Singapore,Paid Ads,2025-07-04,19,2026-07-25 00:18:28.754141
4923,Lane-Mitchell,Retail,Singapore,Partner,2024-02-06,14,2026-07-25 00:18:28.754543
4924,Wiley-Baker,Marketing,India,Social Media,2025-06-12,18,2026-07-25 00:18:28.754982
4925,"Copeland, Lyons and Jackson",E-Commerce,Canada,Social Media,2025-03-27,7,2026-07-25 00:18:28.755568
4926,Watkins PLC,Logistics,Singapore,Organic,2023-12-15,12,2026-07-25 00:18:28.755847
4927,Jacobs Group,Healthcare,Germany,Referral,2024-10-14,12,2026-07-25 00:18:28.756148
4928,"Caldwell, Patel and Townsend",Finance,India,Organic,2023-12-06,9,2026-07-25 00:18:28.756774
4929,"Hodge, Nelson and Wright",Marketing,USA,Partner,2025-03-22,15,2026-07-25 00:18:28.757341
4930,Cuevas PLC,Marketing,United Kingdom,Social Media,2023-06-10,11,2026-07-25 00:18:28.757587
4931,Brown and Sons,Logistics,USA,Paid Ads,2024-11-23,14,2026-07-25 00:18:28.757814
4932,Gill-Mendoza,Manufacturing,United Kingdom,Outbound Sales,2023-06-28,6,2026-07-25 00:18:28.758238
4933,"Bailey, Mitchell and Mckinney",SaaS,United Kingdom,Referral,2024-04-13,9,2026-07-25 00:18:28.758957
4934,Rogers-Mcbride,Marketing,India,Partner,2024-10-03,11,2026-07-25 00:18:28.759431
4935,Johnson Inc,Healthcare,India,Referral,2023-07-24,8,2026-07-25 00:18:28.759690
4936,Ramirez-Reynolds,Consulting,Australia,Partner,2023-03-08,9,2026-07-25 00:18:28.760110
4937,Hickman-Hernandez,Retail,Singapore,Referral,2024-04-17,14,2026-07-25 00:18:28.760778
4938,Knight Inc,SaaS,United Kingdom,Organic,2025-08-07,12,2026-07-25 00:18:28.761143
4939,"Baxter, Rodriguez and Maxwell",Manufacturing,United Kingdom,Outbound Sales,2023-08-08,12,2026-07-25 00:18:28.761799
4940,"Shields, Cook and Long",Manufacturing,India,Organic,2023-11-13,16,2026-07-25 00:18:28.762344
4941,"Mann, Myers and Rivera",Consulting,USA,Referral,2024-07-07,5,2026-07-25 00:18:28.762909
4942,"Byrd, Ruiz and Smith",Manufacturing,Singapore,Social Media,2024-06-08,17,2026-07-25 00:18:28.763549
4943,Livingston PLC,Education,Australia,Partner,2024-10-30,17,2026-07-25 00:18:28.763836
4944,Green LLC,E-Commerce,Australia,Outbound Sales,2023-12-06,7,2026-07-25 00:18:28.764111
4945,Lopez-Dominguez,Marketing,United Kingdom,Social Media,2025-05-08,2,2026-07-25 00:18:28.764555
4946,Walker-Jones,Logistics,Singapore,Outbound Sales,2024-09-08,18,2026-07-25 00:18:28.765083
4947,"Watson, Dyer and Phillips",Education,Australia,Partner,2025-04-22,2,2026-07-25 00:18:28.765687
4948,Poole and Sons,Education,Canada,Organic,2023-10-13,14,2026-07-25 00:18:28.765935
4949,"Taylor, Hodge and Lee",E-Commerce,Singapore,Organic,2025-11-07,16,2026-07-25 00:18:28.767487
4950,White-Russell,Marketing,Germany,Outbound Sales,2024-12-11,19,2026-07-25 00:18:28.768316
4951,Smith and Sons,Retail,Canada,Outbound Sales,2025-10-16,8,2026-07-25 00:18:28.768674
4952,Klein-Perry,Logistics,Canada,Paid Ads,2025-10-27,2,2026-07-25 00:18:28.769188
4953,"Owen, Foster and Underwood",Retail,Singapore,Outbound Sales,2025-12-12,9,2026-07-25 00:18:28.769796
4954,Arnold Ltd,Marketing,Canada,Organic,2023-02-13,17,2026-07-25 00:18:28.770119
4955,"Zimmerman, Thomas and Dalton",Retail,India,Referral,2024-05-02,15,2026-07-25 00:18:28.770807
4956,"Chung, Hernandez and Ballard",Retail,Germany,Organic,2024-08-15,14,2026-07-25 00:18:28.771500
4957,"Bates, Freeman and Small",SaaS,India,Paid Ads,2023-05-20,18,2026-07-25 00:18:28.772328
4958,Baker-Chaney,Consulting,Germany,Organic,2023-04-11,17,2026-07-25 00:18:28.772999
4959,Skinner Inc,Education,United Kingdom,Outbound Sales,2024-04-14,2,2026-07-25 00:18:28.773360
4960,Herrera LLC,Logistics,Australia,Referral,2023-08-30,18,2026-07-25 00:18:28.773673
4961,Martin PLC,Consulting,Canada,Organic,2023-03-14,8,2026-07-25 00:18:28.773956
4962,Henderson-Morgan,Marketing,Australia,Social Media,2025-08-04,11,2026-07-25 00:18:28.774375
4963,Blair-Molina,Healthcare,Australia,Social Media,2024-11-27,7,2026-07-25 00:18:28.774808
4964,Harris PLC,SaaS,Singapore,Partner,2023-09-05,3,2026-07-25 00:18:28.775068
4965,"Mcguire, Smith and Smith",Manufacturing,Singapore,Referral,2023-08-27,16,2026-07-25 00:18:28.775614
4966,Berry-Rodriguez,SaaS,India,Referral,2024-05-27,9,2026-07-25 00:18:28.776024
4967,Hall and Sons,Healthcare,Singapore,Paid Ads,2023-11-14,9,2026-07-25 00:18:28.776271
4968,Ortiz-Alexander,Marketing,USA,Partner,2023-11-03,7,2026-07-25 00:18:28.776653
4969,Santiago Group,Healthcare,Canada,Organic,2025-12-11,10,2026-07-25 00:18:28.777207
4970,Cantu-Smith,Education,Australia,Social Media,2024-12-09,18,2026-07-25 00:18:28.777640
4971,Parsons PLC,Finance,India,Referral,2024-10-25,4,2026-07-25 00:18:28.777931
4972,Potter-Edwards,SaaS,USA,Organic,2025-08-05,9,2026-07-25 00:18:28.778388
4973,Ramirez LLC,Healthcare,India,Partner,2023-03-30,11,2026-07-25 00:18:28.778634
4974,Miller and Sons,Finance,Australia,Outbound Sales,2023-11-24,15,2026-07-25 00:18:28.778874
4975,"Perkins, Hammond and Cabrera",Consulting,India,Partner,2023-12-25,20,2026-07-25 00:18:28.779415
4976,Johnson LLC,Education,United Kingdom,Organic,2023-09-23,12,2026-07-25 00:18:28.779668
4977,Martinez LLC,Finance,Canada,Referral,2023-07-24,13,2026-07-25 00:18:28.779912
4978,Potts PLC,Retail,Australia,Paid Ads,2024-12-13,1,2026-07-25 00:18:28.780158
4979,Gibson and Sons,E-Commerce,United Kingdom,Organic,2023-01-26,3,2026-07-25 00:18:28.780401
4980,"Robles, Carter and Ibarra",Healthcare,USA,Paid Ads,2023-09-11,6,2026-07-25 00:18:28.780933
4981,Olsen-Bowen,Consulting,United Kingdom,Social Media,2023-04-01,18,2026-07-25 00:18:28.781369
4982,"Ware, Ford and Parsons",Retail,Germany,Social Media,2024-02-07,12,2026-07-25 00:18:28.781929
4983,May-Vazquez,SaaS,Canada,Partner,2023-06-07,14,2026-07-25 00:18:28.782357
4984,Gutierrez-Dean,Finance,United Kingdom,Outbound Sales,2024-05-13,13,2026-07-25 00:18:28.783057
4985,Frost Inc,Retail,USA,Referral,2025-07-22,20,2026-07-25 00:18:28.783398
4986,Bowman-Perez,Logistics,United Kingdom,Outbound Sales,2024-08-23,3,2026-07-25 00:18:28.783785
4987,Kramer Group,Retail,United Kingdom,Social Media,2024-11-15,16,2026-07-25 00:18:28.784076
4988,Morgan Inc,Consulting,United Kingdom,Partner,2025-09-03,13,2026-07-25 00:18:28.784440
4989,Stewart Inc,Manufacturing,Singapore,Paid Ads,2023-10-07,7,2026-07-25 00:18:28.784759
4990,"Cooper, Long and Ferguson",SaaS,India,Partner,2025-06-27,7,2026-07-25 00:18:28.785416
4991,"Hardy, Hernandez and Wright",SaaS,Australia,Paid Ads,2024-01-31,1,2026-07-25 00:18:28.786095
4992,"Lopez, Berry and Shepard",Manufacturing,Singapore,Paid Ads,2024-01-22,14,2026-07-25 00:18:28.786744
4993,Anderson Inc,SaaS,Canada,Partner,2023-10-17,3,2026-07-25 00:18:28.787070
4994,Schmidt PLC,Healthcare,United Kingdom,Organic,2023-03-15,20,2026-07-25 00:18:28.787336
4995,Terry Ltd,Consulting,Australia,Organic,2023-03-07,19,2026-07-25 00:18:28.787583
4996,Aguirre-Newton,Healthcare,Germany,Partner,2025-05-08,18,2026-07-25 00:18:28.788026
4997,"Hendricks, Daugherty and Jones",Consulting,Singapore,Paid Ads,2023-03-19,4,2026-07-25 00:18:28.788598
4998,Carter-Johnson,E-Commerce,United Kingdom,Organic,2023-03-18,11,2026-07-25 00:18:28.789033
4999,George LLC,Retail,Canada,Outbound Sales,2025-09-04,14,2026-07-25 00:18:28.789947
5000,"Bonilla, Williamson and Benson",Education,India,Organic,2023-06-10,2,2026-07-25 00:18:28.790617
