subscription_id,customer_id,plan_id,billing_cycle,subscription_start,subscription_end,subscription_status,discount_percent,created_at
1,1,3,Annual,2023-05-25,,Active,10,2026-07-25 00:18:29.042730
2,2,3,Monthly,2025-01-17,2025-11-30,Expired,15,2026-07-25 00:18:29.042767
3,3,4,Monthly,2023-09-13,2024-10-19,Expired,10,2026-07-25 00:18:29.042785
4,4,2,Monthly,2024-12-07,,Active,10,2026-07-25 00:18:29.042797
5,5,1,Annual,2025-05-13,,Active,0,2026-07-25 00:18:29.042810
6,6,1,Monthly,2023-04-01,,Active,10,2026-07-25 00:18:29.042822
7,7,1,Monthly,2023-03-19,,Active,0,2026-07-25 00:18:29.042833
8,8,1,Annual,2023-03-30,,Active,0,2026-07-25 00:18:29.042845
9,9,3,Monthly,2025-11-14,,Active,10,2026-07-25 00:18:29.042856
10,10,3,Monthly,2024-01-18,,Active,15,2026-07-25 00:18:29.042868
11,11,2,Annual,2025-06-25,,Active,15,2026-07-25 00:18:29.042878
12,12,1,Monthly,2024-05-03,,Active,5,2026-07-25 00:18:29.042890
13,13,1,Monthly,2025-11-09,2027-08-03,Expired,15,2026-07-25 00:18:29.042907
14,14,1,Monthly,2023-04-23,,Active,0,2026-07-25 00:18:29.042918
15,15,1,Monthly,2023-06-05,,Active,5,2026-07-25 00:18:29.042929
16,16,1,Monthly,2024-02-16,,Active,0,2026-07-25 00:18:29.042940
17,17,2,Monthly,2024-01-15,,Active,5,2026-07-25 00:18:29.042951
18,18,1,Monthly,2025-04-23,2027-04-21,Expired,15,2026-07-25 00:18:29.042967
19,19,1,Monthly,2025-04-01,,Active,5,2026-07-25 00:18:29.042978
20,20,1,Monthly,2024-04-10,,Active,15,2026-07-25 00:18:29.042992
21,21,1,Monthly,2023-06-16,,Active,15,2026-07-25 00:18:29.043006
22,22,4,Monthly,2024-06-16,,Active,10,2026-07-25 00:18:29.043018
23,23,1,Monthly,2025-02-24,2025-07-31,Cancelled,10,2026-07-25 00:18:29.043036
24,24,2,Annual,2023-03-20,,Active,15,2026-07-25 00:18:29.043047
25,25,2,Monthly,2023-03-10,,Active,5,2026-07-25 00:18:29.043058
26,26,3,Annual,2025-09-16,,Active,5,2026-07-25 00:18:29.043069
27,27,1,Annual,2024-10-26,,Active,0,2026-07-25 00:18:29.043082
28,28,2,Monthly,2023-08-20,,Active,5,2026-07-25 00:18:29.043093
29,29,1,Monthly,2024-10-29,,Active,5,2026-07-25 00:18:29.043104
30,30,2,Monthly,2023-03-03,2023-04-16,Cancelled,10,2026-07-25 00:18:29.043120
31,31,1,Monthly,2023-06-09,,Active,0,2026-07-25 00:18:29.043131
32,32,3,Monthly,2024-09-23,,Active,10,2026-07-25 00:18:29.043142
33,33,1,Monthly,2023-09-10,,Active,5,2026-07-25 00:18:29.043153
34,34,1,Monthly,2023-10-06,,Active,5,2026-07-25 00:18:29.043165
35,35,1,Monthly,2025-11-06,2027-02-26,Expired,0,2026-07-25 00:18:29.043181
36,36,1,Monthly,2023-06-17,,Active,0,2026-07-25 00:18:29.043192
37,37,2,Monthly,2023-12-12,,Active,0,2026-07-25 00:18:29.043203
38,38,3,Monthly,2024-06-27,,Active,15,2026-07-25 00:18:29.043216
39,39,2,Monthly,2023-12-13,,Active,0,2026-07-25 00:18:29.043227
40,40,2,Monthly,2024-05-24,,Active,15,2026-07-25 00:18:29.043238
41,41,1,Annual,2024-03-09,2025-08-09,Cancelled,10,2026-07-25 00:18:29.043253
42,42,1,Annual,2025-04-12,,Active,0,2026-07-25 00:18:29.043289
43,43,2,Monthly,2024-02-10,,Active,5,2026-07-25 00:18:29.043302
44,44,1,Monthly,2023-03-01,,Active,0,2026-07-25 00:18:29.043313
45,45,1,Monthly,2024-05-02,,Active,15,2026-07-25 00:18:29.043324
46,46,1,Annual,2024-08-21,,Active,5,2026-07-25 00:18:29.043334
47,47,3,Monthly,2025-03-18,,Active,5,2026-07-25 00:18:29.043346
48,48,2,Monthly,2023-11-03,2023-12-06,Expired,0,2026-07-25 00:18:29.043361
49,49,1,Monthly,2024-05-27,,Active,10,2026-07-25 00:18:29.043372
50,50,1,Monthly,2024-04-11,,Active,10,2026-07-25 00:18:29.043383
51,51,2,Monthly,2024-04-04,,Active,10,2026-07-25 00:18:29.043394
52,52,2,Monthly,2025-11-18,,Active,10,2026-07-25 00:18:29.043405
53,53,1,Monthly,2025-05-01,,Active,5,2026-07-25 00:18:29.043417
54,54,1,Monthly,2024-10-29,2025-11-28,Cancelled,5,2026-07-25 00:18:29.043433
55,55,1,Monthly,2025-11-15,,Active,0,2026-07-25 00:18:29.043444
56,56,2,Annual,2023-09-21,,Active,5,2026-07-25 00:18:29.043455
57,57,1,Monthly,2024-06-04,,Active,0,2026-07-25 00:18:29.043467
58,58,1,Monthly,2025-11-11,2027-06-25,Expired,5,2026-07-25 00:18:29.043484
59,59,1,Monthly,2023-02-07,,Active,0,2026-07-25 00:18:29.043495
60,60,1,Monthly,2025-08-07,2026-10-29,Cancelled,10,2026-07-25 00:18:29.043512
61,61,2,Monthly,2025-06-13,2026-02-12,Cancelled,5,2026-07-25 00:18:29.043526
62,62,2,Monthly,2025-02-06,,Active,5,2026-07-25 00:18:29.043539
63,63,1,Monthly,2023-01-09,,Active,0,2026-07-25 00:18:29.043551
64,64,3,Annual,2023-10-01,,Active,15,2026-07-25 00:18:29.043563
65,65,3,Monthly,2023-07-08,,Active,5,2026-07-25 00:18:29.043574
66,66,3,Monthly,2025-04-05,,Active,10,2026-07-25 00:18:29.043586
67,67,3,Monthly,2025-08-09,,Active,5,2026-07-25 00:18:29.043596
68,68,1,Monthly,2024-11-23,,Active,0,2026-07-25 00:18:29.043607
69,69,2,Annual,2024-11-30,,Active,5,2026-07-25 00:18:29.043618
70,70,2,Monthly,2024-03-06,,Active,5,2026-07-25 00:18:29.043629
71,71,1,Monthly,2024-03-19,,Active,15,2026-07-25 00:18:29.043639
72,72,1,Monthly,2025-04-19,,Active,5,2026-07-25 00:18:29.043650
73,73,1,Monthly,2024-08-18,,Active,15,2026-07-25 00:18:29.043661
74,74,1,Annual,2024-05-29,,Active,15,2026-07-25 00:18:29.043672
75,75,1,Monthly,2024-08-28,,Active,5,2026-07-25 00:18:29.043683
76,76,2,Monthly,2025-06-13,2025-11-01,Cancelled,5,2026-07-25 00:18:29.043697
77,77,1,Monthly,2024-04-08,,Active,5,2026-07-25 00:18:29.043708
78,78,2,Monthly,2024-10-12,,Active,10,2026-07-25 00:18:29.043724
79,79,3,Annual,2023-12-09,,Active,5,2026-07-25 00:18:29.043735
80,80,4,Monthly,2023-02-15,,Active,15,2026-07-25 00:18:29.043748
81,81,1,Monthly,2024-09-20,,Active,0,2026-07-25 00:18:29.043786
82,82,1,Monthly,2025-08-24,,Active,15,2026-07-25 00:18:29.043797
83,83,3,Monthly,2023-02-12,2023-07-10,Cancelled,5,2026-07-25 00:18:29.043812
84,84,3,Monthly,2024-12-18,,Active,0,2026-07-25 00:18:29.043823
85,85,2,Monthly,2024-05-23,,Active,5,2026-07-25 00:18:29.043835
86,86,1,Annual,2024-08-11,,Active,5,2026-07-25 00:18:29.043846
87,87,1,Annual,2024-01-27,,Active,0,2026-07-25 00:18:29.043857
88,88,1,Monthly,2025-04-17,,Active,0,2026-07-25 00:18:29.043869
89,89,1,Monthly,2023-12-15,,Active,5,2026-07-25 00:18:29.043881
90,90,1,Annual,2023-02-18,,Active,5,2026-07-25 00:18:29.043892
91,91,3,Monthly,2025-08-23,,Active,5,2026-07-25 00:18:29.043902
92,92,2,Monthly,2025-11-05,,Active,0,2026-07-25 00:18:29.043915
93,93,2,Monthly,2024-12-23,,Active,10,2026-07-25 00:18:29.043925
94,94,4,Monthly,2023-06-27,,Active,0,2026-07-25 00:18:29.043937
95,95,2,Monthly,2025-06-17,,Active,0,2026-07-25 00:18:29.043948
96,96,1,Monthly,2025-11-18,,Active,0,2026-07-25 00:18:29.043959
97,97,1,Annual,2023-04-29,,Active,0,2026-07-25 00:18:29.043970
98,98,1,Monthly,2024-04-13,2026-03-07,Cancelled,0,2026-07-25 00:18:29.043985
99,99,2,Monthly,2023-03-05,2024-02-18,Expired,0,2026-07-25 00:18:29.043999
100,100,2,Monthly,2023-04-18,,Active,10,2026-07-25 00:18:29.044010
101,101,1,Annual,2025-01-31,,Active,15,2026-07-25 00:18:29.044021
102,102,1,Monthly,2025-09-14,,Active,5,2026-07-25 00:18:29.044033
103,103,1,Monthly,2025-03-21,,Active,0,2026-07-25 00:18:29.044045
104,104,1,Monthly,2025-01-21,,Active,15,2026-07-25 00:18:29.044055
105,105,1,Monthly,2024-02-21,,Active,10,2026-07-25 00:18:29.044066
106,106,3,Monthly,2023-05-15,,Active,0,2026-07-25 00:18:29.044077
107,107,1,Monthly,2024-12-22,,Active,15,2026-07-25 00:18:29.044089
108,108,1,Monthly,2024-05-19,,Active,10,2026-07-25 00:18:29.044101
109,109,1,Monthly,2024-02-06,2025-03-20,Expired,10,2026-07-25 00:18:29.044115
110,110,1,Monthly,2024-03-05,,Active,0,2026-07-25 00:18:29.044128
111,111,2,Monthly,2024-09-23,,Active,15,2026-07-25 00:18:29.044138
112,112,1,Annual,2025-01-09,,Active,15,2026-07-25 00:18:29.044150
113,113,2,Monthly,2024-04-02,,Active,5,2026-07-25 00:18:29.044161
114,114,1,Annual,2024-04-20,,Active,0,2026-07-25 00:18:29.044172
115,115,3,Monthly,2024-10-22,,Active,0,2026-07-25 00:18:29.044183
116,116,1,Annual,2024-04-21,,Active,5,2026-07-25 00:18:29.044194
117,117,1,Annual,2024-05-05,,Active,5,2026-07-25 00:18:29.044206
118,118,1,Monthly,2023-10-15,,Active,0,2026-07-25 00:18:29.044216
119,119,1,Monthly,2024-03-05,,Active,5,2026-07-25 00:18:29.044227
120,120,2,Monthly,2023-06-06,,Active,5,2026-07-25 00:18:29.044238
121,121,1,Monthly,2023-10-06,,Active,10,2026-07-25 00:18:29.044249
122,122,1,Monthly,2024-03-02,,Active,15,2026-07-25 00:18:29.044261
123,123,2,Monthly,2024-03-29,,Active,15,2026-07-25 00:18:29.044272
124,124,1,Monthly,2023-06-09,,Active,0,2026-07-25 00:18:29.044283
125,125,1,Monthly,2025-01-13,,Active,15,2026-07-25 00:18:29.044294
126,126,1,Monthly,2024-01-28,2025-03-15,Expired,0,2026-07-25 00:18:29.044309
127,127,1,Monthly,2025-02-02,,Active,10,2026-07-25 00:18:29.044320
128,128,1,Monthly,2023-03-25,,Active,0,2026-07-25 00:18:29.044331
129,129,2,Monthly,2024-04-16,,Active,10,2026-07-25 00:18:29.044341
130,130,3,Annual,2025-05-16,,Active,0,2026-07-25 00:18:29.044354
131,131,2,Monthly,2023-12-17,,Active,5,2026-07-25 00:18:29.044365
132,132,3,Monthly,2025-07-03,,Active,5,2026-07-25 00:18:29.044376
133,133,1,Monthly,2025-08-05,2025-11-06,Cancelled,10,2026-07-25 00:18:29.044391
134,134,1,Monthly,2024-02-16,,Active,10,2026-07-25 00:18:29.044401
135,135,1,Annual,2023-09-01,2024-05-01,Cancelled,10,2026-07-25 00:18:29.044415
136,136,1,Monthly,2025-07-11,,Active,0,2026-07-25 00:18:29.044426
137,137,1,Monthly,2024-03-15,,Active,0,2026-07-25 00:18:29.044437
138,138,1,Monthly,2024-02-15,,Active,15,2026-07-25 00:18:29.044447
139,139,2,Monthly,2023-06-28,,Active,5,2026-07-25 00:18:29.044458
140,140,1,Monthly,2023-08-09,,Active,15,2026-07-25 00:18:29.044468
141,141,1,Monthly,2025-07-13,,Active,5,2026-07-25 00:18:29.044479
142,142,1,Monthly,2024-12-29,,Active,0,2026-07-25 00:18:29.044489
143,143,4,Monthly,2025-04-18,2027-02-03,Cancelled,15,2026-07-25 00:18:29.044503
144,144,2,Monthly,2024-11-02,,Active,15,2026-07-25 00:18:29.044514
145,145,4,Monthly,2025-11-13,2027-07-01,Cancelled,0,2026-07-25 00:18:29.044528
146,146,1,Annual,2024-02-23,,Active,0,2026-07-25 00:18:29.044539
147,147,2,Monthly,2025-10-09,,Active,5,2026-07-25 00:18:29.044550
148,148,3,Monthly,2025-06-28,,Active,15,2026-07-25 00:18:29.044560
149,149,1,Monthly,2023-05-22,,Active,10,2026-07-25 00:18:29.044572
150,150,3,Annual,2025-11-07,,Active,15,2026-07-25 00:18:29.044584
151,151,3,Monthly,2024-10-01,2026-09-27,Cancelled,10,2026-07-25 00:18:29.044598
152,152,2,Annual,2025-05-04,,Active,0,2026-07-25 00:18:29.044609
153,153,1,Monthly,2024-01-28,,Active,10,2026-07-25 00:18:29.044620
154,154,1,Monthly,2025-03-10,,Active,15,2026-07-25 00:18:29.044631
155,155,1,Monthly,2024-12-18,,Active,15,2026-07-25 00:18:29.044642
156,156,1,Monthly,2025-08-25,,Active,5,2026-07-25 00:18:29.044652
157,157,2,Monthly,2023-11-13,,Active,15,2026-07-25 00:18:29.044663
158,158,1,Monthly,2024-11-11,,Active,10,2026-07-25 00:18:29.044674
159,159,3,Annual,2024-01-07,,Active,10,2026-07-25 00:18:29.044684
160,160,1,Annual,2023-05-25,,Active,0,2026-07-25 00:18:29.044695
161,161,3,Monthly,2024-12-17,,Active,10,2026-07-25 00:18:29.044705
162,162,1,Monthly,2025-02-13,2026-05-27,Expired,0,2026-07-25 00:18:29.044720
163,163,1,Monthly,2025-01-19,,Active,15,2026-07-25 00:18:29.044730
164,164,2,Monthly,2024-08-18,,Active,5,2026-07-25 00:18:29.044741
165,165,3,Annual,2023-08-01,,Active,10,2026-07-25 00:18:29.044752
166,166,1,Annual,2024-06-11,2024-10-09,Cancelled,0,2026-07-25 00:18:29.044767
167,167,1,Monthly,2025-06-30,,Active,5,2026-07-25 00:18:29.044777
168,168,1,Monthly,2025-04-16,,Active,10,2026-07-25 00:18:29.044788
169,169,1,Monthly,2025-04-24,,Active,5,2026-07-25 00:18:29.044799
170,170,1,Monthly,2023-10-21,,Active,15,2026-07-25 00:18:29.044809
171,171,1,Annual,2024-09-30,,Active,5,2026-07-25 00:18:29.044820
172,172,4,Monthly,2024-08-15,2025-07-08,Cancelled,0,2026-07-25 00:18:29.044834
173,173,1,Monthly,2025-10-09,,Active,15,2026-07-25 00:18:29.044845
174,174,2,Monthly,2023-07-16,,Active,5,2026-07-25 00:18:29.044858
175,175,1,Monthly,2024-11-14,,Active,0,2026-07-25 00:18:29.044869
176,176,1,Monthly,2023-01-24,,Active,0,2026-07-25 00:18:29.044880
177,177,2,Monthly,2023-04-27,,Active,0,2026-07-25 00:18:29.044891
178,178,3,Monthly,2025-08-26,,Active,0,2026-07-25 00:18:29.044902
179,179,2,Monthly,2025-11-13,,Active,5,2026-07-25 00:18:29.044913
180,180,1,Monthly,2025-01-28,,Active,15,2026-07-25 00:18:29.044923
181,181,2,Monthly,2024-03-22,,Active,10,2026-07-25 00:18:29.044934
182,182,3,Monthly,2023-06-02,,Active,15,2026-07-25 00:18:29.044946
183,183,1,Monthly,2024-04-10,,Active,10,2026-07-25 00:18:29.044957
184,184,2,Monthly,2024-03-31,,Active,5,2026-07-25 00:18:29.044968
185,185,1,Monthly,2025-04-05,,Active,10,2026-07-25 00:18:29.044979
186,186,2,Annual,2023-09-22,,Active,5,2026-07-25 00:18:29.044992
187,187,3,Annual,2025-08-20,,Active,5,2026-07-25 00:18:29.045003
188,188,1,Annual,2024-12-17,,Active,15,2026-07-25 00:18:29.045014
189,189,2,Monthly,2024-12-23,2025-03-19,Expired,0,2026-07-25 00:18:29.045028
190,190,4,Monthly,2024-11-17,,Active,0,2026-07-25 00:18:29.045039
191,191,1,Annual,2024-10-21,,Active,15,2026-07-25 00:18:29.045049
192,192,1,Monthly,2024-08-20,,Active,5,2026-07-25 00:18:29.045060
193,193,1,Monthly,2024-07-11,,Active,10,2026-07-25 00:18:29.045072
194,194,2,Monthly,2025-10-19,2027-05-04,Cancelled,0,2026-07-25 00:18:29.045087
195,195,3,Annual,2025-12-01,2026-01-03,Expired,15,2026-07-25 00:18:29.045102
196,196,3,Monthly,2024-03-20,,Active,15,2026-07-25 00:18:29.045113
197,197,1,Annual,2023-12-07,,Active,5,2026-07-25 00:18:29.045124
198,198,1,Monthly,2025-10-21,,Active,5,2026-07-25 00:18:29.045135
199,199,1,Monthly,2025-10-01,,Active,15,2026-07-25 00:18:29.045145
200,200,2,Monthly,2023-02-21,,Active,5,2026-07-25 00:18:29.045156
201,201,1,Monthly,2024-05-22,,Active,5,2026-07-25 00:18:29.045167
202,202,2,Monthly,2024-07-22,,Active,10,2026-07-25 00:18:29.045180
203,203,4,Monthly,2025-01-18,,Active,5,2026-07-25 00:18:29.045190
204,204,2,Monthly,2023-06-28,,Active,10,2026-07-25 00:18:29.045201
205,205,3,Annual,2023-12-17,,Active,0,2026-07-25 00:18:29.045212
206,206,3,Monthly,2025-05-15,,Active,0,2026-07-25 00:18:29.045222
207,207,1,Monthly,2024-02-15,2025-06-03,Cancelled,15,2026-07-25 00:18:29.045237
208,208,1,Annual,2024-02-12,,Active,15,2026-07-25 00:18:29.045248
209,209,1,Monthly,2025-11-14,,Active,10,2026-07-25 00:18:29.045259
210,210,3,Monthly,2025-05-22,2025-07-17,Cancelled,0,2026-07-25 00:18:29.045297
211,211,1,Monthly,2023-04-09,,Active,0,2026-07-25 00:18:29.045310
212,212,1,Annual,2024-09-26,,Active,10,2026-07-25 00:18:29.045321
213,213,1,Monthly,2024-04-17,,Active,5,2026-07-25 00:18:29.045332
214,214,3,Monthly,2025-04-15,2027-03-03,Expired,5,2026-07-25 00:18:29.045348
215,215,1,Monthly,2025-11-07,,Active,10,2026-07-25 00:18:29.045358
216,216,1,Monthly,2023-08-29,,Active,10,2026-07-25 00:18:29.045369
217,217,1,Annual,2025-08-14,,Active,5,2026-07-25 00:18:29.045380
218,218,2,Monthly,2025-12-08,,Active,5,2026-07-25 00:18:29.045391
219,219,2,Monthly,2024-01-02,,Active,0,2026-07-25 00:18:29.045402
220,220,2,Monthly,2025-04-25,,Active,15,2026-07-25 00:18:29.045413
221,221,3,Monthly,2023-07-09,2024-01-19,Expired,0,2026-07-25 00:18:29.045428
222,222,2,Monthly,2025-09-20,,Active,10,2026-07-25 00:18:29.045439
223,223,1,Monthly,2023-07-15,,Active,5,2026-07-25 00:18:29.045450
224,224,1,Annual,2025-06-29,,Active,10,2026-07-25 00:18:29.045461
225,225,2,Monthly,2024-05-25,,Active,15,2026-07-25 00:18:29.045471
226,226,1,Monthly,2023-01-05,,Active,0,2026-07-25 00:18:29.045481
227,227,1,Monthly,2023-07-21,2024-02-04,Expired,0,2026-07-25 00:18:29.045496
228,228,2,Monthly,2023-02-10,,Active,15,2026-07-25 00:18:29.045506
229,229,1,Monthly,2025-07-03,,Active,5,2026-07-25 00:18:29.045517
230,230,1,Annual,2023-07-16,,Active,15,2026-07-25 00:18:29.045528
231,231,1,Monthly,2024-11-27,,Active,10,2026-07-25 00:18:29.045539
232,232,1,Monthly,2025-02-21,,Active,5,2026-07-25 00:18:29.045549
233,233,3,Monthly,2025-10-20,,Active,15,2026-07-25 00:18:29.045560
234,234,1,Annual,2025-01-14,,Active,15,2026-07-25 00:18:29.045574
235,235,1,Monthly,2024-11-20,2025-08-19,Expired,10,2026-07-25 00:18:29.045588
236,236,3,Monthly,2025-08-02,,Active,5,2026-07-25 00:18:29.045599
237,237,3,Monthly,2025-08-27,,Active,5,2026-07-25 00:18:29.045609
238,238,3,Annual,2025-07-17,,Active,0,2026-07-25 00:18:29.045620
239,239,3,Monthly,2025-12-26,2027-09-20,Cancelled,5,2026-07-25 00:18:29.045634
240,240,1,Monthly,2025-05-06,,Active,15,2026-07-25 00:18:29.045644
241,241,1,Monthly,2024-10-04,,Active,15,2026-07-25 00:18:29.045655
242,242,2,Monthly,2023-05-28,,Active,15,2026-07-25 00:18:29.045665
243,243,3,Annual,2024-08-04,,Active,5,2026-07-25 00:18:29.045676
244,244,3,Monthly,2023-04-15,2023-11-12,Cancelled,10,2026-07-25 00:18:29.045690
245,245,1,Monthly,2024-11-01,,Active,15,2026-07-25 00:18:29.045700
246,246,4,Monthly,2023-07-22,,Active,15,2026-07-25 00:18:29.045711
247,247,1,Monthly,2025-11-06,2026-04-06,Expired,0,2026-07-25 00:18:29.045728
248,248,1,Annual,2024-10-19,2025-07-17,Expired,5,2026-07-25 00:18:29.045745
249,249,3,Monthly,2023-06-10,,Active,15,2026-07-25 00:18:29.045757
250,250,1,Annual,2023-06-18,,Active,5,2026-07-25 00:18:29.045769
251,251,1,Monthly,2024-03-08,,Active,0,2026-07-25 00:18:29.045781
252,252,4,Monthly,2025-08-23,,Active,0,2026-07-25 00:18:29.045793
253,253,2,Monthly,2025-10-18,,Active,0,2026-07-25 00:18:29.045805
254,254,2,Monthly,2024-04-24,,Active,0,2026-07-25 00:18:29.045817
255,255,1,Monthly,2023-08-11,,Active,5,2026-07-25 00:18:29.045827
256,256,1,Monthly,2023-02-17,,Active,0,2026-07-25 00:18:29.045838
257,257,2,Monthly,2024-08-07,,Active,5,2026-07-25 00:18:29.045850
258,258,1,Monthly,2024-04-29,,Active,0,2026-07-25 00:18:29.045861
259,259,4,Annual,2023-03-23,,Active,10,2026-07-25 00:18:29.045872
260,260,2,Monthly,2023-03-19,2023-12-09,Expired,15,2026-07-25 00:18:29.045888
261,261,4,Monthly,2025-08-01,,Active,10,2026-07-25 00:18:29.045899
262,262,2,Monthly,2025-03-06,,Active,0,2026-07-25 00:18:29.045913
263,263,2,Monthly,2024-03-16,,Active,15,2026-07-25 00:18:29.045924
264,264,4,Monthly,2023-03-12,,Active,15,2026-07-25 00:18:29.045936
265,265,1,Annual,2023-03-27,2023-12-22,Expired,15,2026-07-25 00:18:29.045952
266,266,1,Monthly,2023-08-02,,Active,5,2026-07-25 00:18:29.045963
267,267,1,Monthly,2025-02-11,,Active,0,2026-07-25 00:18:29.045974
268,268,4,Monthly,2023-12-24,,Active,15,2026-07-25 00:18:29.045985
269,269,1,Monthly,2024-09-08,,Active,5,2026-07-25 00:18:29.045995
270,270,3,Monthly,2024-05-01,,Active,15,2026-07-25 00:18:29.046008
271,271,2,Annual,2024-03-25,,Active,10,2026-07-25 00:18:29.046019
272,272,1,Annual,2023-09-24,,Active,0,2026-07-25 00:18:29.046030
273,273,2,Monthly,2024-11-09,,Active,0,2026-07-25 00:18:29.046041
274,274,1,Monthly,2024-09-14,,Active,5,2026-07-25 00:18:29.046051
275,275,1,Annual,2023-12-11,,Active,10,2026-07-25 00:18:29.046062
276,276,2,Monthly,2025-09-10,,Active,10,2026-07-25 00:18:29.046073
277,277,2,Monthly,2024-06-26,,Active,0,2026-07-25 00:18:29.046083
278,278,1,Monthly,2023-08-18,2024-03-15,Cancelled,10,2026-07-25 00:18:29.046098
279,279,3,Monthly,2023-11-03,,Active,15,2026-07-25 00:18:29.046109
280,280,1,Monthly,2023-04-28,,Active,10,2026-07-25 00:18:29.046120
281,281,1,Annual,2025-02-06,,Active,10,2026-07-25 00:18:29.046131
282,282,2,Annual,2024-11-28,2025-08-12,Cancelled,5,2026-07-25 00:18:29.046145
283,283,1,Annual,2025-08-28,2027-05-06,Cancelled,10,2026-07-25 00:18:29.046159
284,284,1,Monthly,2023-08-23,,Active,10,2026-07-25 00:18:29.046170
285,285,1,Monthly,2024-04-15,,Active,15,2026-07-25 00:18:29.046181
286,286,1,Monthly,2023-04-26,2024-06-27,Expired,5,2026-07-25 00:18:29.046195
287,287,1,Annual,2024-07-26,,Active,5,2026-07-25 00:18:29.046205
288,288,1,Monthly,2023-05-21,,Active,0,2026-07-25 00:18:29.046216
289,289,1,Monthly,2023-03-05,2024-09-01,Expired,15,2026-07-25 00:18:29.046230
290,290,1,Monthly,2023-10-20,,Active,10,2026-07-25 00:18:29.046241
291,291,4,Monthly,2023-04-07,2024-11-29,Expired,10,2026-07-25 00:18:29.046255
292,292,2,Monthly,2024-06-17,,Active,10,2026-07-25 00:18:29.046265
293,293,1,Monthly,2024-11-11,,Active,0,2026-07-25 00:18:29.046277
294,294,3,Monthly,2024-07-19,2026-03-31,Cancelled,0,2026-07-25 00:18:29.046291
295,295,3,Monthly,2024-06-09,,Active,5,2026-07-25 00:18:29.046302
296,296,1,Monthly,2023-04-13,,Active,10,2026-07-25 00:18:29.046314
297,297,2,Monthly,2024-03-17,,Active,15,2026-07-25 00:18:29.046325
298,298,1,Monthly,2025-07-25,,Active,10,2026-07-25 00:18:29.046336
299,299,3,Monthly,2025-10-27,,Active,5,2026-07-25 00:18:29.046346
300,300,1,Monthly,2025-10-16,2027-01-18,Cancelled,0,2026-07-25 00:18:29.046361
301,301,1,Annual,2023-05-12,,Active,0,2026-07-25 00:18:29.046372
302,302,1,Annual,2024-05-25,,Active,5,2026-07-25 00:18:29.046383
303,303,2,Monthly,2025-11-30,,Active,0,2026-07-25 00:18:29.046393
304,304,1,Monthly,2023-01-29,,Active,0,2026-07-25 00:18:29.046404
305,305,2,Monthly,2024-06-14,,Active,5,2026-07-25 00:18:29.046415
306,306,2,Monthly,2023-08-29,,Active,5,2026-07-25 00:18:29.046424
307,307,3,Annual,2025-02-27,,Active,10,2026-07-25 00:18:29.046433
308,308,1,Monthly,2024-06-07,2025-06-10,Cancelled,15,2026-07-25 00:18:29.046447
309,309,1,Monthly,2025-12-12,2027-08-31,Expired,15,2026-07-25 00:18:29.046463
310,310,1,Annual,2024-09-30,,Active,5,2026-07-25 00:18:29.046485
311,311,1,Monthly,2024-11-21,,Active,10,2026-07-25 00:18:29.046495
312,312,1,Monthly,2025-04-09,,Active,10,2026-07-25 00:18:29.046511
313,313,2,Monthly,2023-10-29,,Active,10,2026-07-25 00:18:29.046526
314,314,1,Annual,2024-11-15,,Active,0,2026-07-25 00:18:29.046536
315,315,4,Monthly,2025-02-20,,Active,10,2026-07-25 00:18:29.046546
316,316,1,Annual,2025-07-28,2025-09-02,Expired,0,2026-07-25 00:18:29.046566
317,317,1,Monthly,2025-09-23,,Active,5,2026-07-25 00:18:29.046583
318,318,1,Monthly,2023-06-09,,Active,0,2026-07-25 00:18:29.046596
319,319,2,Monthly,2023-09-07,2023-12-16,Cancelled,10,2026-07-25 00:18:29.046612
320,320,1,Monthly,2024-11-10,,Active,15,2026-07-25 00:18:29.046624
321,321,2,Monthly,2024-12-01,,Active,10,2026-07-25 00:18:29.046635
322,322,1,Monthly,2024-09-07,,Active,15,2026-07-25 00:18:29.046645
323,323,2,Monthly,2023-12-15,2025-05-30,Expired,5,2026-07-25 00:18:29.046658
324,324,1,Monthly,2025-10-06,2027-01-30,Cancelled,10,2026-07-25 00:18:29.046679
325,325,2,Monthly,2024-03-21,,Active,10,2026-07-25 00:18:29.046690
326,326,3,Annual,2024-12-29,2025-07-18,Expired,10,2026-07-25 00:18:29.046706
327,327,1,Monthly,2023-01-30,2024-08-20,Expired,5,2026-07-25 00:18:29.046721
328,328,2,Monthly,2025-08-03,,Active,5,2026-07-25 00:18:29.046732
329,329,1,Monthly,2023-07-09,,Active,5,2026-07-25 00:18:29.046742
330,330,3,Monthly,2025-08-25,,Active,0,2026-07-25 00:18:29.046752
331,331,1,Annual,2025-02-15,,Active,5,2026-07-25 00:18:29.046762
332,332,1,Monthly,2023-08-12,,Active,15,2026-07-25 00:18:29.046772
333,333,1,Monthly,2024-01-09,,Active,15,2026-07-25 00:18:29.046782
334,334,1,Monthly,2024-07-14,,Active,5,2026-07-25 00:18:29.046792
335,335,3,Monthly,2025-02-27,,Active,10,2026-07-25 00:18:29.046803
336,336,2,Monthly,2025-09-14,,Active,5,2026-07-25 00:18:29.046812
337,337,3,Monthly,2023-01-26,2024-01-24,Expired,0,2026-07-25 00:18:29.046827
338,338,1,Monthly,2025-10-17,,Active,15,2026-07-25 00:18:29.046839
339,339,1,Monthly,2023-07-27,,Active,0,2026-07-25 00:18:29.046848
340,340,1,Monthly,2025-09-25,,Active,15,2026-07-25 00:18:29.046858
341,341,4,Monthly,2024-12-22,,Active,15,2026-07-25 00:18:29.046869
342,342,2,Monthly,2024-12-11,,Active,5,2026-07-25 00:18:29.046879
343,343,3,Annual,2023-11-06,,Active,0,2026-07-25 00:18:29.046891
344,344,1,Monthly,2025-03-11,,Active,5,2026-07-25 00:18:29.046902
345,345,2,Monthly,2024-01-29,2024-06-10,Cancelled,10,2026-07-25 00:18:29.046918
346,346,2,Monthly,2024-03-20,,Active,5,2026-07-25 00:18:29.046928
347,347,2,Annual,2025-10-15,,Active,10,2026-07-25 00:18:29.046938
348,348,2,Monthly,2024-11-09,,Active,5,2026-07-25 00:18:29.046949
349,349,1,Monthly,2024-08-23,2025-06-22,Expired,15,2026-07-25 00:18:29.046964
350,350,2,Monthly,2025-02-11,,Active,15,2026-07-25 00:18:29.046975
351,351,1,Monthly,2023-05-09,,Active,0,2026-07-25 00:18:29.046985
352,352,2,Monthly,2023-10-08,,Active,15,2026-07-25 00:18:29.046995
353,353,2,Monthly,2024-04-04,,Active,15,2026-07-25 00:18:29.047005
354,354,2,Monthly,2023-09-16,2025-06-03,Cancelled,5,2026-07-25 00:18:29.047023
355,355,2,Monthly,2024-07-01,,Active,10,2026-07-25 00:18:29.047033
356,356,1,Monthly,2023-03-31,2024-08-21,Cancelled,15,2026-07-25 00:18:29.047045
357,357,2,Monthly,2024-07-18,,Active,10,2026-07-25 00:18:29.047056
358,358,1,Monthly,2023-08-10,2025-02-21,Expired,5,2026-07-25 00:18:29.047070
359,359,1,Annual,2024-01-02,,Active,5,2026-07-25 00:18:29.047080
360,360,2,Monthly,2025-07-28,,Active,0,2026-07-25 00:18:29.047091
361,361,1,Annual,2024-07-31,,Active,10,2026-07-25 00:18:29.047101
362,362,2,Annual,2025-04-02,,Active,15,2026-07-25 00:18:29.047111
363,363,1,Monthly,2024-01-23,,Active,10,2026-07-25 00:18:29.047122
364,364,2,Monthly,2025-02-14,,Active,10,2026-07-25 00:18:29.047132
365,365,2,Monthly,2024-02-09,,Active,15,2026-07-25 00:18:29.047142
366,366,3,Annual,2025-02-02,,Active,0,2026-07-25 00:18:29.047154
367,367,1,Monthly,2024-12-03,,Active,15,2026-07-25 00:18:29.047164
368,368,2,Annual,2023-05-17,,Active,10,2026-07-25 00:18:29.047175
369,369,1,Annual,2023-04-11,,Active,5,2026-07-25 00:18:29.047186
370,370,4,Annual,2025-12-23,2027-08-29,Cancelled,0,2026-07-25 00:18:29.047201
371,371,1,Monthly,2023-11-09,,Active,10,2026-07-25 00:18:29.047212
372,372,2,Monthly,2023-02-10,,Active,10,2026-07-25 00:18:29.047223
373,373,2,Monthly,2025-05-06,,Active,5,2026-07-25 00:18:29.047234
374,374,3,Annual,2023-04-13,,Active,0,2026-07-25 00:18:29.047244
375,375,1,Monthly,2025-01-13,,Active,0,2026-07-25 00:18:29.047254
376,376,1,Monthly,2023-07-14,,Active,5,2026-07-25 00:18:29.047266
377,377,1,Annual,2025-11-22,,Active,15,2026-07-25 00:18:29.047318
378,378,1,Monthly,2025-09-20,,Active,0,2026-07-25 00:18:29.047333
379,379,2,Monthly,2023-03-28,,Active,0,2026-07-25 00:18:29.047343
380,380,1,Annual,2023-09-13,,Active,0,2026-07-25 00:18:29.047354
381,381,1,Monthly,2023-12-17,,Active,10,2026-07-25 00:18:29.047364
382,382,2,Annual,2024-03-17,2025-07-08,Expired,5,2026-07-25 00:18:29.047381
383,383,3,Monthly,2025-05-05,,Active,10,2026-07-25 00:18:29.047392
384,384,2,Monthly,2025-04-08,,Active,0,2026-07-25 00:18:29.047402
385,385,2,Annual,2025-07-08,,Active,10,2026-07-25 00:18:29.047414
386,386,2,Monthly,2025-07-29,,Active,10,2026-07-25 00:18:29.047424
387,387,1,Monthly,2023-02-14,,Active,15,2026-07-25 00:18:29.047434
388,388,2,Monthly,2025-06-14,,Active,0,2026-07-25 00:18:29.047445
389,389,2,Monthly,2024-10-09,,Active,10,2026-07-25 00:18:29.047456
390,390,1,Annual,2024-03-25,,Active,5,2026-07-25 00:18:29.047467
391,391,2,Annual,2025-11-30,,Active,15,2026-07-25 00:18:29.047478
392,392,3,Monthly,2023-04-04,,Active,0,2026-07-25 00:18:29.047488
393,393,3,Monthly,2024-12-22,,Active,10,2026-07-25 00:18:29.047499
394,394,1,Monthly,2024-04-30,,Active,0,2026-07-25 00:18:29.047509
395,395,2,Monthly,2024-09-11,,Active,5,2026-07-25 00:18:29.047520
396,396,1,Monthly,2025-05-22,,Active,10,2026-07-25 00:18:29.047530
397,397,1,Monthly,2023-07-10,,Active,5,2026-07-25 00:18:29.047541
398,398,1,Annual,2023-03-20,,Active,5,2026-07-25 00:18:29.047552
399,399,1,Monthly,2024-10-11,2025-01-04,Expired,10,2026-07-25 00:18:29.047566
400,400,2,Monthly,2024-05-23,,Active,10,2026-07-25 00:18:29.047576
401,401,1,Monthly,2025-03-10,,Active,0,2026-07-25 00:18:29.047587
402,402,1,Monthly,2023-02-06,2023-03-30,Cancelled,5,2026-07-25 00:18:29.047607
403,403,1,Monthly,2024-12-11,,Active,0,2026-07-25 00:18:29.047617
404,404,1,Annual,2023-03-17,,Active,0,2026-07-25 00:18:29.047628
405,405,1,Monthly,2025-10-13,,Active,5,2026-07-25 00:18:29.047638
406,406,1,Monthly,2024-10-31,,Active,15,2026-07-25 00:18:29.047648
407,407,4,Monthly,2024-07-22,,Active,15,2026-07-25 00:18:29.047659
408,408,1,Monthly,2025-06-04,2026-05-15,Cancelled,10,2026-07-25 00:18:29.047674
409,409,1,Annual,2025-02-22,,Active,10,2026-07-25 00:18:29.047685
410,410,1,Monthly,2025-08-26,2026-06-04,Cancelled,0,2026-07-25 00:18:29.047700
411,411,1,Monthly,2024-08-02,,Active,0,2026-07-25 00:18:29.047710
412,412,1,Monthly,2023-08-13,,Active,0,2026-07-25 00:18:29.047721
413,413,1,Annual,2025-02-15,,Active,15,2026-07-25 00:18:29.047733
414,414,2,Monthly,2024-06-01,,Active,0,2026-07-25 00:18:29.047744
415,415,1,Monthly,2025-03-11,,Active,0,2026-07-25 00:18:29.047755
416,416,1,Monthly,2024-05-09,,Active,15,2026-07-25 00:18:29.047766
417,417,1,Annual,2024-04-09,,Active,0,2026-07-25 00:18:29.047776
418,418,4,Monthly,2025-05-24,,Active,5,2026-07-25 00:18:29.047787
419,419,1,Monthly,2024-05-29,,Active,0,2026-07-25 00:18:29.047798
420,420,1,Monthly,2025-12-04,,Active,0,2026-07-25 00:18:29.047808
421,421,3,Annual,2025-06-17,,Active,10,2026-07-25 00:18:29.047819
422,422,1,Monthly,2025-03-25,,Active,0,2026-07-25 00:18:29.047829
423,423,2,Monthly,2025-11-23,,Active,5,2026-07-25 00:18:29.047840
424,424,1,Monthly,2023-06-20,2025-06-11,Cancelled,15,2026-07-25 00:18:29.047856
425,425,2,Monthly,2024-10-12,,Active,5,2026-07-25 00:18:29.047867
426,426,1,Monthly,2024-09-29,,Active,5,2026-07-25 00:18:29.047879
427,427,2,Annual,2023-04-07,,Active,15,2026-07-25 00:18:29.047890
428,428,3,Monthly,2025-10-25,2027-01-01,Cancelled,5,2026-07-25 00:18:29.047904
429,429,1,Monthly,2023-09-27,,Active,5,2026-07-25 00:18:29.047914
430,430,2,Monthly,2024-07-04,,Active,10,2026-07-25 00:18:29.047924
431,431,1,Monthly,2025-12-13,,Active,10,2026-07-25 00:18:29.047935
432,432,2,Monthly,2024-01-18,,Active,0,2026-07-25 00:18:29.047945
433,433,1,Monthly,2024-04-07,,Active,0,2026-07-25 00:18:29.048007
434,434,3,Monthly,2025-01-29,,Active,10,2026-07-25 00:18:29.048019
435,435,2,Annual,2024-02-29,,Active,0,2026-07-25 00:18:29.048030
436,436,3,Monthly,2024-08-12,,Active,10,2026-07-25 00:18:29.048040
437,437,2,Monthly,2023-08-16,,Active,0,2026-07-25 00:18:29.048051
438,438,1,Monthly,2023-05-03,,Active,0,2026-07-25 00:18:29.048062
439,439,3,Annual,2025-01-14,,Active,15,2026-07-25 00:18:29.048074
440,440,3,Monthly,2024-02-26,,Active,15,2026-07-25 00:18:29.048084
441,441,2,Monthly,2025-06-30,,Active,15,2026-07-25 00:18:29.048095
442,442,2,Monthly,2025-04-04,,Active,10,2026-07-25 00:18:29.048105
443,443,1,Monthly,2023-06-05,2023-10-14,Cancelled,15,2026-07-25 00:18:29.048123
444,444,1,Monthly,2025-11-24,,Active,10,2026-07-25 00:18:29.048134
445,445,1,Monthly,2023-09-03,2024-08-28,Cancelled,5,2026-07-25 00:18:29.048148
446,446,2,Monthly,2025-01-08,2026-12-24,Expired,10,2026-07-25 00:18:29.048163
447,447,2,Monthly,2024-03-22,2026-01-06,Cancelled,0,2026-07-25 00:18:29.048177
448,448,1,Monthly,2023-05-19,2024-03-14,Cancelled,15,2026-07-25 00:18:29.048192
449,449,3,Monthly,2023-02-27,2023-08-18,Expired,15,2026-07-25 00:18:29.048207
450,450,1,Annual,2023-02-26,,Active,5,2026-07-25 00:18:29.048218
451,451,1,Annual,2024-03-25,,Active,0,2026-07-25 00:18:29.048229
452,452,2,Monthly,2025-07-25,,Active,0,2026-07-25 00:18:29.048241
453,453,1,Monthly,2024-03-18,,Active,15,2026-07-25 00:18:29.048252
454,454,3,Annual,2025-02-06,2025-06-01,Cancelled,0,2026-07-25 00:18:29.048267
455,455,2,Monthly,2024-02-28,,Active,10,2026-07-25 00:18:29.048277
456,456,3,Annual,2023-09-10,,Active,0,2026-07-25 00:18:29.048288
457,457,4,Monthly,2024-06-07,2025-03-30,Expired,5,2026-07-25 00:18:29.048301
458,458,1,Annual,2023-09-30,,Active,10,2026-07-25 00:18:29.048321
459,459,1,Monthly,2025-03-11,,Active,15,2026-07-25 00:18:29.048346
460,460,4,Annual,2023-10-15,,Active,5,2026-07-25 00:18:29.048359
461,461,1,Monthly,2023-01-11,,Active,15,2026-07-25 00:18:29.048372
462,462,1,Monthly,2024-02-19,,Active,5,2026-07-25 00:18:29.048386
463,463,3,Monthly,2023-01-18,,Active,15,2026-07-25 00:18:29.048400
464,464,1,Monthly,2023-04-07,,Active,5,2026-07-25 00:18:29.048412
465,465,1,Annual,2025-02-19,,Active,10,2026-07-25 00:18:29.048456
466,466,2,Monthly,2024-04-03,,Active,5,2026-07-25 00:18:29.048471
467,467,1,Monthly,2023-07-27,,Active,15,2026-07-25 00:18:29.048481
468,468,2,Monthly,2025-07-29,,Active,10,2026-07-25 00:18:29.048490
469,469,1,Annual,2025-01-01,,Active,0,2026-07-25 00:18:29.048500
470,470,2,Monthly,2025-11-22,,Active,0,2026-07-25 00:18:29.048510
471,471,1,Monthly,2025-12-29,,Active,15,2026-07-25 00:18:29.048521
472,472,1,Monthly,2023-04-06,2024-11-22,Cancelled,10,2026-07-25 00:18:29.048538
473,473,2,Monthly,2023-09-13,,Active,15,2026-07-25 00:18:29.048549
474,474,2,Monthly,2025-11-22,2027-10-27,Cancelled,15,2026-07-25 00:18:29.048563
475,475,1,Annual,2023-05-22,,Active,15,2026-07-25 00:18:29.048574
476,476,2,Monthly,2024-10-07,,Active,15,2026-07-25 00:18:29.048584
477,477,1,Annual,2025-11-11,,Active,15,2026-07-25 00:18:29.048594
478,478,1,Monthly,2023-01-05,,Active,0,2026-07-25 00:18:29.048605
479,479,1,Monthly,2025-12-24,,Active,15,2026-07-25 00:18:29.048615
480,480,1,Monthly,2023-04-18,2024-05-16,Expired,5,2026-07-25 00:18:29.048628
481,481,3,Monthly,2023-07-30,,Active,5,2026-07-25 00:18:29.048640
482,482,1,Monthly,2024-08-17,2025-05-01,Expired,15,2026-07-25 00:18:29.048654
483,483,1,Monthly,2024-08-06,,Active,15,2026-07-25 00:18:29.048664
484,484,1,Monthly,2025-04-17,,Active,15,2026-07-25 00:18:29.048674
485,485,2,Monthly,2023-07-04,,Active,0,2026-07-25 00:18:29.048683
486,486,1,Annual,2025-04-01,,Active,0,2026-07-25 00:18:29.048693
487,487,2,Monthly,2023-01-06,,Active,10,2026-07-25 00:18:29.048705
488,488,2,Annual,2025-11-12,2027-09-28,Expired,5,2026-07-25 00:18:29.048720
489,489,2,Monthly,2024-01-20,,Active,15,2026-07-25 00:18:29.048731
490,490,3,Annual,2023-06-25,,Active,0,2026-07-25 00:18:29.048742
491,491,3,Monthly,2025-08-13,,Active,15,2026-07-25 00:18:29.048753
492,492,1,Annual,2023-06-06,2023-07-28,Cancelled,10,2026-07-25 00:18:29.048766
493,493,3,Monthly,2023-03-17,,Active,5,2026-07-25 00:18:29.048776
494,494,1,Monthly,2024-11-12,,Active,0,2026-07-25 00:18:29.048787
495,495,3,Monthly,2023-08-06,,Active,15,2026-07-25 00:18:29.048797
496,496,1,Monthly,2025-06-13,,Active,15,2026-07-25 00:18:29.048807
497,497,3,Monthly,2024-05-13,2024-08-17,Expired,5,2026-07-25 00:18:29.048822
498,498,2,Monthly,2025-10-22,,Active,0,2026-07-25 00:18:29.048832
499,499,1,Annual,2025-07-08,2025-08-09,Expired,15,2026-07-25 00:18:29.048846
500,500,3,Monthly,2025-02-08,,Active,15,2026-07-25 00:18:29.048856
501,501,1,Annual,2025-11-08,,Active,5,2026-07-25 00:18:29.048866
502,502,3,Annual,2024-10-08,,Active,15,2026-07-25 00:18:29.048877
503,503,3,Monthly,2025-04-15,,Active,5,2026-07-25 00:18:29.048888
504,504,2,Monthly,2023-08-13,,Active,15,2026-07-25 00:18:29.048898
505,505,1,Monthly,2024-10-09,,Active,0,2026-07-25 00:18:29.048909
506,506,1,Annual,2024-05-28,,Active,0,2026-07-25 00:18:29.048919
507,507,1,Monthly,2025-04-12,,Active,5,2026-07-25 00:18:29.048930
508,508,1,Monthly,2025-07-28,,Active,10,2026-07-25 00:18:29.048940
509,509,1,Monthly,2025-07-01,2025-09-14,Expired,0,2026-07-25 00:18:29.048954
510,510,1,Monthly,2024-06-01,,Active,5,2026-07-25 00:18:29.048965
511,511,3,Monthly,2023-10-23,,Active,15,2026-07-25 00:18:29.048975
512,512,1,Monthly,2024-01-12,,Active,5,2026-07-25 00:18:29.048986
513,513,1,Monthly,2025-05-07,,Active,0,2026-07-25 00:18:29.048996
514,514,1,Monthly,2025-04-08,,Active,10,2026-07-25 00:18:29.049006
515,515,3,Annual,2025-02-11,,Active,10,2026-07-25 00:18:29.049016
516,516,1,Monthly,2024-12-30,,Active,15,2026-07-25 00:18:29.049027
517,517,2,Annual,2024-10-05,,Active,15,2026-07-25 00:18:29.049037
518,518,1,Monthly,2023-08-15,,Active,15,2026-07-25 00:18:29.049047
519,519,1,Monthly,2025-06-18,,Active,10,2026-07-25 00:18:29.049058
520,520,1,Monthly,2024-08-13,2026-01-26,Cancelled,10,2026-07-25 00:18:29.049072
521,521,1,Monthly,2025-11-29,,Active,10,2026-07-25 00:18:29.049083
522,522,2,Monthly,2025-09-23,2026-05-07,Expired,0,2026-07-25 00:18:29.049101
523,523,1,Monthly,2023-09-20,,Active,10,2026-07-25 00:18:29.049111
524,524,2,Annual,2023-10-13,2024-03-24,Cancelled,5,2026-07-25 00:18:29.049126
525,525,2,Monthly,2023-04-26,,Active,0,2026-07-25 00:18:29.049137
526,526,1,Monthly,2025-09-06,,Active,5,2026-07-25 00:18:29.049147
527,527,3,Annual,2023-01-15,,Active,15,2026-07-25 00:18:29.049157
528,528,1,Monthly,2023-04-04,,Active,10,2026-07-25 00:18:29.049351
529,529,1,Monthly,2025-10-21,,Active,15,2026-07-25 00:18:29.049570
530,530,2,Monthly,2024-09-30,,Active,10,2026-07-25 00:18:29.049855
531,531,2,Monthly,2024-03-02,,Active,5,2026-07-25 00:18:29.049874
532,532,1,Monthly,2025-11-13,2026-03-17,Expired,10,2026-07-25 00:18:29.049901
533,533,1,Monthly,2023-06-16,,Active,0,2026-07-25 00:18:29.049912
534,534,1,Monthly,2023-10-26,2025-05-27,Cancelled,15,2026-07-25 00:18:29.049926
535,535,2,Monthly,2024-09-08,2026-02-12,Expired,5,2026-07-25 00:18:29.049940
536,536,1,Monthly,2024-12-14,,Active,10,2026-07-25 00:18:29.049950
537,537,1,Monthly,2023-05-06,,Active,10,2026-07-25 00:18:29.049961
538,538,1,Monthly,2024-09-21,2025-12-13,Expired,5,2026-07-25 00:18:29.049977
539,539,2,Monthly,2025-09-16,,Active,0,2026-07-25 00:18:29.049989
540,540,3,Monthly,2025-02-15,,Active,5,2026-07-25 00:18:29.050000
541,541,2,Monthly,2023-05-29,2024-06-12,Cancelled,10,2026-07-25 00:18:29.050015
542,542,2,Annual,2025-12-11,,Active,0,2026-07-25 00:18:29.050027
543,543,1,Annual,2024-03-11,,Active,5,2026-07-25 00:18:29.050040
544,544,1,Monthly,2024-05-03,,Active,10,2026-07-25 00:18:29.050051
545,545,1,Monthly,2023-08-12,,Active,5,2026-07-25 00:18:29.050061
546,546,1,Monthly,2025-05-26,2026-06-30,Cancelled,10,2026-07-25 00:18:29.050077
547,547,1,Monthly,2025-11-17,,Active,10,2026-07-25 00:18:29.050088
548,548,2,Monthly,2025-12-06,,Active,5,2026-07-25 00:18:29.050098
549,549,3,Monthly,2023-06-01,2023-09-17,Cancelled,5,2026-07-25 00:18:29.050113
550,550,1,Monthly,2025-07-29,,Active,15,2026-07-25 00:18:29.050125
551,551,2,Annual,2023-02-16,,Active,0,2026-07-25 00:18:29.050136
552,552,1,Monthly,2024-07-06,2025-09-16,Cancelled,5,2026-07-25 00:18:29.050150
553,553,2,Monthly,2025-10-23,,Active,5,2026-07-25 00:18:29.050160
554,554,1,Annual,2024-01-18,,Active,15,2026-07-25 00:18:29.050171
555,555,2,Annual,2025-09-11,,Active,10,2026-07-25 00:18:29.050182
556,556,2,Monthly,2024-07-14,,Active,0,2026-07-25 00:18:29.050192
557,557,2,Monthly,2024-11-21,,Active,0,2026-07-25 00:18:29.050202
558,558,1,Monthly,2023-05-16,,Active,15,2026-07-25 00:18:29.050213
559,559,2,Monthly,2025-05-11,,Active,5,2026-07-25 00:18:29.050224
560,560,1,Annual,2023-05-25,2024-05-27,Cancelled,10,2026-07-25 00:18:29.050239
561,561,1,Monthly,2024-03-29,2026-02-06,Cancelled,0,2026-07-25 00:18:29.050254
562,562,2,Monthly,2025-05-19,,Active,10,2026-07-25 00:18:29.050265
563,563,1,Monthly,2025-11-30,,Active,5,2026-07-25 00:18:29.050276
564,564,1,Monthly,2024-02-21,,Active,10,2026-07-25 00:18:29.050286
565,565,1,Annual,2024-03-04,,Active,5,2026-07-25 00:18:29.050315
566,566,3,Monthly,2024-07-14,2024-10-19,Cancelled,5,2026-07-25 00:18:29.050337
567,567,1,Monthly,2025-02-09,,Active,10,2026-07-25 00:18:29.050348
568,568,1,Monthly,2023-01-11,,Active,15,2026-07-25 00:18:29.050358
569,569,4,Monthly,2024-05-26,,Active,15,2026-07-25 00:18:29.050370
570,570,3,Monthly,2025-10-08,,Active,5,2026-07-25 00:18:29.050381
571,571,3,Monthly,2023-11-09,,Active,10,2026-07-25 00:18:29.050391
572,572,4,Monthly,2024-05-10,,Active,5,2026-07-25 00:18:29.050403
573,573,3,Annual,2025-06-13,,Active,5,2026-07-25 00:18:29.050414
574,574,1,Annual,2024-09-02,,Active,15,2026-07-25 00:18:29.050425
575,575,2,Monthly,2025-07-08,,Active,5,2026-07-25 00:18:29.050436
576,576,3,Monthly,2024-12-18,,Active,5,2026-07-25 00:18:29.050446
577,577,1,Monthly,2023-04-18,,Active,5,2026-07-25 00:18:29.050457
578,578,4,Monthly,2024-04-15,2026-03-21,Expired,0,2026-07-25 00:18:29.050473
579,579,1,Annual,2024-10-19,,Active,5,2026-07-25 00:18:29.050483
580,580,4,Monthly,2025-01-14,,Active,0,2026-07-25 00:18:29.050494
581,581,2,Monthly,2025-12-10,,Active,5,2026-07-25 00:18:29.050504
582,582,1,Monthly,2024-07-12,,Active,5,2026-07-25 00:18:29.050515
583,583,1,Monthly,2023-05-13,,Active,15,2026-07-25 00:18:29.050526
584,584,1,Monthly,2025-10-29,,Active,0,2026-07-25 00:18:29.050537
585,585,1,Monthly,2025-05-24,,Active,15,2026-07-25 00:18:29.050547
586,586,2,Monthly,2024-10-30,,Active,10,2026-07-25 00:18:29.050558
587,587,1,Monthly,2023-12-11,,Active,0,2026-07-25 00:18:29.050568
588,588,3,Monthly,2023-12-10,,Active,10,2026-07-25 00:18:29.050579
589,589,2,Monthly,2025-11-21,,Active,0,2026-07-25 00:18:29.050590
590,590,2,Monthly,2025-01-19,,Active,5,2026-07-25 00:18:29.050601
591,591,1,Annual,2023-06-30,,Active,10,2026-07-25 00:18:29.050611
592,592,3,Monthly,2023-11-18,,Active,5,2026-07-25 00:18:29.050622
593,593,2,Annual,2025-12-18,2027-04-30,Expired,15,2026-07-25 00:18:29.050637
594,594,3,Annual,2023-06-28,,Active,10,2026-07-25 00:18:29.050654
595,595,3,Monthly,2023-06-19,2025-03-12,Expired,0,2026-07-25 00:18:29.050669
596,596,1,Monthly,2025-03-12,2025-05-28,Cancelled,15,2026-07-25 00:18:29.050684
597,597,1,Monthly,2025-05-19,,Active,15,2026-07-25 00:18:29.050695
598,598,3,Monthly,2024-09-21,,Active,0,2026-07-25 00:18:29.050705
599,599,2,Annual,2023-02-15,2023-11-02,Cancelled,0,2026-07-25 00:18:29.050721
600,600,3,Monthly,2024-08-27,,Active,10,2026-07-25 00:18:29.050731
601,601,2,Monthly,2024-03-08,,Active,0,2026-07-25 00:18:29.050742
602,602,1,Monthly,2025-04-14,,Active,15,2026-07-25 00:18:29.050753
603,603,1,Monthly,2024-12-11,,Active,15,2026-07-25 00:18:29.050764
604,604,1,Monthly,2025-03-30,,Active,5,2026-07-25 00:18:29.050774
605,605,1,Monthly,2023-06-27,,Active,0,2026-07-25 00:18:29.050786
606,606,1,Monthly,2023-09-26,2025-09-01,Expired,0,2026-07-25 00:18:29.050801
607,607,1,Monthly,2023-05-12,,Active,5,2026-07-25 00:18:29.050812
608,608,1,Monthly,2023-10-12,2025-06-16,Cancelled,15,2026-07-25 00:18:29.050827
609,609,1,Monthly,2024-10-11,,Active,0,2026-07-25 00:18:29.050837
610,610,1,Monthly,2025-09-14,2026-10-16,Cancelled,5,2026-07-25 00:18:29.050853
611,611,1,Monthly,2025-05-12,,Active,0,2026-07-25 00:18:29.050864
612,612,2,Monthly,2023-10-18,2025-06-24,Expired,5,2026-07-25 00:18:29.050878
613,613,3,Monthly,2024-07-11,,Active,10,2026-07-25 00:18:29.050888
614,614,4,Monthly,2024-08-19,,Active,10,2026-07-25 00:18:29.050899
615,615,2,Monthly,2024-10-07,,Active,10,2026-07-25 00:18:29.050909
616,616,1,Monthly,2023-02-17,,Active,5,2026-07-25 00:18:29.050920
617,617,1,Monthly,2023-12-16,,Active,5,2026-07-25 00:18:29.050931
618,618,1,Monthly,2025-02-08,,Active,15,2026-07-25 00:18:29.050942
619,619,1,Monthly,2025-04-23,,Active,10,2026-07-25 00:18:29.050953
620,620,2,Annual,2024-11-16,,Active,0,2026-07-25 00:18:29.050964
621,621,3,Monthly,2025-10-12,,Active,15,2026-07-25 00:18:29.050974
622,622,3,Monthly,2024-11-29,,Active,5,2026-07-25 00:18:29.050985
623,623,1,Monthly,2024-11-13,,Active,10,2026-07-25 00:18:29.050996
624,624,1,Monthly,2023-11-23,,Active,0,2026-07-25 00:18:29.051007
625,625,1,Annual,2025-09-09,,Active,10,2026-07-25 00:18:29.051018
626,626,1,Monthly,2023-11-17,2025-03-31,Expired,5,2026-07-25 00:18:29.051034
627,627,1,Monthly,2024-06-28,2025-01-25,Cancelled,10,2026-07-25 00:18:29.051049
628,628,3,Monthly,2025-12-29,2026-11-10,Cancelled,0,2026-07-25 00:18:29.051064
629,629,1,Annual,2025-03-10,,Active,5,2026-07-25 00:18:29.051074
630,630,1,Monthly,2024-10-01,,Active,0,2026-07-25 00:18:29.051085
631,631,1,Monthly,2023-07-17,,Active,10,2026-07-25 00:18:29.051097
632,632,1,Monthly,2024-01-20,,Active,0,2026-07-25 00:18:29.051108
633,633,1,Annual,2025-09-02,,Active,5,2026-07-25 00:18:29.051119
634,634,3,Annual,2023-05-25,2023-10-13,Cancelled,0,2026-07-25 00:18:29.051135
635,635,1,Monthly,2024-07-27,,Active,0,2026-07-25 00:18:29.051146
636,636,2,Annual,2023-01-04,,Active,15,2026-07-25 00:18:29.051158
637,637,1,Monthly,2025-12-19,,Active,0,2026-07-25 00:18:29.051169
638,638,1,Monthly,2024-09-09,,Active,0,2026-07-25 00:18:29.051181
639,639,1,Annual,2025-02-07,,Active,0,2026-07-25 00:18:29.051192
640,640,3,Monthly,2025-04-30,,Active,10,2026-07-25 00:18:29.051204
641,641,2,Monthly,2025-11-26,,Active,15,2026-07-25 00:18:29.051215
642,642,1,Monthly,2024-12-14,,Active,15,2026-07-25 00:18:29.051225
643,643,1,Monthly,2024-11-16,,Active,15,2026-07-25 00:18:29.051236
644,644,2,Monthly,2023-11-11,,Active,5,2026-07-25 00:18:29.051249
645,645,4,Monthly,2024-03-01,,Active,0,2026-07-25 00:18:29.051260
646,646,1,Monthly,2023-05-09,,Active,0,2026-07-25 00:18:29.051271
647,647,1,Monthly,2023-03-22,,Active,15,2026-07-25 00:18:29.051283
648,648,1,Monthly,2023-12-30,,Active,10,2026-07-25 00:18:29.051295
649,649,1,Monthly,2023-01-02,2024-02-04,Cancelled,5,2026-07-25 00:18:29.051311
650,650,1,Monthly,2025-07-11,2026-10-14,Cancelled,15,2026-07-25 00:18:29.051326
651,651,3,Monthly,2023-01-15,2024-05-04,Expired,15,2026-07-25 00:18:29.051340
652,652,1,Monthly,2024-10-18,,Active,10,2026-07-25 00:18:29.051352
653,653,3,Monthly,2023-06-09,2024-12-05,Expired,10,2026-07-25 00:18:29.051366
654,654,4,Monthly,2023-08-02,,Active,10,2026-07-25 00:18:29.051377
655,655,1,Monthly,2023-07-26,,Active,10,2026-07-25 00:18:29.051388
656,656,1,Annual,2023-01-14,,Active,0,2026-07-25 00:18:29.051399
657,657,1,Monthly,2025-09-02,,Active,0,2026-07-25 00:18:29.051410
658,658,1,Monthly,2023-12-04,,Active,5,2026-07-25 00:18:29.051420
659,659,2,Monthly,2023-07-11,,Active,10,2026-07-25 00:18:29.051431
660,660,3,Monthly,2023-08-06,,Active,10,2026-07-25 00:18:29.051440
661,661,2,Monthly,2024-01-21,,Active,5,2026-07-25 00:18:29.051449
662,662,1,Monthly,2025-12-08,,Active,15,2026-07-25 00:18:29.051458
663,663,1,Monthly,2024-04-13,2024-06-01,Expired,10,2026-07-25 00:18:29.051477
664,664,2,Monthly,2023-10-21,,Active,5,2026-07-25 00:18:29.051487
665,665,1,Monthly,2024-01-07,,Active,10,2026-07-25 00:18:29.051496
666,666,3,Annual,2025-09-18,,Active,10,2026-07-25 00:18:29.051505
667,667,2,Monthly,2024-07-14,,Active,0,2026-07-25 00:18:29.051515
668,668,3,Monthly,2025-06-01,,Active,10,2026-07-25 00:18:29.051524
669,669,2,Annual,2025-01-01,2026-01-31,Cancelled,0,2026-07-25 00:18:29.051545
670,670,1,Monthly,2023-01-22,2023-04-13,Cancelled,0,2026-07-25 00:18:29.051566
671,671,1,Annual,2024-09-10,2025-04-15,Cancelled,10,2026-07-25 00:18:29.051586
672,672,4,Monthly,2024-10-20,,Active,10,2026-07-25 00:18:29.051596
673,673,1,Monthly,2023-08-26,2024-09-06,Cancelled,10,2026-07-25 00:18:29.051613
674,674,1,Monthly,2023-11-12,2024-03-23,Cancelled,5,2026-07-25 00:18:29.051639
675,675,3,Monthly,2025-06-29,,Active,10,2026-07-25 00:18:29.051648
676,676,2,Monthly,2024-04-26,,Active,0,2026-07-25 00:18:29.051658
677,677,3,Annual,2024-01-15,,Active,0,2026-07-25 00:18:29.051668
678,678,1,Annual,2024-12-05,,Active,5,2026-07-25 00:18:29.051679
679,679,4,Monthly,2023-09-30,,Active,0,2026-07-25 00:18:29.051690
680,680,1,Annual,2025-12-25,,Active,5,2026-07-25 00:18:29.051701
681,681,1,Monthly,2025-03-23,,Active,10,2026-07-25 00:18:29.051712
682,682,1,Monthly,2023-07-17,,Active,0,2026-07-25 00:18:29.051722
683,683,4,Annual,2023-02-15,2024-02-24,Expired,5,2026-07-25 00:18:29.051737
684,684,4,Monthly,2023-04-10,,Active,5,2026-07-25 00:18:29.051748
685,685,3,Monthly,2023-04-30,,Active,0,2026-07-25 00:18:29.051759
686,686,1,Monthly,2025-02-15,,Active,15,2026-07-25 00:18:29.051769
687,687,2,Monthly,2025-06-10,,Active,15,2026-07-25 00:18:29.051780
688,688,2,Monthly,2023-03-10,2024-10-20,Expired,15,2026-07-25 00:18:29.051795
689,689,2,Monthly,2024-07-19,,Active,5,2026-07-25 00:18:29.051806
690,690,4,Monthly,2023-02-24,,Active,5,2026-07-25 00:18:29.051816
691,691,2,Monthly,2023-12-15,2025-11-22,Expired,10,2026-07-25 00:18:29.051831
692,692,1,Annual,2024-05-12,,Active,5,2026-07-25 00:18:29.051843
693,693,1,Monthly,2023-07-05,,Active,5,2026-07-25 00:18:29.051855
694,694,1,Monthly,2025-03-12,,Active,10,2026-07-25 00:18:29.051865
695,695,3,Monthly,2024-12-23,,Active,15,2026-07-25 00:18:29.051876
696,696,1,Monthly,2023-05-15,,Active,10,2026-07-25 00:18:29.051886
697,697,1,Monthly,2024-04-17,,Active,0,2026-07-25 00:18:29.051897
698,698,2,Monthly,2025-02-05,,Active,5,2026-07-25 00:18:29.051908
699,699,1,Monthly,2024-01-16,,Active,0,2026-07-25 00:18:29.051919
700,700,1,Monthly,2023-02-07,,Active,0,2026-07-25 00:18:29.051929
701,701,2,Monthly,2025-12-13,2027-12-06,Cancelled,5,2026-07-25 00:18:29.051947
702,702,1,Monthly,2025-10-18,,Active,15,2026-07-25 00:18:29.051970
703,703,1,Monthly,2023-06-11,,Active,0,2026-07-25 00:18:29.051981
704,704,1,Monthly,2024-10-14,,Active,5,2026-07-25 00:18:29.051998
705,705,2,Annual,2023-08-10,,Active,10,2026-07-25 00:18:29.052011
706,706,4,Monthly,2025-03-18,2026-07-28,Expired,15,2026-07-25 00:18:29.052029
707,707,1,Monthly,2023-05-12,,Active,5,2026-07-25 00:18:29.052039
708,708,2,Monthly,2023-04-27,,Active,5,2026-07-25 00:18:29.052050
709,709,1,Annual,2024-01-03,,Active,15,2026-07-25 00:18:29.052059
710,710,2,Annual,2024-09-02,2024-10-10,Cancelled,5,2026-07-25 00:18:29.052075
711,711,1,Monthly,2023-12-29,,Active,10,2026-07-25 00:18:29.052085
712,712,1,Monthly,2025-06-27,,Active,5,2026-07-25 00:18:29.052097
713,713,1,Monthly,2024-11-29,,Active,10,2026-07-25 00:18:29.052108
714,714,3,Monthly,2024-07-10,,Active,0,2026-07-25 00:18:29.052119
715,715,1,Annual,2024-02-16,,Active,0,2026-07-25 00:18:29.052130
716,716,2,Monthly,2024-04-17,,Active,0,2026-07-25 00:18:29.052140
717,717,1,Monthly,2024-05-24,2024-10-28,Cancelled,15,2026-07-25 00:18:29.052154
718,718,2,Monthly,2024-07-06,,Active,15,2026-07-25 00:18:29.052163
719,719,1,Monthly,2024-02-09,,Active,10,2026-07-25 00:18:29.052174
720,720,1,Monthly,2024-12-03,,Active,10,2026-07-25 00:18:29.052185
721,721,2,Annual,2023-08-06,,Active,5,2026-07-25 00:18:29.052195
722,722,2,Monthly,2023-07-23,,Active,0,2026-07-25 00:18:29.052205
723,723,2,Monthly,2025-12-02,,Active,5,2026-07-25 00:18:29.052215
724,724,1,Monthly,2023-04-27,,Active,5,2026-07-25 00:18:29.052224
725,725,1,Annual,2025-09-30,2027-07-15,Expired,15,2026-07-25 00:18:29.052240
726,726,3,Monthly,2024-05-30,,Active,10,2026-07-25 00:18:29.052251
727,727,3,Annual,2023-03-20,,Active,5,2026-07-25 00:18:29.052261
728,728,1,Monthly,2024-09-05,,Active,0,2026-07-25 00:18:29.052273
729,729,1,Monthly,2023-09-26,,Active,5,2026-07-25 00:18:29.052283
730,730,2,Monthly,2024-03-10,2024-11-29,Cancelled,5,2026-07-25 00:18:29.052298
731,731,1,Monthly,2025-08-19,,Active,10,2026-07-25 00:18:29.063121
732,732,2,Annual,2025-05-05,,Active,0,2026-07-25 00:18:29.063143
733,733,1,Monthly,2023-08-02,2024-09-03,Expired,5,2026-07-25 00:18:29.063169
734,734,2,Monthly,2025-03-27,,Active,0,2026-07-25 00:18:29.063182
735,735,1,Annual,2023-01-31,,Active,10,2026-07-25 00:18:29.063194
736,736,3,Monthly,2025-04-25,,Active,5,2026-07-25 00:18:29.063205
737,737,1,Monthly,2024-05-14,,Active,5,2026-07-25 00:18:29.063217
738,738,2,Monthly,2025-07-16,,Active,5,2026-07-25 00:18:29.063227
739,739,1,Monthly,2023-04-02,,Active,0,2026-07-25 00:18:29.063239
740,740,1,Monthly,2023-12-28,2025-03-18,Cancelled,5,2026-07-25 00:18:29.063255
741,741,1,Monthly,2024-01-10,2024-04-07,Expired,5,2026-07-25 00:18:29.063271
742,742,3,Monthly,2023-03-28,,Active,15,2026-07-25 00:18:29.063283
743,743,3,Monthly,2024-07-05,,Active,5,2026-07-25 00:18:29.063294
744,744,2,Monthly,2024-05-09,,Active,0,2026-07-25 00:18:29.063305
745,745,1,Monthly,2025-12-24,2026-04-08,Cancelled,15,2026-07-25 00:18:29.063320
746,746,3,Annual,2025-05-24,,Active,5,2026-07-25 00:18:29.063332
747,747,1,Monthly,2025-04-22,,Active,10,2026-07-25 00:18:29.063343
748,748,1,Monthly,2023-03-29,,Active,0,2026-07-25 00:18:29.063353
749,749,3,Monthly,2025-03-28,,Active,15,2026-07-25 00:18:29.063363
750,750,1,Monthly,2023-11-09,,Active,10,2026-07-25 00:18:29.063374
751,751,4,Annual,2024-05-17,,Active,15,2026-07-25 00:18:29.063408
752,752,1,Annual,2025-12-30,,Active,15,2026-07-25 00:18:29.063419
753,753,1,Monthly,2024-07-20,,Active,15,2026-07-25 00:18:29.063430
754,754,1,Monthly,2024-09-06,,Active,10,2026-07-25 00:18:29.063441
755,755,1,Annual,2023-09-02,,Active,15,2026-07-25 00:18:29.063451
756,756,4,Monthly,2025-10-05,,Active,5,2026-07-25 00:18:29.063462
757,757,2,Monthly,2025-12-13,,Active,10,2026-07-25 00:18:29.063473
758,758,2,Monthly,2023-09-30,,Active,5,2026-07-25 00:18:29.063483
759,759,3,Monthly,2023-07-17,,Active,0,2026-07-25 00:18:29.063527
760,760,1,Monthly,2025-06-08,2026-03-26,Expired,15,2026-07-25 00:18:29.063547
761,761,2,Annual,2025-05-31,2026-06-16,Cancelled,10,2026-07-25 00:18:29.063563
762,762,1,Monthly,2025-08-07,,Active,0,2026-07-25 00:18:29.063580
763,763,1,Annual,2025-02-09,,Active,0,2026-07-25 00:18:29.063591
764,764,2,Monthly,2024-01-05,2024-07-04,Expired,10,2026-07-25 00:18:29.063606
765,765,3,Monthly,2023-05-18,,Active,15,2026-07-25 00:18:29.063617
766,766,1,Monthly,2023-01-18,,Active,5,2026-07-25 00:18:29.063627
767,767,3,Annual,2024-06-28,,Active,10,2026-07-25 00:18:29.063638
768,768,3,Annual,2023-03-16,2023-10-23,Expired,0,2026-07-25 00:18:29.063653
769,769,1,Monthly,2023-09-16,,Active,5,2026-07-25 00:18:29.063664
770,770,3,Monthly,2025-04-28,,Active,0,2026-07-25 00:18:29.063674
771,771,1,Monthly,2025-06-16,2027-05-31,Cancelled,15,2026-07-25 00:18:29.063689
772,772,1,Monthly,2023-02-21,2023-12-21,Expired,15,2026-07-25 00:18:29.063704
773,773,2,Monthly,2023-06-12,,Active,10,2026-07-25 00:18:29.063714
774,774,1,Monthly,2023-09-07,,Active,10,2026-07-25 00:18:29.063725
775,775,2,Monthly,2024-06-08,2026-04-19,Expired,5,2026-07-25 00:18:29.063740
776,776,1,Monthly,2024-11-01,,Active,15,2026-07-25 00:18:29.063751
777,777,4,Monthly,2023-06-07,,Active,15,2026-07-25 00:18:29.063762
778,778,4,Monthly,2025-12-19,,Active,10,2026-07-25 00:18:29.063772
779,779,1,Monthly,2024-03-13,,Active,0,2026-07-25 00:18:29.063783
780,780,1,Monthly,2025-06-07,2027-02-13,Cancelled,10,2026-07-25 00:18:29.063798
781,781,1,Monthly,2024-10-26,,Active,15,2026-07-25 00:18:29.063810
782,782,2,Annual,2025-08-29,,Active,15,2026-07-25 00:18:29.063822
783,783,1,Monthly,2025-09-18,2026-04-22,Cancelled,5,2026-07-25 00:18:29.063837
784,784,1,Monthly,2023-06-29,2024-05-06,Cancelled,10,2026-07-25 00:18:29.063851
785,785,2,Monthly,2025-10-23,,Active,5,2026-07-25 00:18:29.063862
786,786,1,Monthly,2023-10-15,2024-09-01,Expired,10,2026-07-25 00:18:29.063876
787,787,2,Monthly,2024-11-23,,Active,5,2026-07-25 00:18:29.063889
788,788,3,Monthly,2024-02-14,,Active,10,2026-07-25 00:18:29.063899
789,789,3,Annual,2023-04-06,,Active,15,2026-07-25 00:18:29.063910
790,790,2,Monthly,2023-05-31,,Active,5,2026-07-25 00:18:29.063920
791,791,1,Monthly,2024-10-05,2024-11-22,Cancelled,0,2026-07-25 00:18:29.063936
792,792,1,Monthly,2025-03-22,,Active,5,2026-07-25 00:18:29.063947
793,793,1,Monthly,2025-01-07,,Active,15,2026-07-25 00:18:29.063985
794,794,1,Monthly,2023-02-23,2024-01-06,Expired,5,2026-07-25 00:18:29.064004
795,795,1,Monthly,2025-08-21,2026-07-03,Expired,5,2026-07-25 00:18:29.064018
796,796,1,Monthly,2023-09-26,2025-02-08,Cancelled,15,2026-07-25 00:18:29.064031
797,797,1,Monthly,2023-07-16,,Active,5,2026-07-25 00:18:29.064042
798,798,3,Monthly,2024-11-07,2026-10-30,Expired,15,2026-07-25 00:18:29.064079
799,799,2,Monthly,2023-08-18,2024-02-15,Cancelled,15,2026-07-25 00:18:29.064103
800,800,1,Monthly,2023-04-15,,Active,10,2026-07-25 00:18:29.064115
801,801,1,Monthly,2025-05-07,,Active,10,2026-07-25 00:18:29.064125
802,802,3,Monthly,2023-01-20,,Active,10,2026-07-25 00:18:29.064136
803,803,3,Annual,2024-10-05,,Active,0,2026-07-25 00:18:29.064146
804,804,1,Monthly,2025-06-24,2026-06-22,Expired,0,2026-07-25 00:18:29.064204
805,805,1,Annual,2023-06-06,2024-11-12,Expired,5,2026-07-25 00:18:29.064227
806,806,2,Monthly,2024-09-30,,Active,15,2026-07-25 00:18:29.064238
807,807,2,Monthly,2025-08-03,2026-01-02,Expired,10,2026-07-25 00:18:29.064253
808,808,1,Monthly,2023-08-12,,Active,5,2026-07-25 00:18:29.064264
809,809,2,Monthly,2024-05-29,,Active,0,2026-07-25 00:18:29.064277
810,810,1,Monthly,2024-08-01,,Active,0,2026-07-25 00:18:29.064287
811,811,1,Monthly,2024-04-28,,Active,5,2026-07-25 00:18:29.064296
812,812,1,Annual,2025-11-29,,Active,0,2026-07-25 00:18:29.064306
813,813,2,Monthly,2023-07-28,,Active,15,2026-07-25 00:18:29.064339
814,814,2,Monthly,2024-05-13,,Active,10,2026-07-25 00:18:29.064351
815,815,3,Monthly,2023-05-19,2025-05-17,Cancelled,5,2026-07-25 00:18:29.071262
816,816,1,Monthly,2025-01-22,,Active,15,2026-07-25 00:18:29.071575
817,817,1,Annual,2023-09-04,,Active,5,2026-07-25 00:18:29.071591
818,818,1,Monthly,2024-09-18,,Active,5,2026-07-25 00:18:29.071602
819,819,2,Monthly,2025-06-02,,Active,15,2026-07-25 00:18:29.071613
820,820,1,Monthly,2023-03-31,,Active,15,2026-07-25 00:18:29.071623
821,821,1,Annual,2024-07-13,,Active,0,2026-07-25 00:18:29.071633
822,822,1,Monthly,2024-09-08,,Active,0,2026-07-25 00:18:29.071643
823,823,2,Annual,2025-01-29,,Active,5,2026-07-25 00:18:29.071653
824,824,1,Monthly,2025-05-06,,Active,5,2026-07-25 00:18:29.071663
825,825,1,Annual,2024-02-06,,Active,5,2026-07-25 00:18:29.071673
826,826,3,Monthly,2023-03-19,,Active,5,2026-07-25 00:18:29.073556
827,827,2,Monthly,2023-12-10,2025-05-27,Expired,15,2026-07-25 00:18:29.073630
828,828,3,Monthly,2025-03-08,,Active,10,2026-07-25 00:18:29.073643
829,829,2,Monthly,2023-01-14,,Active,10,2026-07-25 00:18:29.073663
830,830,1,Annual,2025-07-22,,Active,5,2026-07-25 00:18:29.073676
831,831,4,Annual,2024-04-19,2024-10-11,Expired,0,2026-07-25 00:18:29.073695
832,832,2,Monthly,2024-08-07,,Active,5,2026-07-25 00:18:29.073706
833,833,1,Monthly,2024-04-14,2025-12-14,Expired,5,2026-07-25 00:18:29.073722
834,834,1,Monthly,2023-01-12,2024-03-31,Expired,5,2026-07-25 00:18:29.073737
835,835,3,Annual,2025-05-22,,Active,5,2026-07-25 00:18:29.073747
836,836,1,Monthly,2025-01-18,,Active,15,2026-07-25 00:18:29.073758
837,837,3,Annual,2025-09-22,,Active,0,2026-07-25 00:18:29.073768
838,838,1,Monthly,2025-10-09,,Active,15,2026-07-25 00:18:29.073779
839,839,1,Monthly,2024-01-09,2024-02-14,Cancelled,10,2026-07-25 00:18:29.073793
840,840,1,Monthly,2024-09-19,,Active,0,2026-07-25 00:18:29.073804
841,841,2,Monthly,2025-02-11,,Active,0,2026-07-25 00:18:29.073814
842,842,1,Monthly,2024-08-26,,Active,0,2026-07-25 00:18:29.073831
843,843,1,Monthly,2023-10-23,,Active,15,2026-07-25 00:18:29.073857
844,844,2,Monthly,2025-04-10,,Active,10,2026-07-25 00:18:29.073882
845,845,2,Monthly,2025-02-27,,Active,0,2026-07-25 00:18:29.073906
846,846,2,Monthly,2025-05-17,2027-04-22,Expired,0,2026-07-25 00:18:29.073921
847,847,1,Monthly,2023-07-18,,Active,10,2026-07-25 00:18:29.073931
848,848,1,Monthly,2023-10-12,,Active,0,2026-07-25 00:18:29.073941
849,849,2,Annual,2023-12-13,,Active,10,2026-07-25 00:18:29.073952
850,850,1,Annual,2024-07-31,,Active,0,2026-07-25 00:18:29.073962
851,851,1,Monthly,2023-07-02,,Active,10,2026-07-25 00:18:29.073973
852,852,1,Monthly,2025-06-20,2027-06-02,Expired,15,2026-07-25 00:18:29.073988
853,853,1,Monthly,2025-11-23,,Active,10,2026-07-25 00:18:29.074002
854,854,1,Monthly,2023-08-23,,Active,15,2026-07-25 00:18:29.074012
855,855,3,Monthly,2024-09-27,,Active,15,2026-07-25 00:18:29.074022
856,856,1,Monthly,2023-10-08,,Active,5,2026-07-25 00:18:29.074034
857,857,1,Annual,2023-10-02,,Active,5,2026-07-25 00:18:29.074045
858,858,1,Monthly,2024-02-29,,Active,5,2026-07-25 00:18:29.074058
859,859,1,Monthly,2025-06-14,,Active,15,2026-07-25 00:18:29.074076
860,860,4,Annual,2023-07-21,,Active,15,2026-07-25 00:18:29.074093
861,861,2,Monthly,2025-01-11,,Active,5,2026-07-25 00:18:29.074108
862,862,3,Annual,2024-08-02,,Active,10,2026-07-25 00:18:29.074133
863,863,1,Monthly,2023-10-24,,Active,15,2026-07-25 00:18:29.074145
864,864,1,Annual,2024-01-22,,Active,10,2026-07-25 00:18:29.074163
865,865,1,Monthly,2024-04-29,,Active,0,2026-07-25 00:18:29.074189
866,866,2,Monthly,2025-07-03,,Active,10,2026-07-25 00:18:29.074213
867,867,1,Annual,2024-04-08,,Active,15,2026-07-25 00:18:29.074312
868,868,2,Monthly,2025-03-25,,Active,0,2026-07-25 00:18:29.074332
869,869,1,Monthly,2023-07-27,,Active,15,2026-07-25 00:18:29.074341
870,870,1,Monthly,2023-10-20,,Active,15,2026-07-25 00:18:29.074351
871,871,1,Monthly,2023-01-30,,Active,10,2026-07-25 00:18:29.074361
872,872,3,Annual,2023-11-25,,Active,15,2026-07-25 00:18:29.074370
873,873,3,Annual,2025-10-07,,Active,10,2026-07-25 00:18:29.074380
874,874,3,Monthly,2024-02-02,,Active,10,2026-07-25 00:18:29.074389
875,875,1,Monthly,2023-06-17,,Active,15,2026-07-25 00:18:29.074398
876,876,4,Monthly,2024-11-21,,Active,15,2026-07-25 00:18:29.074408
877,877,1,Monthly,2025-12-26,,Active,10,2026-07-25 00:18:29.074419
878,878,1,Monthly,2025-09-06,,Active,5,2026-07-25 00:18:29.074428
879,879,1,Monthly,2023-06-06,,Active,0,2026-07-25 00:18:29.074438
880,880,1,Monthly,2024-10-12,,Active,5,2026-07-25 00:18:29.074447
881,881,1,Monthly,2023-07-02,,Active,5,2026-07-25 00:18:29.074457
882,882,4,Monthly,2023-11-05,2025-08-24,Cancelled,10,2026-07-25 00:18:29.074476
883,883,2,Monthly,2023-11-10,,Active,15,2026-07-25 00:18:29.074485
884,884,1,Annual,2023-03-03,2023-12-26,Expired,10,2026-07-25 00:18:29.074499
885,885,2,Monthly,2024-05-28,,Active,0,2026-07-25 00:18:29.074508
886,886,2,Monthly,2023-05-19,,Active,5,2026-07-25 00:18:29.074518
887,887,2,Monthly,2025-02-06,,Active,10,2026-07-25 00:18:29.074528
888,888,1,Monthly,2023-04-27,,Active,10,2026-07-25 00:18:29.074538
889,889,3,Monthly,2024-12-10,,Active,5,2026-07-25 00:18:29.074548
890,890,1,Monthly,2023-09-29,,Active,15,2026-07-25 00:18:29.074557
891,891,1,Monthly,2025-11-17,,Active,5,2026-07-25 00:18:29.074567
892,892,4,Monthly,2023-03-13,,Active,10,2026-07-25 00:18:29.074577
893,893,1,Annual,2025-10-02,,Active,15,2026-07-25 00:18:29.074587
894,894,1,Monthly,2025-08-23,,Active,15,2026-07-25 00:18:29.074596
895,895,2,Monthly,2024-06-16,,Active,10,2026-07-25 00:18:29.074606
896,896,1,Monthly,2024-12-10,,Active,10,2026-07-25 00:18:29.074616
897,897,1,Monthly,2025-01-12,,Active,5,2026-07-25 00:18:29.074625
898,898,1,Monthly,2023-06-25,,Active,15,2026-07-25 00:18:29.074635
899,899,3,Monthly,2023-09-05,,Active,5,2026-07-25 00:18:29.074645
900,900,2,Annual,2025-01-19,2025-07-12,Cancelled,10,2026-07-25 00:18:29.074658
901,901,1,Monthly,2024-07-11,,Active,15,2026-07-25 00:18:29.074668
902,902,1,Monthly,2023-07-22,,Active,15,2026-07-25 00:18:29.074677
903,903,1,Monthly,2024-09-30,,Active,15,2026-07-25 00:18:29.074687
904,904,4,Monthly,2024-05-03,,Active,0,2026-07-25 00:18:29.074697
905,905,3,Annual,2025-03-26,,Active,10,2026-07-25 00:18:29.074706
906,906,2,Monthly,2025-11-06,,Active,10,2026-07-25 00:18:29.074716
907,907,1,Monthly,2025-08-18,,Active,10,2026-07-25 00:18:29.074726
908,908,1,Annual,2024-01-22,,Active,5,2026-07-25 00:18:29.074735
909,909,3,Monthly,2024-08-20,,Active,5,2026-07-25 00:18:29.074745
910,910,1,Monthly,2025-08-10,,Active,10,2026-07-25 00:18:29.074754
911,911,1,Monthly,2025-02-24,,Active,0,2026-07-25 00:18:29.074764
912,912,1,Monthly,2023-04-27,,Active,15,2026-07-25 00:18:29.074774
913,913,1,Annual,2024-03-08,,Active,15,2026-07-25 00:18:29.074783
914,914,2,Monthly,2025-09-26,,Active,10,2026-07-25 00:18:29.074793
915,915,2,Annual,2024-12-14,2026-08-18,Cancelled,15,2026-07-25 00:18:29.074807
916,916,2,Annual,2025-02-13,2025-08-18,Expired,0,2026-07-25 00:18:29.074820
917,917,2,Annual,2025-10-11,2027-02-01,Expired,0,2026-07-25 00:18:29.074832
918,918,1,Monthly,2023-02-25,,Active,5,2026-07-25 00:18:29.074842
919,919,3,Monthly,2025-08-19,,Active,10,2026-07-25 00:18:29.074852
920,920,3,Annual,2025-11-09,,Active,10,2026-07-25 00:18:29.074861
921,921,1,Monthly,2023-03-26,,Active,10,2026-07-25 00:18:29.074871
922,922,2,Monthly,2025-05-20,,Active,5,2026-07-25 00:18:29.074881
923,923,1,Monthly,2024-12-03,,Active,5,2026-07-25 00:18:29.074890
924,924,1,Monthly,2023-12-11,,Active,0,2026-07-25 00:18:29.074900
925,925,1,Monthly,2024-03-29,2024-12-19,Cancelled,5,2026-07-25 00:18:29.074913
926,926,1,Monthly,2023-09-13,,Active,0,2026-07-25 00:18:29.074923
927,927,2,Monthly,2024-09-27,,Active,0,2026-07-25 00:18:29.074933
928,928,1,Monthly,2023-10-19,,Active,10,2026-07-25 00:18:29.074942
929,929,2,Annual,2023-12-01,,Active,0,2026-07-25 00:18:29.074952
930,930,1,Monthly,2024-06-08,,Active,0,2026-07-25 00:18:29.074962
931,931,3,Monthly,2025-09-10,,Active,10,2026-07-25 00:18:29.074971
932,932,3,Monthly,2025-10-19,,Active,10,2026-07-25 00:18:29.074981
933,933,2,Monthly,2025-04-03,2025-09-14,Expired,10,2026-07-25 00:18:29.074994
934,934,1,Annual,2025-01-20,2026-10-07,Expired,0,2026-07-25 00:18:29.075007
935,935,1,Annual,2023-09-27,,Active,5,2026-07-25 00:18:29.075016
936,936,1,Monthly,2025-07-30,2025-10-27,Cancelled,15,2026-07-25 00:18:29.075029
937,937,3,Annual,2025-08-04,,Active,15,2026-07-25 00:18:29.075041
938,938,2,Monthly,2024-04-01,2025-08-31,Expired,15,2026-07-25 00:18:29.075054
939,939,1,Monthly,2025-07-24,,Active,5,2026-07-25 00:18:29.075064
940,940,3,Monthly,2025-04-30,,Active,5,2026-07-25 00:18:29.075073
941,941,1,Monthly,2025-09-09,2026-03-15,Expired,15,2026-07-25 00:18:29.075086
942,942,2,Annual,2024-03-27,,Active,0,2026-07-25 00:18:29.075095
943,943,1,Monthly,2025-10-06,,Active,10,2026-07-25 00:18:29.075105
944,944,1,Monthly,2025-09-16,,Active,10,2026-07-25 00:18:29.075114
945,945,3,Monthly,2025-05-23,,Active,5,2026-07-25 00:18:29.075124
946,946,1,Monthly,2024-10-10,,Active,0,2026-07-25 00:18:29.075133
947,947,2,Monthly,2024-10-18,,Active,0,2026-07-25 00:18:29.075143
948,948,1,Monthly,2024-08-14,,Active,5,2026-07-25 00:18:29.075152
949,949,2,Monthly,2023-11-07,2025-06-25,Expired,0,2026-07-25 00:18:29.075165
950,950,2,Monthly,2024-03-21,2024-07-04,Cancelled,0,2026-07-25 00:18:29.075178
951,951,3,Monthly,2024-04-03,,Active,5,2026-07-25 00:18:29.075188
952,952,2,Monthly,2024-07-11,,Active,10,2026-07-25 00:18:29.075199
953,953,2,Monthly,2025-05-22,,Active,0,2026-07-25 00:18:29.075216
954,954,1,Monthly,2024-08-27,,Active,15,2026-07-25 00:18:29.075227
955,955,3,Monthly,2024-03-22,,Active,15,2026-07-25 00:18:29.075236
956,956,1,Annual,2025-11-30,,Active,5,2026-07-25 00:18:29.075543
957,957,1,Monthly,2024-01-26,,Active,10,2026-07-25 00:18:29.075597
958,958,2,Annual,2023-12-17,,Active,15,2026-07-25 00:18:29.075615
959,959,3,Monthly,2025-04-29,,Active,0,2026-07-25 00:18:29.075628
960,960,2,Monthly,2024-04-01,,Active,10,2026-07-25 00:18:29.075639
961,961,1,Annual,2023-10-18,,Active,0,2026-07-25 00:18:29.075649
962,962,1,Monthly,2024-08-08,2026-01-31,Cancelled,10,2026-07-25 00:18:29.075670
963,963,1,Annual,2024-02-15,,Active,0,2026-07-25 00:18:29.075680
964,964,3,Monthly,2023-01-09,,Active,10,2026-07-25 00:18:29.075691
965,965,1,Monthly,2023-03-04,,Active,15,2026-07-25 00:18:29.075710
966,966,1,Annual,2023-03-21,,Active,15,2026-07-25 00:18:29.075721
967,967,1,Monthly,2025-06-08,,Active,10,2026-07-25 00:18:29.075732
968,968,1,Monthly,2023-12-08,,Active,15,2026-07-25 00:18:29.075742
969,969,1,Monthly,2023-09-05,,Active,10,2026-07-25 00:18:29.075752
970,970,2,Monthly,2024-06-26,,Active,15,2026-07-25 00:18:29.075761
971,971,1,Annual,2024-05-30,,Active,5,2026-07-25 00:18:29.075771
972,972,1,Monthly,2025-08-18,,Active,5,2026-07-25 00:18:29.075784
973,973,1,Monthly,2025-10-05,,Active,15,2026-07-25 00:18:29.075797
974,974,1,Monthly,2024-11-23,,Active,15,2026-07-25 00:18:29.075813
975,975,1,Monthly,2025-08-22,,Active,5,2026-07-25 00:18:29.075823
976,976,2,Monthly,2024-05-13,,Active,10,2026-07-25 00:18:29.075833
977,977,2,Monthly,2024-08-22,2024-11-03,Expired,0,2026-07-25 00:18:29.075848
978,978,1,Monthly,2025-03-13,,Active,10,2026-07-25 00:18:29.075859
979,979,1,Monthly,2025-01-26,,Active,0,2026-07-25 00:18:29.075877
980,980,1,Annual,2023-10-27,,Active,5,2026-07-25 00:18:29.075888
981,981,2,Annual,2023-09-18,,Active,0,2026-07-25 00:18:29.075899
982,982,1,Annual,2025-09-04,,Active,5,2026-07-25 00:18:29.075909
983,983,2,Monthly,2023-06-11,,Active,0,2026-07-25 00:18:29.075920
984,984,2,Annual,2024-11-07,,Active,15,2026-07-25 00:18:29.075930
985,985,1,Annual,2023-02-06,2024-01-07,Expired,0,2026-07-25 00:18:29.075945
986,986,2,Monthly,2023-04-24,,Active,0,2026-07-25 00:18:29.075956
987,987,1,Annual,2025-05-16,2025-10-29,Expired,0,2026-07-25 00:18:29.075977
988,988,1,Monthly,2024-02-06,,Active,15,2026-07-25 00:18:29.075988
989,989,1,Monthly,2024-11-03,,Active,10,2026-07-25 00:18:29.075998
990,990,1,Annual,2025-04-10,,Active,15,2026-07-25 00:18:29.076008
991,991,1,Monthly,2023-04-09,2024-03-22,Cancelled,0,2026-07-25 00:18:29.076022
992,992,2,Monthly,2025-02-20,,Active,5,2026-07-25 00:18:29.076032
993,993,1,Annual,2024-04-13,,Active,5,2026-07-25 00:18:29.076042
994,994,1,Monthly,2024-09-05,,Active,0,2026-07-25 00:18:29.076060
995,995,1,Monthly,2024-08-30,,Active,5,2026-07-25 00:18:29.076071
996,996,2,Monthly,2025-10-03,,Active,0,2026-07-25 00:18:29.076083
997,997,1,Monthly,2025-05-12,2026-09-11,Cancelled,15,2026-07-25 00:18:29.076097
998,998,2,Monthly,2025-06-08,,Active,0,2026-07-25 00:18:29.076107
999,999,2,Monthly,2023-11-23,,Active,0,2026-07-25 00:18:29.076117
1000,1000,1,Monthly,2025-09-30,2027-01-05,Cancelled,5,2026-07-25 00:18:29.076131
1001,1001,2,Monthly,2024-01-28,,Active,5,2026-07-25 00:18:29.076146
1002,1002,2,Monthly,2025-05-31,,Active,15,2026-07-25 00:18:29.076156
1003,1003,1,Monthly,2024-12-17,,Active,0,2026-07-25 00:18:29.076166
1004,1004,1,Monthly,2023-06-02,,Active,5,2026-07-25 00:18:29.076176
1005,1005,1,Monthly,2024-05-28,,Active,5,2026-07-25 00:18:29.076186
1006,1006,3,Monthly,2023-06-05,2025-03-26,Cancelled,0,2026-07-25 00:18:29.076200
1007,1007,1,Monthly,2024-05-08,,Active,5,2026-07-25 00:18:29.076211
1008,1008,3,Annual,2024-04-19,,Active,5,2026-07-25 00:18:29.076227
1009,1009,1,Annual,2024-05-06,,Active,15,2026-07-25 00:18:29.076240
1010,1010,2,Monthly,2023-12-11,2024-08-05,Cancelled,15,2026-07-25 00:18:29.076257
1011,1011,1,Monthly,2023-07-28,,Active,0,2026-07-25 00:18:29.076267
1012,1012,3,Monthly,2024-07-11,2025-09-26,Expired,15,2026-07-25 00:18:29.076281
1013,1013,1,Monthly,2025-09-29,,Active,0,2026-07-25 00:18:29.076290
1014,1014,1,Monthly,2025-04-16,,Active,5,2026-07-25 00:18:29.076301
1015,1015,1,Monthly,2023-04-29,,Active,0,2026-07-25 00:18:29.076316
1016,1016,2,Monthly,2023-02-18,2023-11-04,Cancelled,5,2026-07-25 00:18:29.076331
1017,1017,1,Annual,2023-02-26,,Active,15,2026-07-25 00:18:29.076341
1018,1018,1,Monthly,2025-10-12,2025-12-01,Expired,15,2026-07-25 00:18:29.076354
1019,1019,1,Monthly,2025-07-04,,Active,10,2026-07-25 00:18:29.076364
1020,1020,3,Monthly,2023-05-21,,Active,0,2026-07-25 00:18:29.076374
1021,1021,3,Monthly,2024-01-07,,Active,0,2026-07-25 00:18:29.076416
1022,1022,2,Monthly,2023-09-05,,Active,15,2026-07-25 00:18:29.076428
1023,1023,1,Monthly,2025-10-21,2026-03-13,Cancelled,15,2026-07-25 00:18:29.076443
1024,1024,2,Monthly,2024-07-11,,Active,10,2026-07-25 00:18:29.076453
1025,1025,1,Monthly,2023-12-27,,Active,0,2026-07-25 00:18:29.076462
1026,1026,4,Monthly,2023-03-08,2023-09-08,Cancelled,15,2026-07-25 00:18:29.076482
1027,1027,1,Monthly,2024-12-30,2026-03-13,Expired,5,2026-07-25 00:18:29.076495
1028,1028,2,Annual,2025-10-04,,Active,5,2026-07-25 00:18:29.076504
1029,1029,1,Monthly,2025-09-11,,Active,5,2026-07-25 00:18:29.076514
1030,1030,1,Monthly,2025-04-25,,Active,15,2026-07-25 00:18:29.076524
1031,1031,2,Monthly,2025-10-11,,Active,10,2026-07-25 00:18:29.076534
1032,1032,3,Monthly,2023-12-13,,Active,15,2026-07-25 00:18:29.076544
1033,1033,1,Monthly,2025-01-18,,Active,15,2026-07-25 00:18:29.076554
1034,1034,1,Monthly,2023-12-24,2024-11-29,Expired,15,2026-07-25 00:18:29.076567
1035,1035,2,Monthly,2023-11-25,,Active,0,2026-07-25 00:18:29.076577
1036,1036,2,Monthly,2025-07-24,,Active,15,2026-07-25 00:18:29.076589
1037,1037,1,Monthly,2024-05-27,,Active,10,2026-07-25 00:18:29.076602
1038,1038,1,Monthly,2025-07-06,,Active,10,2026-07-25 00:18:29.076612
1039,1039,1,Monthly,2023-02-04,,Active,15,2026-07-25 00:18:29.076622
1040,1040,1,Monthly,2025-07-09,,Active,0,2026-07-25 00:18:29.076634
1041,1041,4,Monthly,2023-03-02,,Active,0,2026-07-25 00:18:29.076644
1042,1042,1,Monthly,2025-03-13,,Active,5,2026-07-25 00:18:29.076655
1043,1043,2,Monthly,2023-01-29,,Active,0,2026-07-25 00:18:29.076664
1044,1044,1,Annual,2023-12-03,,Active,0,2026-07-25 00:18:29.076674
1045,1045,1,Monthly,2025-01-18,,Active,15,2026-07-25 00:18:29.076684
1046,1046,1,Annual,2025-07-22,,Active,0,2026-07-25 00:18:29.076694
1047,1047,3,Monthly,2025-08-26,,Active,10,2026-07-25 00:18:29.076704
1048,1048,1,Monthly,2024-12-05,,Active,5,2026-07-25 00:18:29.076715
1049,1049,3,Monthly,2023-06-18,,Active,10,2026-07-25 00:18:29.076724
1050,1050,2,Monthly,2025-11-29,,Active,15,2026-07-25 00:18:29.076733
1051,1051,1,Monthly,2023-10-03,2024-02-18,Cancelled,15,2026-07-25 00:18:29.076748
1052,1052,4,Monthly,2025-04-05,,Active,15,2026-07-25 00:18:29.076758
1053,1053,2,Monthly,2025-07-26,2025-10-12,Cancelled,0,2026-07-25 00:18:29.076780
1054,1054,2,Monthly,2025-10-05,,Active,15,2026-07-25 00:18:29.076791
1055,1055,1,Monthly,2023-03-09,2024-12-08,Cancelled,5,2026-07-25 00:18:29.076805
1056,1056,1,Monthly,2024-08-15,2025-09-15,Expired,0,2026-07-25 00:18:29.076819
1057,1057,2,Monthly,2025-12-18,,Active,15,2026-07-25 00:18:29.076829
1058,1058,4,Annual,2023-12-28,,Active,10,2026-07-25 00:18:29.076839
1059,1059,1,Monthly,2024-09-26,,Active,15,2026-07-25 00:18:29.076849
1060,1060,3,Monthly,2023-01-12,2024-12-11,Cancelled,15,2026-07-25 00:18:29.076864
1061,1061,1,Monthly,2023-11-16,2024-01-20,Cancelled,5,2026-07-25 00:18:29.076878
1062,1062,1,Monthly,2024-10-23,2025-03-27,Cancelled,10,2026-07-25 00:18:29.076892
1063,1063,3,Annual,2025-05-27,,Active,5,2026-07-25 00:18:29.076902
1064,1064,2,Monthly,2024-09-09,2025-11-15,Expired,10,2026-07-25 00:18:29.076916
1065,1065,4,Annual,2025-01-19,,Active,10,2026-07-25 00:18:29.076927
1066,1066,1,Monthly,2025-01-21,2026-03-13,Expired,5,2026-07-25 00:18:29.076941
1067,1067,1,Monthly,2024-09-10,2026-06-27,Cancelled,15,2026-07-25 00:18:29.076955
1068,1068,1,Monthly,2023-12-23,2024-07-22,Expired,5,2026-07-25 00:18:29.076969
1069,1069,1,Monthly,2023-06-05,,Active,10,2026-07-25 00:18:29.076980
1070,1070,1,Monthly,2025-05-05,,Active,15,2026-07-25 00:18:29.076990
1071,1071,3,Monthly,2025-09-14,,Active,10,2026-07-25 00:18:29.077000
1072,1072,1,Monthly,2025-01-02,,Active,5,2026-07-25 00:18:29.077010
1073,1073,1,Monthly,2023-05-05,2024-01-27,Cancelled,10,2026-07-25 00:18:29.077025
1074,1074,1,Monthly,2025-08-11,2026-01-28,Cancelled,10,2026-07-25 00:18:29.077039
1075,1075,1,Annual,2023-09-30,,Active,0,2026-07-25 00:18:29.077049
1076,1076,1,Monthly,2025-03-15,,Active,5,2026-07-25 00:18:29.077059
1077,1077,3,Annual,2025-03-04,2025-06-11,Expired,15,2026-07-25 00:18:29.077074
1078,1078,1,Monthly,2024-07-12,,Active,15,2026-07-25 00:18:29.077084
1079,1079,1,Monthly,2023-05-15,,Active,5,2026-07-25 00:18:29.077095
1080,1080,2,Monthly,2024-09-05,,Active,10,2026-07-25 00:18:29.077105
1081,1081,2,Monthly,2025-12-29,,Active,10,2026-07-25 00:18:29.077115
1082,1082,1,Monthly,2024-03-17,2024-09-06,Cancelled,10,2026-07-25 00:18:29.077129
1083,1083,1,Monthly,2024-03-05,,Active,15,2026-07-25 00:18:29.077140
1084,1084,1,Monthly,2024-12-07,,Active,10,2026-07-25 00:18:29.077151
1085,1085,3,Monthly,2024-09-24,,Active,10,2026-07-25 00:18:29.077162
1086,1086,1,Monthly,2023-07-01,,Active,10,2026-07-25 00:18:29.077172
1087,1087,1,Monthly,2025-06-12,,Active,5,2026-07-25 00:18:29.077182
1088,1088,1,Monthly,2025-05-24,,Active,10,2026-07-25 00:18:29.077192
1089,1089,1,Monthly,2024-12-13,,Active,10,2026-07-25 00:18:29.077202
1090,1090,2,Annual,2023-06-30,,Active,15,2026-07-25 00:18:29.077212
1091,1091,1,Annual,2023-12-09,,Active,5,2026-07-25 00:18:29.077223
1092,1092,1,Monthly,2024-07-02,,Active,0,2026-07-25 00:18:29.077233
1093,1093,1,Monthly,2024-03-22,,Active,0,2026-07-25 00:18:29.077243
1094,1094,3,Monthly,2024-06-15,,Active,5,2026-07-25 00:18:29.077254
1095,1095,1,Monthly,2025-01-10,,Active,5,2026-07-25 00:18:29.077265
1096,1096,3,Monthly,2024-02-22,,Active,5,2026-07-25 00:18:29.077275
1097,1097,1,Monthly,2023-10-23,,Active,15,2026-07-25 00:18:29.077285
1098,1098,1,Monthly,2024-01-12,,Active,0,2026-07-25 00:18:29.077295
1099,1099,1,Monthly,2024-01-23,,Active,5,2026-07-25 00:18:29.077305
1100,1100,3,Monthly,2023-05-02,,Active,0,2026-07-25 00:18:29.077315
1101,1101,1,Monthly,2025-04-21,,Active,15,2026-07-25 00:18:29.077326
1102,1102,2,Monthly,2025-08-22,,Active,15,2026-07-25 00:18:29.077342
1103,1103,1,Monthly,2025-06-11,,Active,15,2026-07-25 00:18:29.077353
1104,1104,3,Monthly,2025-03-05,,Active,0,2026-07-25 00:18:29.077363
1105,1105,4,Annual,2023-07-19,,Active,5,2026-07-25 00:18:29.077374
1106,1106,2,Annual,2025-01-13,,Active,15,2026-07-25 00:18:29.077384
1107,1107,1,Monthly,2023-09-29,2023-12-21,Cancelled,0,2026-07-25 00:18:29.077399
1108,1108,2,Monthly,2024-12-15,,Active,10,2026-07-25 00:18:29.077409
1109,1109,1,Monthly,2023-11-24,,Active,5,2026-07-25 00:18:29.077419
1110,1110,3,Monthly,2025-08-09,,Active,0,2026-07-25 00:18:29.077430
1111,1111,2,Monthly,2024-02-23,,Active,10,2026-07-25 00:18:29.077440
1112,1112,3,Monthly,2023-10-13,,Active,10,2026-07-25 00:18:29.077451
1113,1113,2,Monthly,2024-08-01,,Active,15,2026-07-25 00:18:29.077462
1114,1114,2,Monthly,2023-10-07,,Active,10,2026-07-25 00:18:29.077472
1115,1115,3,Monthly,2023-06-05,2024-06-05,Cancelled,10,2026-07-25 00:18:29.077487
1116,1116,2,Monthly,2024-08-14,,Active,0,2026-07-25 00:18:29.077498
1117,1117,3,Monthly,2023-08-21,,Active,15,2026-07-25 00:18:29.077508
1118,1118,2,Monthly,2025-02-15,,Active,0,2026-07-25 00:18:29.077518
1119,1119,3,Monthly,2025-03-14,,Active,15,2026-07-25 00:18:29.077529
1120,1120,3,Annual,2025-05-23,,Active,10,2026-07-25 00:18:29.077539
1121,1121,3,Monthly,2023-12-01,,Active,0,2026-07-25 00:18:29.077550
1122,1122,2,Monthly,2024-11-29,,Active,15,2026-07-25 00:18:29.077560
1123,1123,2,Annual,2024-02-05,,Active,0,2026-07-25 00:18:29.077570
1124,1124,1,Monthly,2025-11-21,,Active,5,2026-07-25 00:18:29.077580
1125,1125,1,Monthly,2023-09-29,,Active,0,2026-07-25 00:18:29.077590
1126,1126,2,Monthly,2025-01-27,,Active,15,2026-07-25 00:18:29.077600
1127,1127,3,Annual,2024-12-21,,Active,10,2026-07-25 00:18:29.077610
1128,1128,2,Monthly,2024-06-08,2024-07-31,Cancelled,5,2026-07-25 00:18:29.077626
1129,1129,3,Monthly,2023-04-21,,Active,10,2026-07-25 00:18:29.077636
1130,1130,1,Monthly,2024-05-01,,Active,15,2026-07-25 00:18:29.077646
1131,1131,2,Monthly,2025-07-29,,Active,0,2026-07-25 00:18:29.077657
1132,1132,2,Monthly,2024-07-18,,Active,0,2026-07-25 00:18:29.077667
1133,1133,2,Monthly,2023-10-13,,Active,10,2026-07-25 00:18:29.077678
1134,1134,1,Monthly,2025-10-25,,Active,0,2026-07-25 00:18:29.077688
1135,1135,1,Monthly,2023-05-05,,Active,0,2026-07-25 00:18:29.077698
1136,1136,1,Annual,2023-05-29,2023-11-03,Cancelled,15,2026-07-25 00:18:29.077713
1137,1137,1,Monthly,2025-05-01,,Active,0,2026-07-25 00:18:29.077723
1138,1138,1,Monthly,2025-03-24,,Active,10,2026-07-25 00:18:29.077734
1139,1139,3,Annual,2023-08-30,,Active,0,2026-07-25 00:18:29.077744
1140,1140,1,Annual,2024-04-25,,Active,10,2026-07-25 00:18:29.077754
1141,1141,1,Monthly,2024-11-19,,Active,10,2026-07-25 00:18:29.077765
1142,1142,3,Monthly,2023-02-24,,Active,5,2026-07-25 00:18:29.077775
1143,1143,1,Annual,2024-12-26,,Active,0,2026-07-25 00:18:29.077785
1144,1144,1,Monthly,2025-12-19,,Active,15,2026-07-25 00:18:29.077795
1145,1145,2,Monthly,2025-09-14,,Active,0,2026-07-25 00:18:29.077805
1146,1146,2,Monthly,2024-06-23,,Active,15,2026-07-25 00:18:29.077816
1147,1147,1,Monthly,2024-11-17,,Active,5,2026-07-25 00:18:29.077826
1148,1148,1,Monthly,2024-04-16,,Active,15,2026-07-25 00:18:29.077836
1149,1149,1,Monthly,2024-06-18,,Active,10,2026-07-25 00:18:29.077846
1150,1150,2,Monthly,2025-02-03,,Active,5,2026-07-25 00:18:29.077857
1151,1151,1,Monthly,2024-03-31,,Active,5,2026-07-25 00:18:29.077867
1152,1152,3,Monthly,2024-10-01,2026-02-25,Cancelled,15,2026-07-25 00:18:29.077882
1153,1153,1,Monthly,2025-09-30,,Active,15,2026-07-25 00:18:29.077892
1154,1154,1,Monthly,2023-05-04,,Active,5,2026-07-25 00:18:29.077902
1155,1155,1,Monthly,2025-08-10,,Active,0,2026-07-25 00:18:29.077912
1156,1156,3,Monthly,2024-02-22,,Active,0,2026-07-25 00:18:29.077923
1157,1157,2,Annual,2023-08-01,,Active,10,2026-07-25 00:18:29.077933
1158,1158,2,Monthly,2024-12-04,,Active,10,2026-07-25 00:18:29.077942
1159,1159,1,Annual,2024-05-13,,Active,0,2026-07-25 00:18:29.077999
1160,1160,1,Monthly,2023-02-04,,Active,5,2026-07-25 00:18:29.078018
1161,1161,1,Monthly,2024-02-23,,Active,15,2026-07-25 00:18:29.078028
1162,1162,1,Annual,2023-01-13,,Active,0,2026-07-25 00:18:29.078039
1163,1163,1,Monthly,2025-02-05,,Active,0,2026-07-25 00:18:29.078049
1164,1164,1,Monthly,2025-02-13,,Active,5,2026-07-25 00:18:29.078059
1165,1165,3,Monthly,2024-05-28,,Active,0,2026-07-25 00:18:29.078070
1166,1166,1,Monthly,2023-03-29,,Active,0,2026-07-25 00:18:29.078080
1167,1167,2,Monthly,2024-12-31,,Active,10,2026-07-25 00:18:29.078091
1168,1168,3,Monthly,2024-08-15,,Active,10,2026-07-25 00:18:29.078101
1169,1169,2,Annual,2024-01-22,,Active,5,2026-07-25 00:18:29.078112
1170,1170,3,Monthly,2023-02-22,,Active,15,2026-07-25 00:18:29.078122
1171,1171,1,Monthly,2025-03-20,,Active,5,2026-07-25 00:18:29.078132
1172,1172,1,Annual,2024-04-29,2025-12-16,Expired,0,2026-07-25 00:18:29.078150
1173,1173,2,Annual,2025-05-03,,Active,10,2026-07-25 00:18:29.078161
1174,1174,2,Monthly,2024-07-13,,Active,10,2026-07-25 00:18:29.078171
1175,1175,3,Monthly,2023-06-25,,Active,0,2026-07-25 00:18:29.078181
1176,1176,1,Monthly,2023-01-24,,Active,10,2026-07-25 00:18:29.078192
1177,1177,4,Monthly,2023-07-05,,Active,15,2026-07-25 00:18:29.078202
1178,1178,1,Monthly,2023-03-07,,Active,10,2026-07-25 00:18:29.078212
1179,1179,1,Monthly,2024-07-30,,Active,0,2026-07-25 00:18:29.078222
1180,1180,3,Monthly,2023-05-22,,Active,15,2026-07-25 00:18:29.078232
1181,1181,4,Monthly,2025-08-29,,Active,5,2026-07-25 00:18:29.078243
1182,1182,1,Annual,2023-08-28,,Active,10,2026-07-25 00:18:29.078253
1183,1183,1,Annual,2024-05-07,2025-01-30,Cancelled,0,2026-07-25 00:18:29.078269
1184,1184,2,Monthly,2024-11-12,,Active,0,2026-07-25 00:18:29.078279
1185,1185,1,Monthly,2023-07-29,,Active,15,2026-07-25 00:18:29.078290
1186,1186,2,Monthly,2024-11-10,2025-09-14,Cancelled,5,2026-07-25 00:18:29.078304
1187,1187,1,Monthly,2023-10-17,,Active,0,2026-07-25 00:18:29.078314
1188,1188,1,Monthly,2025-07-19,,Active,0,2026-07-25 00:18:29.078325
1189,1189,4,Monthly,2024-02-14,2024-08-09,Expired,15,2026-07-25 00:18:29.078339
1190,1190,1,Monthly,2024-08-11,,Active,5,2026-07-25 00:18:29.078350
1191,1191,2,Monthly,2025-08-21,2027-05-01,Expired,5,2026-07-25 00:18:29.078364
1192,1192,1,Monthly,2025-10-19,,Active,10,2026-07-25 00:18:29.078374
1193,1193,2,Monthly,2025-05-06,,Active,5,2026-07-25 00:18:29.078385
1194,1194,1,Monthly,2024-09-28,,Active,0,2026-07-25 00:18:29.078396
1195,1195,1,Monthly,2023-03-10,,Active,0,2026-07-25 00:18:29.078428
1196,1196,2,Monthly,2023-11-10,,Active,5,2026-07-25 00:18:29.078439
1197,1197,1,Monthly,2023-02-19,,Active,0,2026-07-25 00:18:29.078449
1198,1198,3,Monthly,2025-08-27,,Active,10,2026-07-25 00:18:29.078459
1199,1199,2,Annual,2023-04-21,,Active,15,2026-07-25 00:18:29.078470
1200,1200,2,Monthly,2025-10-15,,Active,15,2026-07-25 00:18:29.078480
1201,1201,4,Monthly,2024-12-28,,Active,15,2026-07-25 00:18:29.078490
1202,1202,1,Monthly,2024-10-08,,Active,15,2026-07-25 00:18:29.078500
1203,1203,1,Monthly,2025-08-16,,Active,0,2026-07-25 00:18:29.078510
1204,1204,1,Monthly,2024-04-17,,Active,0,2026-07-25 00:18:29.078521
1205,1205,1,Monthly,2023-05-31,,Active,5,2026-07-25 00:18:29.078532
1206,1206,1,Monthly,2024-08-21,,Active,15,2026-07-25 00:18:29.078543
1207,1207,2,Monthly,2024-01-22,,Active,0,2026-07-25 00:18:29.078553
1208,1208,2,Monthly,2024-10-06,,Active,0,2026-07-25 00:18:29.078563
1209,1209,3,Annual,2024-12-13,,Active,10,2026-07-25 00:18:29.078574
1210,1210,2,Annual,2023-10-08,,Active,0,2026-07-25 00:18:29.078584
1211,1211,2,Annual,2025-07-20,,Active,0,2026-07-25 00:18:29.078594
1212,1212,1,Monthly,2025-05-04,,Active,5,2026-07-25 00:18:29.078605
1213,1213,1,Annual,2025-09-10,2026-03-07,Expired,10,2026-07-25 00:18:29.078621
1214,1214,1,Annual,2024-01-09,,Active,5,2026-07-25 00:18:29.078631
1215,1215,1,Monthly,2024-01-30,,Active,5,2026-07-25 00:18:29.078641
1216,1216,1,Monthly,2024-09-08,,Active,0,2026-07-25 00:18:29.078652
1217,1217,1,Annual,2025-07-14,,Active,0,2026-07-25 00:18:29.078662
1218,1218,2,Annual,2023-01-11,,Active,15,2026-07-25 00:18:29.078673
1219,1219,3,Monthly,2024-05-04,,Active,5,2026-07-25 00:18:29.078683
1220,1220,1,Monthly,2024-03-04,,Active,5,2026-07-25 00:18:29.078692
1221,1221,3,Monthly,2023-05-27,,Active,15,2026-07-25 00:18:29.078703
1222,1222,2,Monthly,2023-08-04,,Active,5,2026-07-25 00:18:29.078713
1223,1223,1,Monthly,2023-12-28,,Active,10,2026-07-25 00:18:29.078724
1224,1224,1,Monthly,2024-09-13,,Active,0,2026-07-25 00:18:29.078734
1225,1225,1,Annual,2025-01-19,2026-10-06,Expired,0,2026-07-25 00:18:29.078749
1226,1226,1,Annual,2025-12-27,,Active,10,2026-07-25 00:18:29.078760
1227,1227,2,Annual,2023-02-28,,Active,10,2026-07-25 00:18:29.078770
1228,1228,1,Annual,2024-06-03,,Active,15,2026-07-25 00:18:29.078781
1229,1229,1,Annual,2023-07-07,,Active,0,2026-07-25 00:18:29.078791
1230,1230,1,Monthly,2023-01-18,,Active,0,2026-07-25 00:18:29.078802
1231,1231,1,Annual,2023-03-05,,Active,0,2026-07-25 00:18:29.078812
1232,1232,4,Monthly,2025-02-19,,Active,10,2026-07-25 00:18:29.078822
1233,1233,2,Monthly,2024-09-02,,Active,10,2026-07-25 00:18:29.078835
1234,1234,1,Monthly,2023-05-20,,Active,5,2026-07-25 00:18:29.078845
1235,1235,1,Monthly,2023-08-18,2025-06-18,Expired,5,2026-07-25 00:18:29.078861
1236,1236,2,Monthly,2025-06-06,2026-04-17,Expired,15,2026-07-25 00:18:29.078876
1237,1237,1,Monthly,2025-02-18,2025-04-29,Expired,0,2026-07-25 00:18:29.078890
1238,1238,1,Monthly,2023-07-29,2024-10-21,Expired,15,2026-07-25 00:18:29.078904
1239,1239,1,Monthly,2025-10-10,,Active,0,2026-07-25 00:18:29.078915
1240,1240,4,Monthly,2024-01-18,,Active,5,2026-07-25 00:18:29.078925
1241,1241,3,Monthly,2024-05-17,,Active,5,2026-07-25 00:18:29.078936
1242,1242,2,Monthly,2024-10-19,,Active,15,2026-07-25 00:18:29.078946
1243,1243,1,Monthly,2025-07-11,,Active,15,2026-07-25 00:18:29.078956
1244,1244,1,Monthly,2025-08-15,,Active,0,2026-07-25 00:18:29.078965
1245,1245,1,Monthly,2023-12-29,,Active,0,2026-07-25 00:18:29.078984
1246,1246,1,Monthly,2023-05-14,,Active,0,2026-07-25 00:18:29.079052
1247,1247,2,Monthly,2025-08-22,2025-12-24,Cancelled,5,2026-07-25 00:18:29.079069
1248,1248,3,Monthly,2023-01-22,,Active,15,2026-07-25 00:18:29.079079
1249,1249,2,Monthly,2024-11-30,,Active,15,2026-07-25 00:18:29.079089
1250,1250,2,Monthly,2025-04-15,,Active,10,2026-07-25 00:18:29.079100
1251,1251,1,Annual,2024-02-06,2024-05-30,Expired,15,2026-07-25 00:18:29.079116
1252,1252,1,Monthly,2025-12-21,,Active,0,2026-07-25 00:18:29.079126
1253,1253,1,Annual,2023-03-09,,Active,10,2026-07-25 00:18:29.079136
1254,1254,2,Monthly,2025-12-18,,Active,0,2026-07-25 00:18:29.079147
1255,1255,2,Monthly,2023-04-14,,Active,0,2026-07-25 00:18:29.079158
1256,1256,1,Monthly,2025-10-22,,Active,10,2026-07-25 00:18:29.079168
1257,1257,2,Monthly,2025-10-05,,Active,10,2026-07-25 00:18:29.079179
1258,1258,1,Monthly,2023-06-04,,Active,0,2026-07-25 00:18:29.079189
1259,1259,1,Monthly,2023-05-17,,Active,10,2026-07-25 00:18:29.079198
1260,1260,1,Monthly,2025-05-20,,Active,10,2026-07-25 00:18:29.079209
1261,1261,1,Annual,2024-06-02,2025-04-07,Cancelled,15,2026-07-25 00:18:29.079224
1262,1262,1,Monthly,2024-06-22,,Active,5,2026-07-25 00:18:29.079234
1263,1263,1,Monthly,2025-02-17,,Active,5,2026-07-25 00:18:29.079243
1264,1264,2,Monthly,2024-08-24,,Active,5,2026-07-25 00:18:29.079253
1265,1265,3,Monthly,2023-12-17,,Active,10,2026-07-25 00:18:29.079264
1266,1266,4,Annual,2025-10-17,,Active,5,2026-07-25 00:18:29.079273
1267,1267,1,Annual,2025-03-19,,Active,15,2026-07-25 00:18:29.079284
1268,1268,1,Monthly,2024-01-09,,Active,5,2026-07-25 00:18:29.079293
1269,1269,2,Annual,2024-05-26,,Active,15,2026-07-25 00:18:29.079302
1270,1270,1,Monthly,2023-08-04,2024-04-17,Expired,15,2026-07-25 00:18:29.079316
1271,1271,1,Monthly,2024-04-25,,Active,0,2026-07-25 00:18:29.079335
1272,1272,4,Monthly,2023-08-14,,Active,10,2026-07-25 00:18:29.079346
1273,1273,1,Monthly,2025-05-15,,Active,0,2026-07-25 00:18:29.079355
1274,1274,2,Annual,2023-08-15,,Active,10,2026-07-25 00:18:29.079364
1275,1275,2,Annual,2024-09-30,,Active,15,2026-07-25 00:18:29.079374
1276,1276,1,Monthly,2025-09-16,,Active,5,2026-07-25 00:18:29.079383
1277,1277,1,Monthly,2023-10-14,,Active,0,2026-07-25 00:18:29.079392
1278,1278,1,Monthly,2025-08-16,,Active,15,2026-07-25 00:18:29.079410
1279,1279,1,Annual,2025-07-15,,Active,5,2026-07-25 00:18:29.079421
1280,1280,1,Monthly,2024-07-12,2026-03-15,Cancelled,15,2026-07-25 00:18:29.079444
1281,1281,1,Monthly,2023-07-28,,Active,10,2026-07-25 00:18:29.079455
1282,1282,3,Monthly,2023-10-13,,Active,15,2026-07-25 00:18:29.079464
1283,1283,1,Annual,2023-10-28,,Active,10,2026-07-25 00:18:29.079484
1284,1284,1,Annual,2024-02-24,,Active,10,2026-07-25 00:18:29.079496
1285,1285,2,Monthly,2023-11-12,2025-03-06,Cancelled,5,2026-07-25 00:18:29.079512
1286,1286,3,Annual,2025-08-16,,Active,0,2026-07-25 00:18:29.079522
1287,1287,1,Monthly,2024-01-19,,Active,10,2026-07-25 00:18:29.079531
1288,1288,1,Monthly,2024-08-13,,Active,5,2026-07-25 00:18:29.079549
1289,1289,4,Annual,2025-07-11,,Active,10,2026-07-25 00:18:29.079558
1290,1290,1,Monthly,2025-03-19,,Active,15,2026-07-25 00:18:29.079569
1291,1291,4,Monthly,2024-01-17,,Active,10,2026-07-25 00:18:29.079587
1292,1292,2,Monthly,2024-08-24,,Active,15,2026-07-25 00:18:29.079597
1293,1293,2,Monthly,2024-11-13,,Active,0,2026-07-25 00:18:29.079606
1294,1294,1,Annual,2024-03-20,2025-05-20,Cancelled,15,2026-07-25 00:18:29.079622
1295,1295,4,Annual,2023-03-26,2024-02-01,Cancelled,15,2026-07-25 00:18:29.079635
1296,1296,3,Monthly,2024-12-02,,Active,10,2026-07-25 00:18:29.079646
1297,1297,2,Monthly,2023-10-07,,Active,0,2026-07-25 00:18:29.079664
1298,1298,2,Monthly,2024-10-04,,Active,10,2026-07-25 00:18:29.079675
1299,1299,1,Annual,2025-07-06,,Active,10,2026-07-25 00:18:29.079688
1300,1300,1,Monthly,2024-05-18,,Active,5,2026-07-25 00:18:29.079698
1301,1301,1,Monthly,2023-07-11,,Active,5,2026-07-25 00:18:29.079710
1302,1302,1,Monthly,2025-09-11,,Active,15,2026-07-25 00:18:29.079721
1303,1303,1,Monthly,2025-03-05,2025-09-05,Expired,15,2026-07-25 00:18:29.079739
1304,1304,3,Monthly,2023-09-23,,Active,5,2026-07-25 00:18:29.079756
1305,1305,1,Monthly,2023-08-22,,Active,15,2026-07-25 00:18:29.079769
1306,1306,2,Monthly,2023-03-21,,Active,0,2026-07-25 00:18:29.079780
1307,1307,2,Monthly,2024-11-24,,Active,15,2026-07-25 00:18:29.079788
1308,1308,2,Monthly,2023-07-24,,Active,5,2026-07-25 00:18:29.079798
1309,1309,1,Monthly,2023-01-19,,Active,5,2026-07-25 00:18:29.079807
1310,1310,1,Monthly,2023-01-09,,Active,10,2026-07-25 00:18:29.079821
1311,1311,1,Monthly,2025-01-08,2025-08-09,Cancelled,10,2026-07-25 00:18:29.079839
1312,1312,2,Monthly,2025-07-21,,Active,15,2026-07-25 00:18:29.079852
1313,1313,1,Monthly,2024-03-08,2024-04-25,Cancelled,0,2026-07-25 00:18:29.079869
1314,1314,3,Monthly,2023-10-15,2024-05-18,Expired,10,2026-07-25 00:18:29.079883
1315,1315,1,Monthly,2023-02-27,,Active,5,2026-07-25 00:18:29.079892
1316,1316,1,Monthly,2025-06-17,,Active,0,2026-07-25 00:18:29.079903
1317,1317,1,Monthly,2024-10-09,,Active,0,2026-07-25 00:18:29.079913
1318,1318,3,Monthly,2025-08-07,,Active,15,2026-07-25 00:18:29.079923
1319,1319,1,Monthly,2023-10-03,,Active,5,2026-07-25 00:18:29.079932
1320,1320,1,Annual,2023-02-25,,Active,0,2026-07-25 00:18:29.079945
1321,1321,1,Monthly,2024-07-26,,Active,0,2026-07-25 00:18:29.079955
1322,1322,1,Annual,2025-05-05,2026-10-03,Cancelled,5,2026-07-25 00:18:29.079973
1323,1323,1,Monthly,2023-07-09,,Active,15,2026-07-25 00:18:29.079984
1324,1324,2,Monthly,2023-11-22,,Active,0,2026-07-25 00:18:29.079994
1325,1325,3,Annual,2025-09-04,,Active,5,2026-07-25 00:18:29.080004
1326,1326,2,Monthly,2024-03-22,2026-03-22,Expired,0,2026-07-25 00:18:29.080018
1327,1327,2,Monthly,2025-03-27,,Active,10,2026-07-25 00:18:29.080027
1328,1328,3,Annual,2025-05-24,,Active,10,2026-07-25 00:18:29.080037
1329,1329,3,Monthly,2025-02-04,2026-12-09,Expired,5,2026-07-25 00:18:29.080050
1330,1330,4,Monthly,2024-03-27,,Active,5,2026-07-25 00:18:29.080060
1331,1331,2,Annual,2024-12-23,,Active,15,2026-07-25 00:18:29.080072
1332,1332,1,Monthly,2025-08-13,,Active,15,2026-07-25 00:18:29.080082
1333,1333,2,Monthly,2025-05-20,,Active,0,2026-07-25 00:18:29.080096
1334,1334,3,Monthly,2024-01-31,,Active,0,2026-07-25 00:18:29.080107
1335,1335,2,Annual,2025-05-04,,Active,5,2026-07-25 00:18:29.080118
1336,1336,3,Annual,2024-06-01,,Active,15,2026-07-25 00:18:29.080130
1337,1337,1,Monthly,2023-02-15,,Active,5,2026-07-25 00:18:29.080143
1338,1338,1,Monthly,2025-11-10,2026-01-20,Cancelled,15,2026-07-25 00:18:29.080162
1339,1339,2,Annual,2025-09-29,,Active,5,2026-07-25 00:18:29.080173
1340,1340,2,Monthly,2024-12-16,,Active,10,2026-07-25 00:18:29.080184
1341,1341,2,Annual,2023-03-29,,Active,0,2026-07-25 00:18:29.080195
1342,1342,1,Monthly,2025-04-12,,Active,10,2026-07-25 00:18:29.080206
1343,1343,1,Monthly,2024-05-30,,Active,15,2026-07-25 00:18:29.080216
1344,1344,4,Annual,2023-02-18,,Active,15,2026-07-25 00:18:29.080227
1345,1345,2,Monthly,2023-09-15,,Active,15,2026-07-25 00:18:29.080237
1346,1346,2,Monthly,2024-04-23,2025-02-12,Cancelled,15,2026-07-25 00:18:29.080253
1347,1347,1,Monthly,2023-05-15,,Active,10,2026-07-25 00:18:29.080265
1348,1348,1,Monthly,2024-04-15,,Active,10,2026-07-25 00:18:29.080276
1349,1349,2,Monthly,2023-06-24,2023-12-16,Expired,0,2026-07-25 00:18:29.080293
1350,1350,2,Annual,2023-05-24,2024-04-23,Cancelled,15,2026-07-25 00:18:29.080315
1351,1351,1,Monthly,2025-02-15,,Active,5,2026-07-25 00:18:29.080328
1352,1352,1,Monthly,2025-03-24,2027-02-16,Expired,10,2026-07-25 00:18:29.080345
1353,1353,3,Annual,2023-06-02,,Active,0,2026-07-25 00:18:29.080356
1354,1354,2,Monthly,2024-12-14,2026-08-27,Cancelled,10,2026-07-25 00:18:29.080371
1355,1355,1,Monthly,2023-01-07,,Active,0,2026-07-25 00:18:29.080382
1356,1356,2,Annual,2025-07-12,,Active,0,2026-07-25 00:18:29.080393
1357,1357,1,Monthly,2023-06-10,,Active,10,2026-07-25 00:18:29.080404
1358,1358,3,Monthly,2024-04-29,,Active,15,2026-07-25 00:18:29.080444
1359,1359,2,Monthly,2024-03-05,,Active,5,2026-07-25 00:18:29.080457
1360,1360,2,Monthly,2023-08-20,2024-08-21,Expired,0,2026-07-25 00:18:29.080475
1361,1361,1,Annual,2025-08-25,,Active,10,2026-07-25 00:18:29.080486
1362,1362,3,Monthly,2024-05-09,,Active,5,2026-07-25 00:18:29.080497
1363,1363,1,Monthly,2024-03-16,2025-12-05,Cancelled,0,2026-07-25 00:18:29.080512
1364,1364,1,Monthly,2024-06-10,,Active,0,2026-07-25 00:18:29.080523
1365,1365,1,Annual,2025-11-15,,Active,15,2026-07-25 00:18:29.080534
1366,1366,1,Monthly,2023-05-14,,Active,10,2026-07-25 00:18:29.080545
1367,1367,2,Monthly,2025-07-09,,Active,10,2026-07-25 00:18:29.080556
1368,1368,1,Annual,2024-04-30,,Active,0,2026-07-25 00:18:29.080566
1369,1369,2,Monthly,2025-11-08,,Active,5,2026-07-25 00:18:29.080578
1370,1370,2,Monthly,2025-06-01,,Active,10,2026-07-25 00:18:29.080588
1371,1371,1,Annual,2024-12-28,,Active,10,2026-07-25 00:18:29.080599
1372,1372,1,Monthly,2025-09-28,,Active,10,2026-07-25 00:18:29.080609
1373,1373,1,Monthly,2023-08-12,,Active,0,2026-07-25 00:18:29.080620
1374,1374,3,Monthly,2025-10-30,,Active,10,2026-07-25 00:18:29.080631
1375,1375,2,Annual,2024-12-05,,Active,5,2026-07-25 00:18:29.080641
1376,1376,1,Monthly,2024-06-29,,Active,15,2026-07-25 00:18:29.080652
1377,1377,1,Monthly,2024-06-25,2026-01-18,Expired,5,2026-07-25 00:18:29.080668
1378,1378,3,Monthly,2023-06-16,,Active,10,2026-07-25 00:18:29.080679
1379,1379,1,Monthly,2024-04-14,,Active,5,2026-07-25 00:18:29.080690
1380,1380,1,Monthly,2024-01-14,,Active,10,2026-07-25 00:18:29.080700
1381,1381,2,Monthly,2023-11-20,,Active,5,2026-07-25 00:18:29.080711
1382,1382,3,Monthly,2024-06-15,,Active,10,2026-07-25 00:18:29.080722
1383,1383,4,Monthly,2025-06-10,,Active,5,2026-07-25 00:18:29.080733
1384,1384,1,Monthly,2024-05-20,,Active,5,2026-07-25 00:18:29.080743
1385,1385,1,Annual,2024-09-22,2025-05-21,Expired,5,2026-07-25 00:18:29.080759
1386,1386,2,Monthly,2025-07-15,2026-09-28,Expired,5,2026-07-25 00:18:29.080774
1387,1387,1,Annual,2023-04-06,,Active,15,2026-07-25 00:18:29.080785
1388,1388,2,Monthly,2025-06-21,2027-04-03,Cancelled,0,2026-07-25 00:18:29.080801
1389,1389,2,Annual,2024-12-04,,Active,15,2026-07-25 00:18:29.080812
1390,1390,2,Monthly,2023-11-16,,Active,10,2026-07-25 00:18:29.080822
1391,1391,2,Monthly,2025-11-21,,Active,10,2026-07-25 00:18:29.080833
1392,1392,2,Annual,2024-06-18,,Active,5,2026-07-25 00:18:29.080845
1393,1393,1,Monthly,2025-03-03,,Active,10,2026-07-25 00:18:29.080856
1394,1394,2,Annual,2023-04-07,,Active,0,2026-07-25 00:18:29.080867
1395,1395,1,Monthly,2023-01-02,,Active,15,2026-07-25 00:18:29.080877
1396,1396,1,Monthly,2024-03-14,,Active,15,2026-07-25 00:18:29.080887
1397,1397,1,Monthly,2025-07-05,,Active,15,2026-07-25 00:18:29.080898
1398,1398,3,Annual,2024-09-22,,Active,5,2026-07-25 00:18:29.080909
1399,1399,3,Monthly,2023-09-27,,Active,5,2026-07-25 00:18:29.080920
1400,1400,1,Monthly,2024-07-13,2024-12-23,Cancelled,5,2026-07-25 00:18:29.080936
1401,1401,1,Monthly,2025-11-06,,Active,5,2026-07-25 00:18:29.080947
1402,1402,1,Monthly,2025-10-04,,Active,15,2026-07-25 00:18:29.080958
1403,1403,3,Monthly,2025-10-19,,Active,0,2026-07-25 00:18:29.080969
1404,1404,4,Monthly,2023-08-02,,Active,10,2026-07-25 00:18:29.080979
1405,1405,1,Monthly,2025-12-16,2027-01-30,Cancelled,10,2026-07-25 00:18:29.080994
1406,1406,3,Monthly,2024-10-20,,Active,0,2026-07-25 00:18:29.081017
1407,1407,1,Annual,2024-10-21,2026-01-29,Expired,0,2026-07-25 00:18:29.081033
1408,1408,1,Monthly,2025-02-18,2025-09-19,Cancelled,5,2026-07-25 00:18:29.081048
1409,1409,2,Monthly,2024-07-24,2026-03-28,Expired,0,2026-07-25 00:18:29.081063
1410,1410,1,Monthly,2025-01-20,2025-11-18,Expired,15,2026-07-25 00:18:29.081076
1411,1411,1,Monthly,2023-05-05,2023-08-05,Cancelled,0,2026-07-25 00:18:29.081090
1412,1412,3,Annual,2024-03-10,,Active,0,2026-07-25 00:18:29.081100
1413,1413,3,Monthly,2025-08-05,,Active,5,2026-07-25 00:18:29.081111
1414,1414,1,Annual,2025-10-28,,Active,0,2026-07-25 00:18:29.081122
1415,1415,3,Monthly,2024-04-30,,Active,5,2026-07-25 00:18:29.081133
1416,1416,1,Monthly,2024-12-29,,Active,10,2026-07-25 00:18:29.081143
1417,1417,1,Monthly,2024-05-29,,Active,15,2026-07-25 00:18:29.081154
1418,1418,1,Monthly,2024-04-02,,Active,5,2026-07-25 00:18:29.081165
1419,1419,3,Monthly,2025-07-17,,Active,0,2026-07-25 00:18:29.081175
1420,1420,2,Monthly,2025-09-04,,Active,0,2026-07-25 00:18:29.081186
1421,1421,1,Monthly,2025-10-16,,Active,10,2026-07-25 00:18:29.081197
1422,1422,1,Monthly,2024-03-21,,Active,5,2026-07-25 00:18:29.081208
1423,1423,1,Annual,2024-03-07,,Active,15,2026-07-25 00:18:29.081219
1424,1424,1,Annual,2024-02-04,2024-08-15,Cancelled,0,2026-07-25 00:18:29.081234
1425,1425,3,Monthly,2023-09-29,,Active,10,2026-07-25 00:18:29.081244
1426,1426,4,Monthly,2023-09-30,,Active,5,2026-07-25 00:18:29.081255
1427,1427,3,Monthly,2023-10-08,,Active,10,2026-07-25 00:18:29.081266
1428,1428,3,Monthly,2023-08-14,,Active,10,2026-07-25 00:18:29.081277
1429,1429,1,Monthly,2024-10-03,,Active,10,2026-07-25 00:18:29.081287
1430,1430,1,Monthly,2025-09-17,,Active,15,2026-07-25 00:18:29.081298
1431,1431,1,Monthly,2024-06-20,,Active,10,2026-07-25 00:18:29.081309
1432,1432,2,Monthly,2023-03-23,2023-05-14,Cancelled,0,2026-07-25 00:18:29.081326
1433,1433,2,Annual,2024-04-13,2025-12-12,Expired,5,2026-07-25 00:18:29.081340
1434,1434,2,Monthly,2025-04-07,,Active,10,2026-07-25 00:18:29.081351
1435,1435,2,Monthly,2024-08-28,2025-05-28,Expired,10,2026-07-25 00:18:29.081366
1436,1436,1,Monthly,2024-11-06,,Active,5,2026-07-25 00:18:29.081377
1437,1437,1,Annual,2024-08-16,,Active,5,2026-07-25 00:18:29.081388
1438,1438,1,Monthly,2023-06-01,,Active,10,2026-07-25 00:18:29.081399
1439,1439,1,Monthly,2025-10-09,,Active,10,2026-07-25 00:18:29.081410
1440,1440,1,Monthly,2023-06-02,2023-10-26,Expired,5,2026-07-25 00:18:29.081425
1441,1441,4,Monthly,2025-11-15,,Active,0,2026-07-25 00:18:29.081436
1442,1442,1,Monthly,2025-03-18,,Active,10,2026-07-25 00:18:29.081446
1443,1443,2,Monthly,2024-05-01,,Active,5,2026-07-25 00:18:29.081457
1444,1444,1,Annual,2024-09-30,,Active,15,2026-07-25 00:18:29.081468
1445,1445,3,Monthly,2024-11-23,,Active,0,2026-07-25 00:18:29.081479
1446,1446,1,Monthly,2023-10-27,,Active,5,2026-07-25 00:18:29.081490
1447,1447,1,Monthly,2023-03-30,2024-01-29,Cancelled,0,2026-07-25 00:18:29.081506
1448,1448,1,Monthly,2025-09-18,,Active,10,2026-07-25 00:18:29.081517
1449,1449,2,Annual,2023-05-15,,Active,5,2026-07-25 00:18:29.081528
1450,1450,4,Monthly,2025-05-29,,Active,15,2026-07-25 00:18:29.081538
1451,1451,1,Monthly,2023-10-14,,Active,10,2026-07-25 00:18:29.081549
1452,1452,1,Monthly,2023-04-28,,Active,5,2026-07-25 00:18:29.081559
1453,1453,2,Monthly,2025-12-11,2027-10-28,Cancelled,5,2026-07-25 00:18:29.081576
1454,1454,3,Annual,2023-04-25,,Active,0,2026-07-25 00:18:29.081586
1455,1455,2,Monthly,2024-05-31,,Active,5,2026-07-25 00:18:29.081597
1456,1456,1,Monthly,2023-10-04,,Active,5,2026-07-25 00:18:29.081608
1457,1457,3,Monthly,2023-11-08,2024-09-13,Cancelled,5,2026-07-25 00:18:29.081622
1458,1458,2,Annual,2025-04-19,,Active,10,2026-07-25 00:18:29.081633
1459,1459,1,Monthly,2024-11-16,2025-05-10,Cancelled,15,2026-07-25 00:18:29.081649
1460,1460,1,Monthly,2024-01-25,,Active,0,2026-07-25 00:18:29.081660
1461,1461,2,Monthly,2025-10-11,,Active,10,2026-07-25 00:18:29.081672
1462,1462,1,Monthly,2023-08-24,,Active,5,2026-07-25 00:18:29.081682
1463,1463,2,Monthly,2025-02-01,,Active,10,2026-07-25 00:18:29.081694
1464,1464,1,Monthly,2023-04-19,,Active,5,2026-07-25 00:18:29.081705
1465,1465,1,Monthly,2025-01-18,,Active,0,2026-07-25 00:18:29.081716
1466,1466,1,Annual,2024-06-01,,Active,15,2026-07-25 00:18:29.081729
1467,1467,2,Monthly,2025-10-02,,Active,5,2026-07-25 00:18:29.081738
1468,1468,1,Annual,2023-05-05,,Active,5,2026-07-25 00:18:29.081748
1469,1469,4,Monthly,2023-11-12,,Active,10,2026-07-25 00:18:29.081759
1470,1470,2,Monthly,2025-10-23,,Active,0,2026-07-25 00:18:29.081770
1471,1471,2,Annual,2023-06-15,,Active,10,2026-07-25 00:18:29.081781
1472,1472,2,Monthly,2024-11-11,,Active,15,2026-07-25 00:18:29.081792
1473,1473,2,Annual,2025-07-10,2026-02-28,Cancelled,5,2026-07-25 00:18:29.081808
1474,1474,2,Annual,2025-04-19,,Active,15,2026-07-25 00:18:29.081818
1475,1475,1,Monthly,2024-11-28,,Active,0,2026-07-25 00:18:29.081828
1476,1476,1,Monthly,2024-06-08,,Active,10,2026-07-25 00:18:29.081838
1477,1477,4,Annual,2025-11-02,,Active,10,2026-07-25 00:18:29.081847
1478,1478,2,Monthly,2023-08-20,,Active,5,2026-07-25 00:18:29.081859
1479,1479,3,Annual,2023-08-08,,Active,10,2026-07-25 00:18:29.081869
1480,1480,2,Monthly,2025-08-18,,Active,15,2026-07-25 00:18:29.081880
1481,1481,2,Monthly,2023-07-22,,Active,15,2026-07-25 00:18:29.081891
1482,1482,1,Monthly,2024-04-22,,Active,10,2026-07-25 00:18:29.081902
1483,1483,1,Monthly,2025-07-07,,Active,10,2026-07-25 00:18:29.081912
1484,1484,2,Monthly,2023-06-27,,Active,5,2026-07-25 00:18:29.081923
1485,1485,2,Annual,2023-04-09,,Active,0,2026-07-25 00:18:29.081933
1486,1486,2,Monthly,2025-11-19,,Active,15,2026-07-25 00:18:29.081944
1487,1487,1,Monthly,2025-06-13,2026-05-16,Cancelled,15,2026-07-25 00:18:29.081968
1488,1488,1,Annual,2023-03-12,,Active,0,2026-07-25 00:18:29.081980
1489,1489,1,Monthly,2024-10-06,2025-04-20,Expired,10,2026-07-25 00:18:29.081995
1490,1490,1,Monthly,2023-09-14,,Active,0,2026-07-25 00:18:29.082005
1491,1491,2,Monthly,2023-07-27,,Active,15,2026-07-25 00:18:29.082015
1492,1492,1,Monthly,2025-08-09,,Active,15,2026-07-25 00:18:29.082025
1493,1493,1,Annual,2025-01-26,,Active,10,2026-07-25 00:18:29.082036
1494,1494,3,Monthly,2023-05-19,,Active,15,2026-07-25 00:18:29.082047
1495,1495,1,Annual,2025-01-09,,Active,0,2026-07-25 00:18:29.082058
1496,1496,1,Monthly,2024-11-30,,Active,0,2026-07-25 00:18:29.082068
1497,1497,2,Monthly,2025-12-10,,Active,5,2026-07-25 00:18:29.082079
1498,1498,1,Monthly,2025-02-15,,Active,0,2026-07-25 00:18:29.082089
1499,1499,3,Annual,2024-06-24,,Active,0,2026-07-25 00:18:29.082099
1500,1500,1,Monthly,2023-07-02,,Active,15,2026-07-25 00:18:29.082109
1501,1501,1,Monthly,2025-04-18,,Active,15,2026-07-25 00:18:29.082119
1502,1502,1,Monthly,2024-03-05,,Active,0,2026-07-25 00:18:29.082130
1503,1503,1,Monthly,2025-11-30,,Active,10,2026-07-25 00:18:29.082140
1504,1504,1,Annual,2023-03-08,,Active,0,2026-07-25 00:18:29.082150
1505,1505,1,Monthly,2023-11-22,,Active,5,2026-07-25 00:18:29.082161
1506,1506,1,Annual,2024-12-04,,Active,5,2026-07-25 00:18:29.082171
1507,1507,3,Monthly,2025-04-14,,Active,5,2026-07-25 00:18:29.082182
1508,1508,2,Monthly,2025-01-23,,Active,10,2026-07-25 00:18:29.082192
1509,1509,1,Monthly,2025-07-09,,Active,5,2026-07-25 00:18:29.082202
1510,1510,3,Monthly,2024-05-20,,Active,10,2026-07-25 00:18:29.082213
1511,1511,3,Annual,2023-12-20,,Active,5,2026-07-25 00:18:29.082222
1512,1512,1,Monthly,2023-11-07,,Active,15,2026-07-25 00:18:29.082233
1513,1513,1,Monthly,2025-06-27,,Active,0,2026-07-25 00:18:29.082243
1514,1514,1,Monthly,2023-12-02,,Active,10,2026-07-25 00:18:29.082253
1515,1515,1,Annual,2023-10-29,2024-09-07,Expired,0,2026-07-25 00:18:29.082269
1516,1516,1,Monthly,2023-02-19,2023-07-01,Cancelled,15,2026-07-25 00:18:29.082283
1517,1517,1,Annual,2024-12-24,,Active,5,2026-07-25 00:18:29.082294
1518,1518,1,Monthly,2023-12-08,,Active,5,2026-07-25 00:18:29.082303
1519,1519,1,Monthly,2025-09-18,,Active,10,2026-07-25 00:18:29.082314
1520,1520,1,Monthly,2023-12-23,,Active,10,2026-07-25 00:18:29.082324
1521,1521,1,Monthly,2025-01-29,,Active,15,2026-07-25 00:18:29.082335
1522,1522,2,Monthly,2024-03-09,,Active,0,2026-07-25 00:18:29.082345
1523,1523,1,Monthly,2024-01-19,2025-08-19,Cancelled,5,2026-07-25 00:18:29.082360
1524,1524,1,Monthly,2023-12-12,,Active,0,2026-07-25 00:18:29.082371
1525,1525,1,Monthly,2024-10-10,,Active,15,2026-07-25 00:18:29.082380
1526,1526,2,Monthly,2025-02-22,,Active,0,2026-07-25 00:18:29.082391
1527,1527,2,Annual,2025-01-14,,Active,10,2026-07-25 00:18:29.082402
1528,1528,1,Monthly,2025-05-17,2025-12-11,Expired,10,2026-07-25 00:18:29.082416
1529,1529,1,Monthly,2023-12-05,,Active,0,2026-07-25 00:18:29.082460
1530,1530,2,Monthly,2025-10-03,,Active,10,2026-07-25 00:18:29.082472
1531,1531,2,Monthly,2024-04-18,,Active,15,2026-07-25 00:18:29.082483
1532,1532,2,Monthly,2025-06-25,,Active,10,2026-07-25 00:18:29.082493
1533,1533,1,Monthly,2023-08-04,,Active,15,2026-07-25 00:18:29.082503
1534,1534,1,Annual,2024-12-22,,Active,10,2026-07-25 00:18:29.082514
1535,1535,3,Monthly,2025-12-09,,Active,15,2026-07-25 00:18:29.082524
1536,1536,1,Monthly,2024-02-24,2024-11-19,Cancelled,0,2026-07-25 00:18:29.082541
1537,1537,1,Monthly,2025-11-29,,Active,10,2026-07-25 00:18:29.082552
1538,1538,3,Monthly,2023-03-27,,Active,0,2026-07-25 00:18:29.082563
1539,1539,1,Monthly,2023-06-22,,Active,0,2026-07-25 00:18:29.082573
1540,1540,1,Monthly,2024-07-21,,Active,15,2026-07-25 00:18:29.082583
1541,1541,2,Monthly,2023-04-15,2024-06-12,Cancelled,5,2026-07-25 00:18:29.082598
1542,1542,1,Monthly,2024-01-06,,Active,10,2026-07-25 00:18:29.082608
1543,1543,3,Monthly,2025-06-20,,Active,10,2026-07-25 00:18:29.082618
1544,1544,3,Monthly,2024-07-01,,Active,0,2026-07-25 00:18:29.083102
1545,1545,1,Monthly,2023-03-26,,Active,0,2026-07-25 00:18:29.083198
1546,1546,3,Monthly,2025-01-25,,Active,0,2026-07-25 00:18:29.083430
1547,1547,1,Monthly,2025-11-19,,Active,15,2026-07-25 00:18:29.083484
1548,1548,1,Monthly,2025-11-11,2027-07-22,Cancelled,0,2026-07-25 00:18:29.083511
1549,1549,2,Monthly,2024-12-12,,Active,15,2026-07-25 00:18:29.083534
1550,1550,1,Monthly,2024-03-23,,Active,0,2026-07-25 00:18:29.083561
1551,1551,1,Monthly,2023-06-24,,Active,5,2026-07-25 00:18:29.083587
1552,1552,1,Monthly,2025-09-01,,Active,15,2026-07-25 00:18:29.083609
1553,1553,4,Annual,2025-04-21,,Active,10,2026-07-25 00:18:29.083619
1554,1554,3,Monthly,2024-11-20,2026-10-03,Cancelled,5,2026-07-25 00:18:29.083632
1555,1555,1,Monthly,2023-12-27,,Active,10,2026-07-25 00:18:29.083644
1556,1556,2,Monthly,2025-09-30,,Active,0,2026-07-25 00:18:29.083657
1557,1557,1,Monthly,2025-04-03,,Active,0,2026-07-25 00:18:29.083667
1558,1558,1,Annual,2024-04-21,,Active,0,2026-07-25 00:18:29.083676
1559,1559,1,Annual,2025-01-22,,Active,0,2026-07-25 00:18:29.083685
1560,1560,1,Monthly,2023-03-15,2024-11-28,Expired,0,2026-07-25 00:18:29.083700
1561,1561,2,Monthly,2023-09-16,,Active,5,2026-07-25 00:18:29.083712
1562,1562,1,Monthly,2023-09-30,,Active,10,2026-07-25 00:18:29.083723
1563,1563,4,Monthly,2024-01-05,,Active,5,2026-07-25 00:18:29.083733
1564,1564,1,Annual,2025-06-11,,Active,0,2026-07-25 00:18:29.083743
1565,1565,1,Monthly,2023-10-14,2024-09-23,Cancelled,5,2026-07-25 00:18:29.083755
1566,1566,1,Monthly,2025-10-30,,Active,5,2026-07-25 00:18:29.083766
1567,1567,4,Monthly,2024-11-27,,Active,10,2026-07-25 00:18:29.083776
1568,1568,1,Monthly,2023-02-08,2024-11-14,Expired,0,2026-07-25 00:18:29.083790
1569,1569,1,Monthly,2024-12-12,,Active,15,2026-07-25 00:18:29.083799
1570,1570,1,Monthly,2025-04-28,2027-01-31,Expired,10,2026-07-25 00:18:29.083813
1571,1571,3,Monthly,2024-03-26,,Active,10,2026-07-25 00:18:29.083823
1572,1572,4,Annual,2024-11-17,,Active,10,2026-07-25 00:18:29.083833
1573,1573,1,Monthly,2023-03-04,2024-01-12,Cancelled,5,2026-07-25 00:18:29.083848
1574,1574,3,Monthly,2024-04-23,,Active,0,2026-07-25 00:18:29.083857
1575,1575,1,Monthly,2024-11-23,,Active,0,2026-07-25 00:18:29.083867
1576,1576,1,Monthly,2025-09-23,,Active,5,2026-07-25 00:18:29.083877
1577,1577,2,Monthly,2024-03-07,,Active,0,2026-07-25 00:18:29.084154
1578,1578,1,Monthly,2024-11-22,,Active,5,2026-07-25 00:18:29.084174
1579,1579,3,Monthly,2023-10-30,,Active,0,2026-07-25 00:18:29.084186
1580,1580,1,Monthly,2023-03-29,,Active,15,2026-07-25 00:18:29.084196
1581,1581,1,Monthly,2024-07-28,,Active,10,2026-07-25 00:18:29.084423
1582,1582,1,Monthly,2024-06-29,2025-02-22,Cancelled,0,2026-07-25 00:18:29.084454
1583,1583,1,Monthly,2023-05-17,2023-08-22,Cancelled,15,2026-07-25 00:18:29.084471
1584,1584,1,Annual,2024-10-07,,Active,5,2026-07-25 00:18:29.084481
1585,1585,2,Annual,2024-10-20,,Active,10,2026-07-25 00:18:29.084491
1586,1586,2,Annual,2023-05-14,,Active,15,2026-07-25 00:18:29.084514
1587,1587,1,Monthly,2025-03-27,,Active,10,2026-07-25 00:18:29.084524
1588,1588,4,Monthly,2024-08-06,,Active,10,2026-07-25 00:18:29.084534
1589,1589,1,Monthly,2024-02-29,,Active,0,2026-07-25 00:18:29.084544
1590,1590,2,Annual,2025-06-01,2026-07-30,Cancelled,5,2026-07-25 00:18:29.084561
1591,1591,2,Monthly,2024-03-25,,Active,0,2026-07-25 00:18:29.084571
1592,1592,1,Monthly,2025-06-28,2026-03-30,Cancelled,15,2026-07-25 00:18:29.084587
1593,1593,1,Monthly,2023-12-15,,Active,15,2026-07-25 00:18:29.084601
1594,1594,1,Monthly,2024-02-13,2024-12-09,Cancelled,5,2026-07-25 00:18:29.084620
1595,1595,1,Monthly,2025-01-04,,Active,5,2026-07-25 00:18:29.084636
1596,1596,2,Monthly,2024-10-10,,Active,15,2026-07-25 00:18:29.084649
1597,1597,3,Monthly,2025-09-28,,Active,10,2026-07-25 00:18:29.084659
1598,1598,3,Monthly,2025-02-04,2025-07-30,Expired,10,2026-07-25 00:18:29.084674
1599,1599,1,Monthly,2025-06-21,,Active,5,2026-07-25 00:18:29.084684
1600,1600,4,Monthly,2025-09-02,,Active,5,2026-07-25 00:18:29.084695
1601,1601,2,Monthly,2025-03-07,,Active,0,2026-07-25 00:18:29.084987
1602,1602,1,Monthly,2023-04-01,,Active,0,2026-07-25 00:18:29.085006
1603,1603,1,Monthly,2023-07-30,,Active,10,2026-07-25 00:18:29.085016
1604,1604,1,Monthly,2024-10-13,,Active,0,2026-07-25 00:18:29.085026
1605,1605,1,Monthly,2025-04-02,,Active,10,2026-07-25 00:18:29.085037
1606,1606,1,Monthly,2023-10-12,,Active,15,2026-07-25 00:18:29.085046
1607,1607,2,Monthly,2025-04-24,,Active,0,2026-07-25 00:18:29.085056
1608,1608,4,Annual,2025-11-30,2026-10-04,Cancelled,5,2026-07-25 00:18:29.085076
1609,1609,1,Monthly,2024-07-17,2026-03-22,Cancelled,15,2026-07-25 00:18:29.085090
1610,1610,1,Annual,2023-08-12,,Active,15,2026-07-25 00:18:29.085100
1611,1611,1,Monthly,2024-08-02,2025-01-09,Expired,0,2026-07-25 00:18:29.085114
1612,1612,1,Monthly,2023-09-11,,Active,15,2026-07-25 00:18:29.085125
1613,1613,1,Monthly,2023-12-10,,Active,10,2026-07-25 00:18:29.085135
1614,1614,2,Annual,2025-08-10,,Active,5,2026-07-25 00:18:29.085146
1615,1615,1,Monthly,2025-05-06,,Active,15,2026-07-25 00:18:29.085157
1616,1616,1,Monthly,2023-04-29,2024-12-26,Expired,0,2026-07-25 00:18:29.085172
1617,1617,1,Annual,2025-01-14,,Active,15,2026-07-25 00:18:29.085184
1618,1618,1,Monthly,2024-11-17,2026-01-07,Cancelled,5,2026-07-25 00:18:29.085199
1619,1619,2,Monthly,2024-04-18,,Active,5,2026-07-25 00:18:29.085210
1620,1620,1,Monthly,2023-12-12,,Active,15,2026-07-25 00:18:29.085220
1621,1621,2,Monthly,2025-12-04,,Active,5,2026-07-25 00:18:29.085231
1622,1622,1,Monthly,2023-07-22,,Active,0,2026-07-25 00:18:29.085241
1623,1623,1,Monthly,2023-05-01,,Active,10,2026-07-25 00:18:29.085251
1624,1624,3,Monthly,2023-03-08,,Active,5,2026-07-25 00:18:29.085262
1625,1625,2,Annual,2025-03-08,,Active,0,2026-07-25 00:18:29.085272
1626,1626,1,Monthly,2023-04-13,,Active,0,2026-07-25 00:18:29.085282
1627,1627,3,Monthly,2023-07-12,,Active,15,2026-07-25 00:18:29.085293
1628,1628,3,Monthly,2024-06-30,,Active,0,2026-07-25 00:18:29.085303
1629,1629,4,Monthly,2024-03-06,,Active,5,2026-07-25 00:18:29.085313
1630,1630,3,Monthly,2025-08-10,2027-04-09,Cancelled,10,2026-07-25 00:18:29.085329
1631,1631,1,Annual,2023-06-03,,Active,15,2026-07-25 00:18:29.085339
1632,1632,1,Monthly,2024-03-13,2025-10-20,Cancelled,0,2026-07-25 00:18:29.085353
1633,1633,2,Monthly,2023-01-07,,Active,15,2026-07-25 00:18:29.085364
1634,1634,1,Monthly,2025-01-07,,Active,5,2026-07-25 00:18:29.085374
1635,1635,1,Monthly,2025-11-12,,Active,5,2026-07-25 00:18:29.085384
1636,1636,1,Monthly,2024-08-12,,Active,5,2026-07-25 00:18:29.085395
1637,1637,1,Monthly,2023-06-25,2024-10-03,Expired,0,2026-07-25 00:18:29.085409
1638,1638,2,Annual,2023-07-31,,Active,15,2026-07-25 00:18:29.085420
1639,1639,1,Annual,2025-05-15,2026-12-24,Expired,0,2026-07-25 00:18:29.085435
1640,1640,2,Monthly,2024-03-16,2025-05-31,Cancelled,0,2026-07-25 00:18:29.085449
1641,1641,1,Monthly,2024-11-20,,Active,0,2026-07-25 00:18:29.085459
1642,1642,1,Monthly,2024-10-26,,Active,15,2026-07-25 00:18:29.085470
1643,1643,2,Monthly,2025-11-20,2026-05-25,Expired,10,2026-07-25 00:18:29.085484
1644,1644,3,Monthly,2025-02-02,,Active,10,2026-07-25 00:18:29.085495
1645,1645,1,Monthly,2023-05-13,,Active,5,2026-07-25 00:18:29.085505
1646,1646,4,Monthly,2025-12-15,,Active,10,2026-07-25 00:18:29.085515
1647,1647,3,Monthly,2023-09-20,,Active,15,2026-07-25 00:18:29.085525
1648,1648,1,Monthly,2024-06-10,,Active,10,2026-07-25 00:18:29.085536
1649,1649,1,Monthly,2023-07-10,,Active,5,2026-07-25 00:18:29.085547
1650,1650,4,Monthly,2025-02-14,,Active,0,2026-07-25 00:18:29.085557
1651,1651,2,Monthly,2025-07-11,,Active,15,2026-07-25 00:18:29.085568
1652,1652,1,Monthly,2024-09-13,,Active,10,2026-07-25 00:18:29.085578
1653,1653,3,Annual,2024-09-20,,Active,10,2026-07-25 00:18:29.085588
1654,1654,1,Monthly,2024-12-07,,Active,15,2026-07-25 00:18:29.085598
1655,1655,1,Monthly,2025-02-11,,Active,5,2026-07-25 00:18:29.085608
1656,1656,2,Monthly,2023-02-16,,Active,0,2026-07-25 00:18:29.085618
1657,1657,2,Monthly,2025-02-12,,Active,0,2026-07-25 00:18:29.085629
1658,1658,2,Annual,2024-05-22,,Active,10,2026-07-25 00:18:29.085640
1659,1659,1,Annual,2023-05-30,,Active,5,2026-07-25 00:18:29.085651
1660,1660,3,Monthly,2025-02-03,,Active,10,2026-07-25 00:18:29.085661
1661,1661,1,Monthly,2025-01-31,2025-04-08,Expired,0,2026-07-25 00:18:29.085677
1662,1662,2,Monthly,2025-04-29,,Active,10,2026-07-25 00:18:29.085687
1663,1663,1,Monthly,2024-10-30,,Active,0,2026-07-25 00:18:29.085697
1664,1664,1,Monthly,2024-08-07,2025-05-30,Cancelled,15,2026-07-25 00:18:29.085711
1665,1665,2,Monthly,2025-05-14,,Active,15,2026-07-25 00:18:29.085722
1666,1666,1,Monthly,2025-02-02,,Active,0,2026-07-25 00:18:29.085732
1667,1667,1,Annual,2025-01-27,,Active,0,2026-07-25 00:18:29.085742
1668,1668,2,Monthly,2025-10-22,,Active,10,2026-07-25 00:18:29.085753
1669,1669,4,Monthly,2023-08-31,2024-06-10,Expired,5,2026-07-25 00:18:29.085768
1670,1670,1,Monthly,2024-08-09,,Active,5,2026-07-25 00:18:29.085778
1671,1671,2,Monthly,2023-04-06,,Active,0,2026-07-25 00:18:29.085789
1672,1672,1,Annual,2024-07-23,,Active,15,2026-07-25 00:18:29.085799
1673,1673,2,Annual,2025-08-29,,Active,0,2026-07-25 00:18:29.085809
1674,1674,2,Monthly,2024-07-09,,Active,15,2026-07-25 00:18:29.085820
1675,1675,1,Monthly,2024-01-20,,Active,15,2026-07-25 00:18:29.085830
1676,1676,1,Monthly,2023-05-12,,Active,5,2026-07-25 00:18:29.085840
1677,1677,2,Monthly,2023-01-31,,Active,5,2026-07-25 00:18:29.085851
1678,1678,1,Annual,2025-06-01,,Active,10,2026-07-25 00:18:29.085861
1679,1679,1,Annual,2025-07-02,,Active,0,2026-07-25 00:18:29.085872
1680,1680,2,Monthly,2025-06-05,2026-11-16,Cancelled,15,2026-07-25 00:18:29.085887
1681,1681,4,Monthly,2025-01-28,,Active,0,2026-07-25 00:18:29.085898
1682,1682,2,Monthly,2024-06-05,,Active,10,2026-07-25 00:18:29.085908
1683,1683,3,Monthly,2024-06-11,,Active,5,2026-07-25 00:18:29.085940
1684,1684,3,Monthly,2024-11-08,,Active,10,2026-07-25 00:18:29.085956
1685,1685,2,Monthly,2025-04-12,,Active,15,2026-07-25 00:18:29.085966
1686,1686,1,Monthly,2024-04-06,,Active,15,2026-07-25 00:18:29.085977
1687,1687,1,Monthly,2023-05-23,2025-05-22,Expired,5,2026-07-25 00:18:29.085993
1688,1688,1,Monthly,2023-04-15,,Active,15,2026-07-25 00:18:29.086003
1689,1689,2,Annual,2023-04-30,,Active,10,2026-07-25 00:18:29.086015
1690,1690,2,Monthly,2025-10-27,,Active,0,2026-07-25 00:18:29.086025
1691,1691,3,Monthly,2025-03-11,,Active,5,2026-07-25 00:18:29.086036
1692,1692,3,Monthly,2023-01-29,2023-05-20,Cancelled,0,2026-07-25 00:18:29.086050
1693,1693,1,Annual,2023-11-27,,Active,10,2026-07-25 00:18:29.086060
1694,1694,2,Monthly,2025-09-17,,Active,15,2026-07-25 00:18:29.086071
1695,1695,3,Annual,2025-05-29,2025-11-10,Expired,5,2026-07-25 00:18:29.086085
1696,1696,1,Monthly,2023-08-18,,Active,0,2026-07-25 00:18:29.086095
1697,1697,1,Monthly,2024-04-11,2024-09-29,Expired,0,2026-07-25 00:18:29.086109
1698,1698,2,Monthly,2023-04-11,,Active,15,2026-07-25 00:18:29.086120
1699,1699,3,Monthly,2025-09-30,2025-11-05,Cancelled,15,2026-07-25 00:18:29.086134
1700,1700,1,Annual,2024-01-02,,Active,0,2026-07-25 00:18:29.086144
1701,1701,1,Monthly,2023-02-13,,Active,15,2026-07-25 00:18:29.086154
1702,1702,3,Monthly,2024-12-22,,Active,0,2026-07-25 00:18:29.086165
1703,1703,2,Annual,2025-10-01,,Active,0,2026-07-25 00:18:29.086175
1704,1704,1,Monthly,2023-07-31,,Active,0,2026-07-25 00:18:29.086185
1705,1705,4,Monthly,2025-10-20,,Active,0,2026-07-25 00:18:29.086196
1706,1706,1,Monthly,2025-01-24,,Active,10,2026-07-25 00:18:29.086205
1707,1707,1,Annual,2024-05-02,,Active,10,2026-07-25 00:18:29.086216
1708,1708,2,Monthly,2024-07-18,,Active,0,2026-07-25 00:18:29.086226
1709,1709,2,Monthly,2023-08-07,2024-10-11,Cancelled,15,2026-07-25 00:18:29.086243
1710,1710,1,Monthly,2025-02-16,2026-07-05,Cancelled,15,2026-07-25 00:18:29.086257
1711,1711,3,Monthly,2025-03-26,,Active,10,2026-07-25 00:18:29.086268
1712,1712,4,Monthly,2025-07-20,,Active,10,2026-07-25 00:18:29.086278
1713,1713,1,Monthly,2024-05-26,,Active,10,2026-07-25 00:18:29.086288
1714,1714,3,Monthly,2024-10-18,,Active,0,2026-07-25 00:18:29.086299
1715,1715,2,Monthly,2023-11-29,,Active,15,2026-07-25 00:18:29.086309
1716,1716,1,Monthly,2025-07-04,,Active,10,2026-07-25 00:18:29.086320
1717,1717,2,Monthly,2025-12-22,,Active,5,2026-07-25 00:18:29.086331
1718,1718,2,Monthly,2025-01-07,,Active,15,2026-07-25 00:18:29.086341
1719,1719,2,Monthly,2023-08-14,,Active,15,2026-07-25 00:18:29.086351
1720,1720,1,Monthly,2024-04-23,2025-07-15,Expired,15,2026-07-25 00:18:29.086365
1721,1721,3,Monthly,2023-02-24,,Active,15,2026-07-25 00:18:29.086376
1722,1722,1,Monthly,2025-11-09,,Active,15,2026-07-25 00:18:29.086386
1723,1723,3,Monthly,2024-04-25,,Active,10,2026-07-25 00:18:29.086396
1724,1724,2,Monthly,2023-07-09,,Active,0,2026-07-25 00:18:29.086407
1725,1725,1,Monthly,2024-09-02,2026-08-30,Expired,15,2026-07-25 00:18:29.086421
1726,1726,1,Annual,2024-01-01,,Active,15,2026-07-25 00:18:29.086431
1727,1727,1,Monthly,2024-11-12,,Active,10,2026-07-25 00:18:29.086441
1728,1728,1,Monthly,2023-02-22,,Active,5,2026-07-25 00:18:29.086452
1729,1729,1,Monthly,2025-02-02,,Active,10,2026-07-25 00:18:29.086462
1730,1730,1,Monthly,2024-05-31,,Active,15,2026-07-25 00:18:29.086477
1731,1731,4,Monthly,2023-09-07,,Active,0,2026-07-25 00:18:29.086495
1732,1732,2,Annual,2025-04-30,,Active,15,2026-07-25 00:18:29.086509
1733,1733,2,Monthly,2025-09-23,,Active,0,2026-07-25 00:18:29.086522
1734,1734,2,Monthly,2023-01-05,2024-11-17,Expired,15,2026-07-25 00:18:29.086539
1735,1735,1,Monthly,2025-06-13,,Active,15,2026-07-25 00:18:29.086550
1736,1736,2,Monthly,2025-03-13,,Active,0,2026-07-25 00:18:29.086561
1737,1737,2,Monthly,2025-07-11,,Active,15,2026-07-25 00:18:29.086572
1738,1738,1,Monthly,2023-07-27,,Active,0,2026-07-25 00:18:29.086582
1739,1739,1,Monthly,2024-05-23,,Active,5,2026-07-25 00:18:29.086594
1740,1740,4,Annual,2023-10-10,,Active,0,2026-07-25 00:18:29.086605
1741,1741,1,Monthly,2025-06-05,,Active,0,2026-07-25 00:18:29.086615
1742,1742,2,Monthly,2025-05-17,,Active,15,2026-07-25 00:18:29.086626
1743,1743,1,Annual,2024-12-19,,Active,5,2026-07-25 00:18:29.086636
1744,1744,2,Monthly,2023-03-19,,Active,5,2026-07-25 00:18:29.086646
1745,1745,1,Monthly,2023-08-20,2024-11-06,Expired,0,2026-07-25 00:18:29.086661
1746,1746,1,Monthly,2025-05-31,,Active,5,2026-07-25 00:18:29.086672
1747,1747,2,Annual,2024-11-06,,Active,15,2026-07-25 00:18:29.086684
1748,1748,1,Monthly,2023-12-15,2025-11-12,Cancelled,5,2026-07-25 00:18:29.086724
1749,1749,1,Annual,2024-02-18,2025-12-15,Cancelled,5,2026-07-25 00:18:29.086739
1750,1750,1,Monthly,2024-11-01,,Active,5,2026-07-25 00:18:29.086751
1751,1751,1,Monthly,2025-11-17,,Active,0,2026-07-25 00:18:29.086763
1752,1752,1,Monthly,2023-08-15,2023-11-19,Expired,5,2026-07-25 00:18:29.086778
1753,1753,1,Monthly,2024-01-01,,Active,10,2026-07-25 00:18:29.086788
1754,1754,1,Monthly,2025-10-02,2027-03-22,Expired,5,2026-07-25 00:18:29.086801
1755,1755,3,Monthly,2024-05-17,,Active,10,2026-07-25 00:18:29.086813
1756,1756,3,Annual,2024-10-19,2025-10-20,Cancelled,10,2026-07-25 00:18:29.086827
1757,1757,1,Annual,2023-03-22,,Active,15,2026-07-25 00:18:29.086839
1758,1758,1,Monthly,2024-07-04,,Active,0,2026-07-25 00:18:29.086850
1759,1759,1,Monthly,2023-03-12,2023-08-16,Expired,15,2026-07-25 00:18:29.086865
1760,1760,2,Monthly,2024-08-14,2025-04-19,Expired,5,2026-07-25 00:18:29.086879
1761,1761,2,Monthly,2023-07-25,,Active,5,2026-07-25 00:18:29.086890
1762,1762,3,Monthly,2025-02-04,,Active,5,2026-07-25 00:18:29.086901
1763,1763,1,Annual,2024-05-07,,Active,0,2026-07-25 00:18:29.086912
1764,1764,4,Monthly,2023-03-10,,Active,15,2026-07-25 00:18:29.086943
1765,1765,1,Monthly,2024-07-14,,Active,10,2026-07-25 00:18:29.086954
1766,1766,1,Monthly,2025-08-10,,Active,10,2026-07-25 00:18:29.086965
1767,1767,1,Monthly,2023-09-14,,Active,10,2026-07-25 00:18:29.086976
1768,1768,1,Monthly,2023-08-23,2025-07-08,Cancelled,10,2026-07-25 00:18:29.086994
1769,1769,2,Monthly,2023-03-24,,Active,0,2026-07-25 00:18:29.087005
1770,1770,2,Monthly,2023-10-12,2025-03-09,Cancelled,10,2026-07-25 00:18:29.087019
1771,1771,1,Monthly,2024-12-26,,Active,10,2026-07-25 00:18:29.087029
1772,1772,2,Annual,2025-02-07,,Active,5,2026-07-25 00:18:29.087040
1773,1773,1,Monthly,2025-05-21,,Active,5,2026-07-25 00:18:29.087051
1774,1774,3,Monthly,2023-08-18,,Active,15,2026-07-25 00:18:29.087062
1775,1775,3,Annual,2024-03-17,,Active,0,2026-07-25 00:18:29.087073
1776,1776,1,Monthly,2025-03-01,,Active,15,2026-07-25 00:18:29.087083
1777,1777,2,Monthly,2023-11-26,,Active,5,2026-07-25 00:18:29.087093
1778,1778,4,Monthly,2023-10-08,,Active,15,2026-07-25 00:18:29.087103
1779,1779,2,Annual,2025-02-12,2025-12-23,Cancelled,0,2026-07-25 00:18:29.087118
1780,1780,1,Monthly,2025-11-23,2027-05-25,Cancelled,10,2026-07-25 00:18:29.087133
1781,1781,3,Monthly,2023-06-14,,Active,5,2026-07-25 00:18:29.087144
1782,1782,1,Annual,2025-10-21,,Active,10,2026-07-25 00:18:29.087155
1783,1783,1,Monthly,2025-07-12,,Active,10,2026-07-25 00:18:29.087166
1784,1784,3,Monthly,2024-12-04,,Active,0,2026-07-25 00:18:29.087177
1785,1785,2,Monthly,2025-06-03,2026-06-05,Cancelled,10,2026-07-25 00:18:29.087193
1786,1786,1,Monthly,2025-09-26,,Active,5,2026-07-25 00:18:29.087204
1787,1787,2,Monthly,2023-04-20,,Active,5,2026-07-25 00:18:29.087214
1788,1788,1,Monthly,2023-10-04,,Active,10,2026-07-25 00:18:29.087224
1789,1789,3,Annual,2023-05-19,,Active,5,2026-07-25 00:18:29.087234
1790,1790,1,Monthly,2024-08-26,,Active,15,2026-07-25 00:18:29.087252
1791,1791,1,Monthly,2025-10-13,,Active,5,2026-07-25 00:18:29.087263
1792,1792,3,Monthly,2024-11-02,,Active,15,2026-07-25 00:18:29.087274
1793,1793,1,Annual,2023-07-23,,Active,10,2026-07-25 00:18:29.087285
1794,1794,1,Monthly,2025-03-07,,Active,0,2026-07-25 00:18:29.087296
1795,1795,4,Monthly,2025-01-10,,Active,10,2026-07-25 00:18:29.087307
1796,1796,1,Annual,2024-10-18,,Active,10,2026-07-25 00:18:29.087318
1797,1797,1,Monthly,2024-10-23,,Active,15,2026-07-25 00:18:29.087329
1798,1798,2,Monthly,2024-12-21,,Active,15,2026-07-25 00:18:29.087339
1799,1799,1,Monthly,2025-02-08,,Active,0,2026-07-25 00:18:29.087350
1800,1800,3,Monthly,2024-11-10,2026-03-10,Cancelled,15,2026-07-25 00:18:29.087367
1801,1801,3,Monthly,2024-04-11,,Active,5,2026-07-25 00:18:29.087377
1802,1802,1,Monthly,2024-04-11,,Active,0,2026-07-25 00:18:29.087388
1803,1803,1,Monthly,2025-06-02,,Active,15,2026-07-25 00:18:29.087398
1804,1804,2,Monthly,2025-03-08,,Active,15,2026-07-25 00:18:29.087408
1805,1805,2,Monthly,2023-05-27,,Active,10,2026-07-25 00:18:29.087418
1806,1806,2,Monthly,2024-01-29,,Active,0,2026-07-25 00:18:29.087429
1807,1807,4,Monthly,2025-02-21,,Active,10,2026-07-25 00:18:29.087439
1808,1808,1,Monthly,2024-12-20,,Active,10,2026-07-25 00:18:29.087450
1809,1809,1,Annual,2023-03-12,,Active,5,2026-07-25 00:18:29.087460
1810,1810,1,Monthly,2024-04-07,,Active,15,2026-07-25 00:18:29.087470
1811,1811,1,Monthly,2025-11-07,,Active,10,2026-07-25 00:18:29.087501
1812,1812,3,Monthly,2023-10-18,,Active,15,2026-07-25 00:18:29.087513
1813,1813,3,Annual,2025-07-27,,Active,5,2026-07-25 00:18:29.087525
1814,1814,1,Monthly,2025-04-10,,Active,15,2026-07-25 00:18:29.087535
1815,1815,1,Annual,2023-01-21,,Active,15,2026-07-25 00:18:29.087546
1816,1816,3,Monthly,2025-12-10,,Active,5,2026-07-25 00:18:29.087556
1817,1817,1,Monthly,2025-07-23,,Active,10,2026-07-25 00:18:29.087580
1818,1818,1,Monthly,2024-07-14,,Active,0,2026-07-25 00:18:29.087591
1819,1819,1,Monthly,2024-04-15,,Active,0,2026-07-25 00:18:29.087602
1820,1820,1,Monthly,2023-10-24,,Active,10,2026-07-25 00:18:29.087612
1821,1821,2,Monthly,2023-10-20,,Active,0,2026-07-25 00:18:29.087623
1822,1822,2,Monthly,2023-08-14,,Active,15,2026-07-25 00:18:29.087634
1823,1823,2,Annual,2025-04-16,2026-12-26,Cancelled,5,2026-07-25 00:18:29.087652
1824,1824,3,Monthly,2023-08-19,,Active,10,2026-07-25 00:18:29.087663
1825,1825,1,Monthly,2023-08-25,,Active,0,2026-07-25 00:18:29.087674
1826,1826,1,Monthly,2024-11-29,2026-04-18,Cancelled,15,2026-07-25 00:18:29.087688
1827,1827,2,Annual,2024-08-31,,Active,0,2026-07-25 00:18:29.087700
1828,1828,2,Monthly,2025-09-06,,Active,5,2026-07-25 00:18:29.087710
1829,1829,2,Annual,2025-06-17,,Active,0,2026-07-25 00:18:29.087721
1830,1830,1,Monthly,2024-09-12,2024-10-13,Expired,10,2026-07-25 00:18:29.087735
1831,1831,1,Annual,2025-11-20,,Active,0,2026-07-25 00:18:29.087745
1832,1832,3,Annual,2023-01-30,2024-02-26,Expired,5,2026-07-25 00:18:29.087759
1833,1833,1,Annual,2024-02-21,,Active,0,2026-07-25 00:18:29.087770
1834,1834,1,Monthly,2025-09-30,2026-04-05,Cancelled,0,2026-07-25 00:18:29.087784
1835,1835,2,Monthly,2023-09-08,,Active,10,2026-07-25 00:18:29.087795
1836,1836,1,Monthly,2024-11-11,,Active,0,2026-07-25 00:18:29.087819
1837,1837,2,Annual,2025-11-30,,Active,10,2026-07-25 00:18:29.087829
1838,1838,4,Monthly,2025-10-17,,Active,5,2026-07-25 00:18:29.087839
1839,1839,1,Monthly,2024-08-29,,Active,10,2026-07-25 00:18:29.087850
1840,1840,2,Monthly,2024-07-13,,Active,10,2026-07-25 00:18:29.087861
1841,1841,1,Monthly,2025-08-23,,Active,5,2026-07-25 00:18:29.087871
1842,1842,1,Monthly,2023-05-14,2023-07-14,Cancelled,10,2026-07-25 00:18:29.087889
1843,1843,2,Monthly,2025-02-03,,Active,10,2026-07-25 00:18:29.087900
1844,1844,1,Monthly,2024-04-16,,Active,5,2026-07-25 00:18:29.087911
1845,1845,1,Monthly,2023-01-29,2023-09-13,Expired,15,2026-07-25 00:18:29.087946
1846,1846,1,Monthly,2023-09-04,2024-05-09,Cancelled,0,2026-07-25 00:18:29.087962
1847,1847,1,Annual,2023-02-19,2024-09-13,Expired,0,2026-07-25 00:18:29.087976
1848,1848,1,Monthly,2025-08-17,,Active,5,2026-07-25 00:18:29.087987
1849,1849,3,Monthly,2025-01-25,2026-02-07,Cancelled,15,2026-07-25 00:18:29.088001
1850,1850,2,Monthly,2023-03-14,,Active,15,2026-07-25 00:18:29.088012
1851,1851,3,Monthly,2025-03-11,,Active,5,2026-07-25 00:18:29.088023
1852,1852,1,Monthly,2024-11-11,,Active,0,2026-07-25 00:18:29.088033
1853,1853,4,Monthly,2023-06-14,2024-03-03,Cancelled,0,2026-07-25 00:18:29.088047
1854,1854,1,Monthly,2025-05-23,,Active,15,2026-07-25 00:18:29.088057
1855,1855,1,Monthly,2025-09-05,,Active,15,2026-07-25 00:18:29.088068
1856,1856,1,Annual,2023-09-01,2024-07-14,Cancelled,15,2026-07-25 00:18:29.088097
1857,1857,2,Monthly,2023-06-04,,Active,15,2026-07-25 00:18:29.088108
1858,1858,1,Monthly,2023-08-03,,Active,0,2026-07-25 00:18:29.088118
1859,1859,4,Monthly,2024-10-07,2026-05-17,Cancelled,0,2026-07-25 00:18:29.088132
1860,1860,3,Monthly,2024-06-14,,Active,0,2026-07-25 00:18:29.088143
1861,1861,1,Monthly,2024-08-01,,Active,0,2026-07-25 00:18:29.088153
1862,1862,2,Monthly,2023-08-24,,Active,15,2026-07-25 00:18:29.088164
1863,1863,1,Monthly,2024-10-04,2025-06-06,Cancelled,15,2026-07-25 00:18:29.088179
1864,1864,1,Annual,2025-03-12,,Active,0,2026-07-25 00:18:29.088190
1865,1865,2,Monthly,2023-01-16,,Active,15,2026-07-25 00:18:29.088201
1866,1866,2,Annual,2024-05-04,,Active,0,2026-07-25 00:18:29.088211
1867,1867,2,Monthly,2023-04-06,,Active,0,2026-07-25 00:18:29.088222
1868,1868,1,Monthly,2025-09-23,,Active,15,2026-07-25 00:18:29.088232
1869,1869,3,Monthly,2025-09-08,,Active,5,2026-07-25 00:18:29.088243
1870,1870,3,Annual,2024-10-13,,Active,0,2026-07-25 00:18:29.088255
1871,1871,3,Monthly,2024-04-17,,Active,0,2026-07-25 00:18:29.088265
1872,1872,3,Monthly,2024-03-10,,Active,5,2026-07-25 00:18:29.088274
1873,1873,1,Monthly,2025-09-27,,Active,15,2026-07-25 00:18:29.088285
1874,1874,2,Monthly,2025-08-18,2026-05-04,Cancelled,15,2026-07-25 00:18:29.088312
1875,1875,2,Monthly,2025-10-04,,Active,0,2026-07-25 00:18:29.088333
1876,1876,1,Monthly,2023-05-11,,Active,10,2026-07-25 00:18:29.088343
1877,1877,1,Annual,2023-07-15,,Active,5,2026-07-25 00:18:29.088354
1878,1878,4,Monthly,2025-05-07,,Active,15,2026-07-25 00:18:29.088364
1879,1879,1,Monthly,2023-09-06,,Active,0,2026-07-25 00:18:29.088374
1880,1880,2,Annual,2025-07-09,2027-06-12,Cancelled,5,2026-07-25 00:18:29.088391
1881,1881,1,Monthly,2024-10-18,,Active,10,2026-07-25 00:18:29.088402
1882,1882,1,Monthly,2025-08-31,2026-10-01,Cancelled,0,2026-07-25 00:18:29.088417
1883,1883,1,Monthly,2023-07-13,,Active,5,2026-07-25 00:18:29.088428
1884,1884,1,Monthly,2024-12-04,,Active,0,2026-07-25 00:18:29.088439
1885,1885,1,Monthly,2025-06-22,2027-01-23,Expired,0,2026-07-25 00:18:29.088468
1886,1886,1,Monthly,2025-07-14,,Active,0,2026-07-25 00:18:29.088478
1887,1887,2,Monthly,2025-11-02,,Active,5,2026-07-25 00:18:29.088489
1888,1888,4,Annual,2024-01-20,,Active,5,2026-07-25 00:18:29.088501
1889,1889,1,Monthly,2023-10-27,2024-03-21,Expired,15,2026-07-25 00:18:29.088516
1890,1890,3,Monthly,2024-10-23,,Active,0,2026-07-25 00:18:29.088527
1891,1891,2,Annual,2023-07-22,,Active,15,2026-07-25 00:18:29.088538
1892,1892,1,Monthly,2025-11-17,2026-05-11,Cancelled,10,2026-07-25 00:18:29.088554
1893,1893,3,Monthly,2024-02-14,,Active,10,2026-07-25 00:18:29.088565
1894,1894,1,Annual,2025-01-30,2026-10-10,Expired,0,2026-07-25 00:18:29.088580
1895,1895,3,Monthly,2023-07-17,2024-10-22,Expired,15,2026-07-25 00:18:29.088609
1896,1896,4,Monthly,2025-12-30,,Active,5,2026-07-25 00:18:29.088620
1897,1897,3,Monthly,2025-01-05,,Active,15,2026-07-25 00:18:29.088631
1898,1898,1,Monthly,2024-07-27,,Active,15,2026-07-25 00:18:29.088642
1899,1899,1,Monthly,2023-06-21,,Active,5,2026-07-25 00:18:29.088652
1900,1900,2,Monthly,2023-03-04,,Active,5,2026-07-25 00:18:29.088664
1901,1901,2,Annual,2024-04-16,,Active,10,2026-07-25 00:18:29.088676
1902,1902,2,Monthly,2023-08-09,2025-07-16,Expired,5,2026-07-25 00:18:29.088690
1903,1903,4,Monthly,2024-03-16,,Active,0,2026-07-25 00:18:29.088701
1904,1904,1,Monthly,2025-01-29,2026-03-16,Expired,10,2026-07-25 00:18:29.088715
1905,1905,2,Monthly,2023-04-15,,Active,15,2026-07-25 00:18:29.088726
1906,1906,2,Monthly,2024-04-26,,Active,5,2026-07-25 00:18:29.088737
1907,1907,1,Annual,2025-07-29,,Active,10,2026-07-25 00:18:29.088748
1908,1908,1,Monthly,2025-09-15,,Active,10,2026-07-25 00:18:29.088758
1909,1909,1,Annual,2023-08-20,,Active,15,2026-07-25 00:18:29.088766
1910,1910,1,Monthly,2024-09-28,2026-07-14,Expired,0,2026-07-25 00:18:29.088779
1911,1911,1,Annual,2025-04-20,,Active,5,2026-07-25 00:18:29.088789
1912,1912,1,Monthly,2024-03-06,,Active,0,2026-07-25 00:18:29.088799
1913,1913,2,Monthly,2025-09-05,2026-01-14,Expired,10,2026-07-25 00:18:29.088813
1914,1914,3,Monthly,2023-05-13,,Active,0,2026-07-25 00:18:29.088847
1915,1915,2,Monthly,2025-06-15,,Active,15,2026-07-25 00:18:29.088975
1916,1916,3,Monthly,2023-10-22,,Active,5,2026-07-25 00:18:29.088988
1917,1917,2,Monthly,2025-10-19,,Active,15,2026-07-25 00:18:29.089001
1918,1918,1,Monthly,2024-01-17,,Active,5,2026-07-25 00:18:29.089011
1919,1919,2,Monthly,2025-04-08,,Active,10,2026-07-25 00:18:29.089021
1920,1920,4,Monthly,2023-02-06,,Active,15,2026-07-25 00:18:29.089032
1921,1921,2,Monthly,2025-03-31,,Active,5,2026-07-25 00:18:29.089042
1922,1922,1,Monthly,2023-06-04,,Active,15,2026-07-25 00:18:29.089052
1923,1923,4,Annual,2023-05-20,,Active,0,2026-07-25 00:18:29.089063
1924,1924,1,Monthly,2025-11-20,,Active,5,2026-07-25 00:18:29.089074
1925,1925,1,Annual,2023-10-09,,Active,5,2026-07-25 00:18:29.089085
1926,1926,2,Monthly,2024-08-28,2025-02-10,Cancelled,5,2026-07-25 00:18:29.089104
1927,1927,1,Monthly,2024-05-18,,Active,5,2026-07-25 00:18:29.089114
1928,1928,2,Monthly,2023-07-07,2025-02-23,Expired,15,2026-07-25 00:18:29.089260
1929,1929,1,Monthly,2025-06-29,,Active,15,2026-07-25 00:18:29.089273
1930,1930,3,Monthly,2024-08-21,,Active,10,2026-07-25 00:18:29.089284
1931,1931,1,Monthly,2024-12-23,,Active,0,2026-07-25 00:18:29.089296
1932,1932,2,Monthly,2023-12-30,,Active,10,2026-07-25 00:18:29.089363
1933,1933,1,Monthly,2025-11-14,,Active,10,2026-07-25 00:18:29.089374
1934,1934,1,Annual,2025-10-09,,Active,15,2026-07-25 00:18:29.089402
1935,1935,3,Monthly,2024-11-23,,Active,15,2026-07-25 00:18:29.089415
1936,1936,2,Monthly,2023-11-13,,Active,10,2026-07-25 00:18:29.089427
1937,1937,2,Annual,2024-01-16,,Active,10,2026-07-25 00:18:29.089437
1938,1938,1,Monthly,2023-03-06,,Active,15,2026-07-25 00:18:29.089447
1939,1939,2,Annual,2024-03-25,,Active,0,2026-07-25 00:18:29.089470
1940,1940,1,Monthly,2025-01-19,,Active,10,2026-07-25 00:18:29.089481
1941,1941,1,Annual,2024-08-13,,Active,10,2026-07-25 00:18:29.089491
1942,1942,1,Monthly,2025-03-03,,Active,10,2026-07-25 00:18:29.089502
1943,1943,2,Annual,2025-05-24,2026-03-11,Expired,15,2026-07-25 00:18:29.089519
1944,1944,1,Annual,2025-12-20,,Active,5,2026-07-25 00:18:29.089531
1945,1945,2,Monthly,2025-05-14,,Active,5,2026-07-25 00:18:29.089542
1946,1946,1,Monthly,2025-02-23,2026-01-01,Expired,0,2026-07-25 00:18:29.089556
1947,1947,1,Monthly,2025-09-13,,Active,5,2026-07-25 00:18:29.089566
1948,1948,1,Monthly,2024-02-29,,Active,15,2026-07-25 00:18:29.089575
1949,1949,1,Annual,2024-06-14,,Active,5,2026-07-25 00:18:29.089585
1950,1950,1,Monthly,2024-05-25,2024-07-02,Cancelled,10,2026-07-25 00:18:29.089599
1951,1951,1,Monthly,2025-10-01,,Active,15,2026-07-25 00:18:29.089610
1952,1952,1,Monthly,2023-01-15,,Active,10,2026-07-25 00:18:29.089620
1953,1953,1,Monthly,2025-01-29,,Active,15,2026-07-25 00:18:29.089645
1954,1954,4,Monthly,2025-10-05,,Active,0,2026-07-25 00:18:29.089657
1955,1955,1,Monthly,2025-11-09,2026-08-22,Expired,15,2026-07-25 00:18:29.089673
1956,1956,1,Monthly,2024-08-07,,Active,0,2026-07-25 00:18:29.089683
1957,1957,1,Monthly,2025-12-18,,Active,0,2026-07-25 00:18:29.089693
1958,1958,1,Monthly,2023-10-27,,Active,10,2026-07-25 00:18:29.089704
1959,1959,1,Monthly,2024-03-12,,Active,0,2026-07-25 00:18:29.089715
1960,1960,1,Annual,2025-08-10,,Active,5,2026-07-25 00:18:29.089725
1961,1961,3,Monthly,2025-02-06,2027-01-09,Cancelled,0,2026-07-25 00:18:29.089740
1962,1962,1,Monthly,2025-12-29,,Active,5,2026-07-25 00:18:29.089751
1963,1963,1,Monthly,2025-09-18,,Active,0,2026-07-25 00:18:29.089762
1964,1964,1,Annual,2025-02-16,,Active,10,2026-07-25 00:18:29.089773
1965,1965,3,Monthly,2025-05-28,,Active,5,2026-07-25 00:18:29.089783
1966,1966,1,Monthly,2023-07-19,,Active,5,2026-07-25 00:18:29.089794
1967,1967,1,Monthly,2023-12-21,,Active,10,2026-07-25 00:18:29.089805
1968,1968,1,Monthly,2023-02-05,,Active,5,2026-07-25 00:18:29.089816
1969,1969,1,Monthly,2024-12-06,2026-02-20,Expired,5,2026-07-25 00:18:29.089845
1970,1970,1,Monthly,2025-11-11,,Active,5,2026-07-25 00:18:29.089856
1971,1971,3,Monthly,2024-09-24,,Active,10,2026-07-25 00:18:29.089866
1972,1972,1,Monthly,2025-02-08,2025-07-21,Expired,5,2026-07-25 00:18:29.089881
1973,1973,1,Monthly,2023-12-15,,Active,0,2026-07-25 00:18:29.089906
1974,1974,4,Monthly,2025-04-07,,Active,0,2026-07-25 00:18:29.089933
1975,1975,1,Monthly,2024-06-03,,Active,5,2026-07-25 00:18:29.089949
1976,1976,1,Monthly,2023-12-17,,Active,5,2026-07-25 00:18:29.089959
1977,1977,1,Annual,2023-09-13,,Active,0,2026-07-25 00:18:29.089970
1978,1978,2,Monthly,2023-05-31,,Active,10,2026-07-25 00:18:29.089981
1979,1979,1,Monthly,2025-07-09,2027-07-04,Cancelled,5,2026-07-25 00:18:29.089997
1980,1980,1,Monthly,2025-01-05,,Active,10,2026-07-25 00:18:29.090008
1981,1981,2,Monthly,2024-06-02,,Active,10,2026-07-25 00:18:29.090018
1982,1982,2,Monthly,2025-08-20,,Active,5,2026-07-25 00:18:29.090028
1983,1983,2,Monthly,2025-06-18,,Active,10,2026-07-25 00:18:29.090039
1984,1984,1,Monthly,2023-02-21,,Active,15,2026-07-25 00:18:29.090050
1985,1985,2,Monthly,2023-04-12,2024-01-15,Cancelled,10,2026-07-25 00:18:29.090066
1986,1986,1,Monthly,2023-03-27,,Active,15,2026-07-25 00:18:29.090076
1987,1987,3,Monthly,2023-06-08,,Active,15,2026-07-25 00:18:29.090087
1988,1988,4,Annual,2024-09-15,,Active,0,2026-07-25 00:18:29.090097
1989,1989,1,Monthly,2023-12-29,,Active,5,2026-07-25 00:18:29.090107
1990,1990,1,Monthly,2024-12-22,,Active,0,2026-07-25 00:18:29.090118
1991,1991,2,Monthly,2024-06-11,,Active,10,2026-07-25 00:18:29.090129
1992,1992,1,Monthly,2024-05-24,2025-02-02,Expired,10,2026-07-25 00:18:29.090160
1993,1993,1,Annual,2023-04-15,2024-02-16,Cancelled,15,2026-07-25 00:18:29.090176
1994,1994,1,Monthly,2025-09-17,,Active,5,2026-07-25 00:18:29.090186
1995,1995,2,Monthly,2024-11-21,,Active,15,2026-07-25 00:18:29.090196
1996,1996,1,Monthly,2023-04-04,,Active,10,2026-07-25 00:18:29.090208
1997,1997,2,Monthly,2025-03-08,,Active,15,2026-07-25 00:18:29.090219
1998,1998,1,Monthly,2023-08-15,,Active,10,2026-07-25 00:18:29.090229
1999,1999,1,Monthly,2024-06-16,,Active,15,2026-07-25 00:18:29.090240
2000,2000,4,Monthly,2025-06-30,,Active,5,2026-07-25 00:18:29.090250
2001,2001,1,Monthly,2025-05-19,,Active,15,2026-07-25 00:18:29.090260
2002,2002,1,Monthly,2023-11-08,,Active,0,2026-07-25 00:18:29.090272
2003,2003,1,Monthly,2025-11-03,,Active,5,2026-07-25 00:18:29.090296
2004,2004,1,Monthly,2025-07-20,,Active,0,2026-07-25 00:18:29.090309
2005,2005,1,Monthly,2025-08-15,,Active,0,2026-07-25 00:18:29.090319
2006,2006,1,Monthly,2024-12-06,2026-06-16,Cancelled,15,2026-07-25 00:18:29.090336
2007,2007,1,Monthly,2025-09-19,,Active,5,2026-07-25 00:18:29.090347
2008,2008,1,Monthly,2025-08-27,,Active,5,2026-07-25 00:18:29.090358
2009,2009,2,Annual,2024-05-29,,Active,10,2026-07-25 00:18:29.090369
2010,2010,1,Monthly,2023-01-11,,Active,0,2026-07-25 00:18:29.090380
2011,2011,2,Monthly,2025-05-11,,Active,5,2026-07-25 00:18:29.090391
2012,2012,1,Monthly,2023-10-29,2024-09-15,Expired,5,2026-07-25 00:18:29.090421
2013,2013,2,Monthly,2023-02-16,,Active,15,2026-07-25 00:18:29.090432
2014,2014,1,Annual,2023-12-07,,Active,5,2026-07-25 00:18:29.090444
2015,2015,1,Monthly,2025-05-11,,Active,15,2026-07-25 00:18:29.090455
2016,2016,1,Monthly,2023-10-01,,Active,15,2026-07-25 00:18:29.090465
2017,2017,1,Monthly,2025-11-18,2027-08-12,Expired,10,2026-07-25 00:18:29.090480
2018,2018,1,Monthly,2024-06-09,,Active,0,2026-07-25 00:18:29.090501
2019,2019,4,Monthly,2024-07-28,,Active,15,2026-07-25 00:18:29.090512
2020,2020,2,Monthly,2025-08-26,,Active,15,2026-07-25 00:18:29.090524
2021,2021,1,Monthly,2023-08-13,,Active,5,2026-07-25 00:18:29.090534
2022,2022,1,Monthly,2025-04-07,,Active,0,2026-07-25 00:18:29.090545
2023,2023,4,Monthly,2024-10-29,,Active,0,2026-07-25 00:18:29.090556
2024,2024,1,Monthly,2023-10-21,,Active,10,2026-07-25 00:18:29.090567
2025,2025,2,Monthly,2025-09-04,,Active,5,2026-07-25 00:18:29.090583
2026,2026,1,Monthly,2025-06-26,,Active,15,2026-07-25 00:18:29.090593
2027,2027,3,Monthly,2025-01-01,,Active,5,2026-07-25 00:18:29.090604
2028,2028,4,Monthly,2025-09-29,,Active,10,2026-07-25 00:18:29.090614
2029,2029,1,Monthly,2024-08-03,,Active,10,2026-07-25 00:18:29.090624
2030,2030,1,Monthly,2024-02-21,,Active,15,2026-07-25 00:18:29.090635
2031,2031,1,Monthly,2023-02-26,,Active,10,2026-07-25 00:18:29.090661
2032,2032,3,Monthly,2024-12-03,,Active,10,2026-07-25 00:18:29.090673
2033,2033,2,Monthly,2024-10-22,,Active,0,2026-07-25 00:18:29.090683
2034,2034,2,Monthly,2024-08-04,,Active,5,2026-07-25 00:18:29.090693
2035,2035,3,Monthly,2023-05-11,,Active,15,2026-07-25 00:18:29.090704
2036,2036,3,Annual,2025-06-26,2026-09-12,Expired,0,2026-07-25 00:18:29.090722
2037,2037,2,Monthly,2024-06-06,,Active,0,2026-07-25 00:18:29.090734
2038,2038,1,Annual,2024-07-24,,Active,5,2026-07-25 00:18:29.090745
2039,2039,1,Monthly,2023-10-06,2024-10-07,Cancelled,10,2026-07-25 00:18:29.090760
2040,2040,3,Monthly,2024-07-11,2025-03-12,Expired,0,2026-07-25 00:18:29.090774
2041,2041,1,Monthly,2025-03-07,,Active,0,2026-07-25 00:18:29.090785
2042,2042,1,Monthly,2023-06-02,2025-02-26,Expired,15,2026-07-25 00:18:29.090799
2043,2043,1,Monthly,2025-04-28,,Active,0,2026-07-25 00:18:29.090810
2044,2044,2,Annual,2024-05-26,,Active,0,2026-07-25 00:18:29.090822
2045,2045,2,Annual,2025-11-27,,Active,0,2026-07-25 00:18:29.090832
2046,2046,4,Monthly,2023-08-03,,Active,0,2026-07-25 00:18:29.090844
2047,2047,1,Annual,2024-04-10,2025-11-29,Expired,0,2026-07-25 00:18:29.090859
2048,2048,1,Annual,2024-09-19,,Active,15,2026-07-25 00:18:29.090870
2049,2049,3,Monthly,2023-01-19,,Active,15,2026-07-25 00:18:29.090880
2050,2050,3,Annual,2023-08-20,,Active,5,2026-07-25 00:18:29.090891
2051,2051,4,Monthly,2023-11-23,,Active,15,2026-07-25 00:18:29.090915
2052,2052,1,Monthly,2025-05-08,2025-12-16,Cancelled,5,2026-07-25 00:18:29.090949
2053,2053,2,Annual,2023-05-14,2023-07-21,Expired,15,2026-07-25 00:18:29.090979
2054,2054,1,Annual,2025-12-20,2027-11-23,Expired,0,2026-07-25 00:18:29.090996
2055,2055,2,Monthly,2025-05-17,2025-12-06,Expired,5,2026-07-25 00:18:29.091010
2056,2056,1,Monthly,2023-07-19,,Active,5,2026-07-25 00:18:29.091021
2057,2057,1,Monthly,2025-10-20,,Active,15,2026-07-25 00:18:29.091031
2058,2058,2,Monthly,2025-12-01,,Active,15,2026-07-25 00:18:29.091042
2059,2059,1,Annual,2024-04-10,,Active,10,2026-07-25 00:18:29.091052
2060,2060,1,Monthly,2023-02-20,,Active,15,2026-07-25 00:18:29.091062
2061,2061,2,Monthly,2025-06-01,2025-07-03,Cancelled,10,2026-07-25 00:18:29.091076
2062,2062,1,Monthly,2024-08-30,,Active,15,2026-07-25 00:18:29.091087
2063,2063,2,Monthly,2025-04-10,,Active,10,2026-07-25 00:18:29.091099
2064,2064,1,Monthly,2025-06-03,,Active,5,2026-07-25 00:18:29.091109
2065,2065,4,Monthly,2023-09-24,,Active,10,2026-07-25 00:18:29.091120
2066,2066,1,Monthly,2023-02-19,,Active,15,2026-07-25 00:18:29.091144
2067,2067,1,Monthly,2024-08-22,,Active,5,2026-07-25 00:18:29.091155
2068,2068,3,Monthly,2025-03-25,,Active,0,2026-07-25 00:18:29.091166
2069,2069,1,Monthly,2025-03-16,,Active,10,2026-07-25 00:18:29.091176
2070,2070,1,Monthly,2024-08-30,,Active,0,2026-07-25 00:18:29.091202
2071,2071,1,Monthly,2025-04-13,,Active,10,2026-07-25 00:18:29.091213
2072,2072,1,Annual,2023-11-17,,Active,15,2026-07-25 00:18:29.091225
2073,2073,1,Annual,2024-11-02,2026-02-06,Expired,10,2026-07-25 00:18:29.091242
2074,2074,1,Monthly,2024-04-27,,Active,0,2026-07-25 00:18:29.091253
2075,2075,3,Monthly,2023-11-10,,Active,15,2026-07-25 00:18:29.091262
2076,2076,1,Monthly,2023-04-10,,Active,0,2026-07-25 00:18:29.091274
2077,2077,1,Monthly,2024-05-25,,Active,15,2026-07-25 00:18:29.091284
2078,2078,1,Monthly,2023-05-22,,Active,10,2026-07-25 00:18:29.091294
2079,2079,3,Monthly,2024-06-22,,Active,5,2026-07-25 00:18:29.091305
2080,2080,2,Monthly,2023-09-30,,Active,10,2026-07-25 00:18:29.091316
2081,2081,1,Monthly,2024-11-02,,Active,5,2026-07-25 00:18:29.091327
2082,2082,1,Monthly,2025-12-21,,Active,10,2026-07-25 00:18:29.091338
2083,2083,1,Monthly,2023-09-03,,Active,10,2026-07-25 00:18:29.091349
2084,2084,1,Monthly,2025-11-01,,Active,0,2026-07-25 00:18:29.091362
2085,2085,2,Monthly,2023-12-04,2024-12-23,Expired,10,2026-07-25 00:18:29.091379
2086,2086,1,Annual,2023-07-08,2024-11-02,Expired,5,2026-07-25 00:18:29.091393
2087,2087,2,Monthly,2024-05-21,,Active,0,2026-07-25 00:18:29.091404
2088,2088,2,Monthly,2025-02-25,,Active,10,2026-07-25 00:18:29.091418
2089,2089,4,Monthly,2025-09-19,,Active,15,2026-07-25 00:18:29.091428
2090,2090,1,Annual,2024-09-12,,Active,0,2026-07-25 00:18:29.091453
2091,2091,3,Monthly,2024-01-25,,Active,10,2026-07-25 00:18:29.091465
2092,2092,3,Monthly,2024-05-23,,Active,10,2026-07-25 00:18:29.091475
2093,2093,1,Monthly,2025-05-01,,Active,0,2026-07-25 00:18:29.091487
2094,2094,3,Monthly,2024-03-09,,Active,15,2026-07-25 00:18:29.091497
2095,2095,2,Annual,2025-07-31,,Active,5,2026-07-25 00:18:29.091507
2096,2096,2,Monthly,2025-04-10,,Active,5,2026-07-25 00:18:29.091517
2097,2097,1,Monthly,2025-11-18,,Active,0,2026-07-25 00:18:29.091529
2098,2098,2,Monthly,2023-12-03,,Active,0,2026-07-25 00:18:29.091540
2099,2099,2,Annual,2025-12-18,,Active,15,2026-07-25 00:18:29.091550
2100,2100,1,Annual,2025-09-22,2026-06-24,Cancelled,15,2026-07-25 00:18:29.091568
2101,2101,2,Annual,2024-04-23,,Active,10,2026-07-25 00:18:29.091579
2102,2102,4,Monthly,2024-08-09,2025-09-24,Cancelled,10,2026-07-25 00:18:29.091593
2103,2103,2,Monthly,2024-01-06,,Active,5,2026-07-25 00:18:29.091604
2104,2104,2,Annual,2023-02-13,,Active,15,2026-07-25 00:18:29.091616
2105,2105,2,Monthly,2025-11-22,,Active,5,2026-07-25 00:18:29.091626
2106,2106,1,Monthly,2025-10-28,,Active,15,2026-07-25 00:18:29.091635
2107,2107,1,Monthly,2024-10-07,,Active,15,2026-07-25 00:18:29.091646
2108,2108,1,Monthly,2023-10-22,,Active,15,2026-07-25 00:18:29.091657
2109,2109,3,Monthly,2023-07-07,,Active,15,2026-07-25 00:18:29.091680
2110,2110,1,Monthly,2024-05-17,2025-08-18,Expired,0,2026-07-25 00:18:29.091697
2111,2111,1,Monthly,2024-05-06,2024-08-03,Cancelled,5,2026-07-25 00:18:29.091712
2112,2112,2,Monthly,2023-12-08,,Active,15,2026-07-25 00:18:29.091723
2113,2113,2,Monthly,2025-10-06,,Active,15,2026-07-25 00:18:29.091736
2114,2114,1,Monthly,2024-04-13,,Active,15,2026-07-25 00:18:29.091747
2115,2115,3,Annual,2025-06-03,,Active,0,2026-07-25 00:18:29.091757
2116,2116,1,Monthly,2025-07-20,,Active,5,2026-07-25 00:18:29.091767
2117,2117,3,Monthly,2025-11-19,,Active,0,2026-07-25 00:18:29.091778
2118,2118,2,Monthly,2025-12-04,,Active,5,2026-07-25 00:18:29.091788
2119,2119,1,Monthly,2023-04-15,,Active,15,2026-07-25 00:18:29.091799
2120,2120,2,Monthly,2024-11-28,,Active,15,2026-07-25 00:18:29.091810
2121,2121,1,Monthly,2025-02-21,2025-04-21,Expired,15,2026-07-25 00:18:29.091826
2122,2122,2,Monthly,2023-07-12,,Active,5,2026-07-25 00:18:29.091837
2123,2123,1,Annual,2024-01-14,,Active,5,2026-07-25 00:18:29.091847
2124,2124,1,Monthly,2023-11-10,,Active,10,2026-07-25 00:18:29.091858
2125,2125,1,Monthly,2023-02-28,2023-06-22,Expired,5,2026-07-25 00:18:29.091874
2126,2126,1,Monthly,2024-11-20,,Active,5,2026-07-25 00:18:29.091887
2127,2127,2,Annual,2023-03-03,,Active,0,2026-07-25 00:18:29.091898
2128,2128,1,Monthly,2023-02-06,,Active,5,2026-07-25 00:18:29.091909
2129,2129,2,Monthly,2024-06-16,2024-08-12,Cancelled,15,2026-07-25 00:18:29.091966
2130,2130,1,Annual,2025-10-30,2026-05-29,Expired,10,2026-07-25 00:18:29.091982
2131,2131,2,Annual,2023-12-12,,Active,15,2026-07-25 00:18:29.091992
2132,2132,2,Annual,2025-09-05,,Active,0,2026-07-25 00:18:29.092002
2133,2133,1,Monthly,2023-04-19,2024-05-16,Expired,5,2026-07-25 00:18:29.092017
2134,2134,1,Monthly,2023-11-14,,Active,0,2026-07-25 00:18:29.092027
2135,2135,1,Annual,2025-05-02,,Active,0,2026-07-25 00:18:29.092038
2136,2136,1,Monthly,2024-10-24,,Active,0,2026-07-25 00:18:29.092048
2137,2137,1,Monthly,2024-10-20,,Active,10,2026-07-25 00:18:29.092060
2138,2138,2,Monthly,2024-03-19,,Active,0,2026-07-25 00:18:29.092071
2139,2139,1,Monthly,2025-01-17,,Active,10,2026-07-25 00:18:29.092096
2140,2140,1,Monthly,2024-09-10,,Active,10,2026-07-25 00:18:29.092107
2141,2141,1,Monthly,2025-02-23,,Active,15,2026-07-25 00:18:29.092117
2142,2142,1,Monthly,2025-01-18,,Active,10,2026-07-25 00:18:29.092128
2143,2143,1,Annual,2023-05-10,,Active,5,2026-07-25 00:18:29.092138
2144,2144,1,Monthly,2023-09-30,,Active,5,2026-07-25 00:18:29.092149
2145,2145,1,Annual,2024-03-15,,Active,15,2026-07-25 00:18:29.092160
2146,2146,1,Monthly,2024-06-01,,Active,10,2026-07-25 00:18:29.092172
2147,2147,1,Monthly,2023-08-29,,Active,5,2026-07-25 00:18:29.092182
2148,2148,1,Monthly,2024-08-04,,Active,10,2026-07-25 00:18:29.092206
2149,2149,3,Monthly,2024-09-05,,Active,0,2026-07-25 00:18:29.092218
2150,2150,3,Annual,2025-07-02,,Active,15,2026-07-25 00:18:29.093059
2151,2151,4,Monthly,2023-07-13,,Active,10,2026-07-25 00:18:29.093072
2152,2152,1,Annual,2024-11-08,,Active,15,2026-07-25 00:18:29.093082
2153,2153,1,Monthly,2024-06-25,,Active,0,2026-07-25 00:18:29.093093
2154,2154,3,Monthly,2023-03-31,,Active,0,2026-07-25 00:18:29.093103
2155,2155,1,Monthly,2025-01-12,,Active,0,2026-07-25 00:18:29.093113
2156,2156,1,Monthly,2025-09-07,,Active,15,2026-07-25 00:18:29.093124
2157,2157,1,Annual,2024-02-10,,Active,0,2026-07-25 00:18:29.093134
2158,2158,1,Monthly,2025-07-24,2027-06-01,Cancelled,10,2026-07-25 00:18:29.093157
2159,2159,1,Monthly,2023-05-24,,Active,0,2026-07-25 00:18:29.093167
2160,2160,1,Monthly,2023-05-05,,Active,5,2026-07-25 00:18:29.093178
2161,2161,1,Monthly,2024-10-25,,Active,10,2026-07-25 00:18:29.093189
2162,2162,1,Monthly,2025-04-08,2025-08-01,Cancelled,5,2026-07-25 00:18:29.093204
2163,2163,2,Monthly,2023-05-19,,Active,5,2026-07-25 00:18:29.093215
2164,2164,1,Annual,2023-08-10,,Active,5,2026-07-25 00:18:29.093228
2165,2165,3,Monthly,2024-09-10,,Active,5,2026-07-25 00:18:29.093240
2166,2166,1,Monthly,2023-01-03,,Active,15,2026-07-25 00:18:29.093252
2167,2167,1,Annual,2024-10-11,,Active,10,2026-07-25 00:18:29.093262
2168,2168,1,Monthly,2023-10-02,,Active,15,2026-07-25 00:18:29.093290
2169,2169,1,Annual,2025-01-25,,Active,10,2026-07-25 00:18:29.093302
2170,2170,3,Monthly,2024-12-01,2025-05-22,Cancelled,0,2026-07-25 00:18:29.093318
2171,2171,2,Monthly,2023-10-11,,Active,15,2026-07-25 00:18:29.093328
2172,2172,3,Monthly,2024-11-15,,Active,10,2026-07-25 00:18:29.093338
2173,2173,1,Monthly,2023-05-04,,Active,5,2026-07-25 00:18:29.093347
2174,2174,3,Annual,2023-04-10,,Active,15,2026-07-25 00:18:29.093357
2175,2175,1,Annual,2025-01-23,,Active,5,2026-07-25 00:18:29.093368
2176,2176,4,Annual,2023-01-12,2024-06-25,Cancelled,10,2026-07-25 00:18:29.093382
2177,2177,2,Monthly,2025-03-22,,Active,15,2026-07-25 00:18:29.093392
2178,2178,4,Monthly,2024-02-17,,Active,10,2026-07-25 00:18:29.093402
2179,2179,2,Monthly,2024-10-29,,Active,10,2026-07-25 00:18:29.093412
2180,2180,2,Monthly,2024-05-04,2024-06-25,Cancelled,5,2026-07-25 00:18:29.093426
2181,2181,1,Monthly,2024-09-11,2026-05-26,Expired,15,2026-07-25 00:18:29.093439
2182,2182,1,Monthly,2024-05-28,,Active,0,2026-07-25 00:18:29.093449
2183,2183,1,Annual,2024-09-16,,Active,5,2026-07-25 00:18:29.093459
2184,2184,2,Monthly,2023-07-10,2024-12-25,Cancelled,5,2026-07-25 00:18:29.093473
2185,2185,2,Monthly,2024-07-26,,Active,5,2026-07-25 00:18:29.093483
2186,2186,1,Monthly,2025-01-08,2025-06-28,Cancelled,0,2026-07-25 00:18:29.093497
2187,2187,1,Monthly,2024-05-15,2026-04-17,Cancelled,0,2026-07-25 00:18:29.093524
2188,2188,1,Monthly,2024-05-20,,Active,15,2026-07-25 00:18:29.093534
2189,2189,1,Monthly,2025-08-09,2027-07-24,Expired,0,2026-07-25 00:18:29.093549
2190,2190,1,Monthly,2025-10-19,,Active,15,2026-07-25 00:18:29.093559
2191,2191,3,Monthly,2023-10-31,,Active,10,2026-07-25 00:18:29.093569
2192,2192,2,Monthly,2025-02-22,,Active,5,2026-07-25 00:18:29.093579
2193,2193,2,Monthly,2024-04-13,,Active,15,2026-07-25 00:18:29.093589
2194,2194,2,Monthly,2024-11-24,2025-05-20,Cancelled,5,2026-07-25 00:18:29.093616
2195,2195,1,Monthly,2024-01-10,,Active,0,2026-07-25 00:18:29.093628
2196,2196,3,Monthly,2025-12-23,,Active,0,2026-07-25 00:18:29.093638
2197,2197,2,Monthly,2023-02-15,,Active,15,2026-07-25 00:18:29.093649
2198,2198,1,Monthly,2024-08-18,,Active,5,2026-07-25 00:18:29.093659
2199,2199,3,Annual,2025-01-09,,Active,15,2026-07-25 00:18:29.093669
2200,2200,1,Annual,2025-02-03,,Active,5,2026-07-25 00:18:29.093680
2201,2201,1,Annual,2023-12-14,2024-03-03,Expired,10,2026-07-25 00:18:29.093696
2202,2202,1,Monthly,2024-08-08,,Active,10,2026-07-25 00:18:29.093706
2203,2203,2,Monthly,2025-05-22,2026-01-15,Cancelled,5,2026-07-25 00:18:29.093720
2204,2204,1,Monthly,2023-06-29,,Active,0,2026-07-25 00:18:29.093732
2205,2205,3,Annual,2025-07-08,,Active,15,2026-07-25 00:18:29.093741
2206,2206,1,Monthly,2025-06-08,,Active,5,2026-07-25 00:18:29.093751
2207,2207,1,Monthly,2024-08-13,2026-06-29,Cancelled,10,2026-07-25 00:18:29.093799
2208,2208,3,Monthly,2023-10-22,2025-07-26,Cancelled,10,2026-07-25 00:18:29.093813
2209,2209,3,Monthly,2024-07-21,,Active,0,2026-07-25 00:18:29.093823
2210,2210,1,Monthly,2025-07-06,,Active,10,2026-07-25 00:18:29.093834
2211,2211,2,Monthly,2025-04-16,,Active,5,2026-07-25 00:18:29.093845
2212,2212,1,Monthly,2024-04-06,2024-05-06,Cancelled,10,2026-07-25 00:18:29.093859
2213,2213,1,Monthly,2023-08-18,,Active,0,2026-07-25 00:18:29.093872
2214,2214,1,Annual,2025-12-28,,Active,0,2026-07-25 00:18:29.093883
2215,2215,1,Monthly,2025-02-19,,Active,0,2026-07-25 00:18:29.093894
2216,2216,1,Monthly,2025-01-12,,Active,10,2026-07-25 00:18:29.093904
2217,2217,1,Monthly,2024-08-08,,Active,0,2026-07-25 00:18:29.093914
2218,2218,1,Monthly,2023-08-26,,Active,15,2026-07-25 00:18:29.093944
2219,2219,1,Monthly,2025-12-24,,Active,0,2026-07-25 00:18:29.093956
2220,2220,1,Annual,2025-01-27,,Active,15,2026-07-25 00:18:29.093966
2221,2221,1,Annual,2023-09-05,,Active,15,2026-07-25 00:18:29.093976
2222,2222,1,Annual,2024-10-18,,Active,0,2026-07-25 00:18:29.093986
2223,2223,1,Annual,2023-04-22,,Active,0,2026-07-25 00:18:29.093997
2224,2224,1,Monthly,2025-12-25,,Active,5,2026-07-25 00:18:29.094008
2225,2225,1,Monthly,2025-06-20,,Active,10,2026-07-25 00:18:29.094019
2226,2226,1,Annual,2024-04-17,,Active,15,2026-07-25 00:18:29.094030
2227,2227,1,Monthly,2024-11-17,,Active,15,2026-07-25 00:18:29.094040
2228,2228,1,Monthly,2023-10-31,,Active,5,2026-07-25 00:18:29.094051
2229,2229,2,Monthly,2023-06-08,,Active,0,2026-07-25 00:18:29.094062
2230,2230,2,Annual,2024-10-25,2025-10-30,Cancelled,5,2026-07-25 00:18:29.094077
2231,2231,1,Monthly,2025-01-06,,Active,0,2026-07-25 00:18:29.094087
2232,2232,2,Monthly,2025-03-11,,Active,5,2026-07-25 00:18:29.094098
2233,2233,1,Annual,2024-09-19,,Active,5,2026-07-25 00:18:29.094107
2234,2234,2,Monthly,2024-09-08,,Active,5,2026-07-25 00:18:29.094116
2235,2235,1,Monthly,2023-09-25,,Active,0,2026-07-25 00:18:29.094125
2236,2236,1,Monthly,2025-11-07,,Active,0,2026-07-25 00:18:29.094228
2237,2237,1,Annual,2024-08-16,,Active,15,2026-07-25 00:18:29.094258
2238,2238,1,Annual,2023-01-19,,Active,0,2026-07-25 00:18:29.094271
2239,2239,3,Monthly,2025-01-29,,Active,10,2026-07-25 00:18:29.094314
2240,2240,1,Monthly,2025-06-09,2026-10-25,Cancelled,15,2026-07-25 00:18:29.094358
2241,2241,1,Monthly,2025-07-10,,Active,10,2026-07-25 00:18:29.094370
2242,2242,1,Annual,2025-12-27,,Active,0,2026-07-25 00:18:29.094380
2243,2243,1,Monthly,2024-05-20,,Active,10,2026-07-25 00:18:29.094390
2244,2244,1,Annual,2023-10-15,2023-11-18,Expired,15,2026-07-25 00:18:29.094405
2245,2245,3,Monthly,2025-05-13,2025-06-19,Expired,15,2026-07-25 00:18:29.094420
2246,2246,1,Monthly,2025-06-27,,Active,15,2026-07-25 00:18:29.094431
2247,2247,2,Annual,2023-11-19,,Active,5,2026-07-25 00:18:29.094442
2248,2248,4,Monthly,2023-10-07,,Active,0,2026-07-25 00:18:29.094452
2249,2249,1,Monthly,2023-07-11,,Active,10,2026-07-25 00:18:29.094462
2250,2250,1,Monthly,2025-10-10,,Active,15,2026-07-25 00:18:29.094473
2251,2251,1,Monthly,2023-02-24,,Active,15,2026-07-25 00:18:29.094486
2252,2252,3,Monthly,2024-04-08,,Active,5,2026-07-25 00:18:29.094495
2253,2253,2,Monthly,2025-10-19,,Active,10,2026-07-25 00:18:29.094528
2254,2254,1,Monthly,2025-03-17,2025-06-08,Cancelled,15,2026-07-25 00:18:29.094544
2255,2255,3,Monthly,2025-06-15,,Active,15,2026-07-25 00:18:29.094555
2256,2256,1,Annual,2024-06-30,,Active,15,2026-07-25 00:18:29.094565
2257,2257,3,Monthly,2023-03-11,,Active,15,2026-07-25 00:18:29.094577
2258,2258,1,Monthly,2024-04-10,,Active,10,2026-07-25 00:18:29.094588
2259,2259,2,Monthly,2025-05-07,,Active,10,2026-07-25 00:18:29.094598
2260,2260,1,Monthly,2023-07-19,,Active,5,2026-07-25 00:18:29.094677
2261,2261,1,Monthly,2024-08-16,,Active,10,2026-07-25 00:18:29.094734
2262,2262,1,Annual,2024-01-30,2024-12-13,Expired,15,2026-07-25 00:18:29.094799
2263,2263,2,Monthly,2023-04-20,,Active,5,2026-07-25 00:18:29.094819
2264,2264,4,Annual,2023-10-27,,Active,0,2026-07-25 00:18:29.094829
2265,2265,2,Monthly,2025-07-28,,Active,0,2026-07-25 00:18:29.094839
2266,2266,1,Monthly,2024-05-06,,Active,5,2026-07-25 00:18:29.094848
2267,2267,1,Monthly,2024-01-20,,Active,0,2026-07-25 00:18:29.094858
2268,2268,1,Monthly,2023-06-20,2023-08-27,Expired,0,2026-07-25 00:18:29.094875
2269,2269,1,Annual,2024-07-17,,Active,5,2026-07-25 00:18:29.094885
2270,2270,1,Monthly,2023-12-17,,Active,15,2026-07-25 00:18:29.094895
2271,2271,1,Monthly,2023-12-12,,Active,10,2026-07-25 00:18:29.094904
2272,2272,3,Monthly,2023-07-11,2025-04-13,Cancelled,5,2026-07-25 00:18:29.094919
2273,2273,1,Monthly,2025-07-03,,Active,5,2026-07-25 00:18:29.094929
2274,2274,1,Monthly,2025-06-07,2027-03-13,Cancelled,10,2026-07-25 00:18:29.094948
2275,2275,2,Monthly,2023-03-16,,Active,10,2026-07-25 00:18:29.094958
2276,2276,1,Annual,2023-10-08,2025-04-07,Expired,15,2026-07-25 00:18:29.094971
2277,2277,3,Monthly,2025-04-05,,Active,5,2026-07-25 00:18:29.094981
2278,2278,1,Annual,2023-07-18,,Active,15,2026-07-25 00:18:29.094993
2279,2279,2,Monthly,2023-08-30,,Active,10,2026-07-25 00:18:29.095001
2280,2280,1,Monthly,2023-03-24,,Active,10,2026-07-25 00:18:29.095034
2281,2281,1,Annual,2025-11-19,2026-06-07,Cancelled,15,2026-07-25 00:18:29.095054
2282,2282,2,Monthly,2024-07-03,,Active,0,2026-07-25 00:18:29.095064
2283,2283,2,Monthly,2024-10-26,,Active,0,2026-07-25 00:18:29.095074
2284,2284,1,Monthly,2024-04-19,,Active,15,2026-07-25 00:18:29.095085
2285,2285,2,Monthly,2024-04-30,,Active,10,2026-07-25 00:18:29.095095
2286,2286,1,Annual,2024-01-08,2025-06-28,Cancelled,15,2026-07-25 00:18:29.095109
2287,2287,4,Monthly,2023-05-12,,Active,5,2026-07-25 00:18:29.095120
2288,2288,4,Monthly,2023-01-17,,Active,5,2026-07-25 00:18:29.095131
2289,2289,1,Annual,2023-07-31,,Active,5,2026-07-25 00:18:29.095141
2290,2290,3,Monthly,2025-11-17,,Active,0,2026-07-25 00:18:29.095152
2291,2291,2,Monthly,2023-01-12,,Active,5,2026-07-25 00:18:29.095161
2292,2292,1,Monthly,2025-10-24,,Active,0,2026-07-25 00:18:29.095171
2293,2293,3,Annual,2023-09-19,,Active,0,2026-07-25 00:18:29.095181
2294,2294,1,Annual,2023-09-29,,Active,10,2026-07-25 00:18:29.095194
2295,2295,2,Monthly,2025-03-08,,Active,5,2026-07-25 00:18:29.095205
2296,2296,2,Monthly,2024-08-11,,Active,0,2026-07-25 00:18:29.095215
2297,2297,3,Monthly,2024-06-09,,Active,15,2026-07-25 00:18:29.095225
2298,2298,1,Monthly,2023-07-03,,Active,5,2026-07-25 00:18:29.095236
2299,2299,1,Monthly,2023-11-27,,Active,0,2026-07-25 00:18:29.095252
2300,2300,1,Monthly,2024-09-03,,Active,0,2026-07-25 00:18:29.095262
2301,2301,1,Monthly,2025-03-11,2026-11-16,Expired,15,2026-07-25 00:18:29.095282
2302,2302,3,Annual,2025-01-28,2026-06-10,Expired,10,2026-07-25 00:18:29.095300
2303,2303,3,Annual,2024-12-16,,Active,0,2026-07-25 00:18:29.095312
2304,2304,1,Monthly,2024-06-27,,Active,5,2026-07-25 00:18:29.095325
2305,2305,2,Monthly,2025-02-03,,Active,15,2026-07-25 00:18:29.095336
2306,2306,1,Monthly,2023-08-27,,Active,10,2026-07-25 00:18:29.095346
2307,2307,4,Monthly,2023-08-30,,Active,0,2026-07-25 00:18:29.095355
2308,2308,2,Monthly,2024-07-20,,Active,5,2026-07-25 00:18:29.095365
2309,2309,1,Annual,2024-02-23,,Active,0,2026-07-25 00:18:29.095378
2310,2310,2,Annual,2024-11-13,,Active,15,2026-07-25 00:18:29.095389
2311,2311,1,Monthly,2024-11-05,2026-05-10,Cancelled,15,2026-07-25 00:18:29.095406
2312,2312,3,Monthly,2023-11-05,,Active,5,2026-07-25 00:18:29.095417
2313,2313,1,Monthly,2023-07-27,,Active,10,2026-07-25 00:18:29.095427
2314,2314,1,Monthly,2023-02-19,,Active,5,2026-07-25 00:18:29.095441
2315,2315,1,Monthly,2025-10-30,,Active,5,2026-07-25 00:18:29.095452
2316,2316,1,Monthly,2025-02-08,,Active,0,2026-07-25 00:18:29.095463
2317,2317,2,Monthly,2024-09-13,,Active,15,2026-07-25 00:18:29.095474
2318,2318,1,Annual,2023-07-24,,Active,5,2026-07-25 00:18:29.095484
2319,2319,1,Monthly,2023-07-15,2025-04-21,Cancelled,0,2026-07-25 00:18:29.095503
2320,2320,1,Monthly,2025-11-29,,Active,10,2026-07-25 00:18:29.095512
2321,2321,2,Monthly,2024-10-29,,Active,15,2026-07-25 00:18:29.095523
2322,2322,1,Monthly,2025-01-24,,Active,15,2026-07-25 00:18:29.095533
2323,2323,1,Annual,2025-08-17,,Active,10,2026-07-25 00:18:29.095544
2324,2324,4,Monthly,2024-01-23,,Active,0,2026-07-25 00:18:29.095556
2325,2325,3,Monthly,2025-12-24,2026-11-16,Expired,15,2026-07-25 00:18:29.095570
2326,2326,1,Monthly,2023-11-05,2025-01-04,Expired,5,2026-07-25 00:18:29.095584
2327,2327,2,Monthly,2025-12-25,2026-06-15,Expired,10,2026-07-25 00:18:29.095597
2328,2328,3,Monthly,2025-07-07,,Active,15,2026-07-25 00:18:29.095607
2329,2329,1,Annual,2023-03-01,,Active,15,2026-07-25 00:18:29.095617
2330,2330,1,Monthly,2024-10-24,2025-11-27,Cancelled,0,2026-07-25 00:18:29.095629
2331,2331,2,Monthly,2023-03-21,,Active,5,2026-07-25 00:18:29.095639
2332,2332,1,Annual,2025-09-10,,Active,15,2026-07-25 00:18:29.095648
2333,2333,1,Monthly,2025-01-14,,Active,5,2026-07-25 00:18:29.095658
2334,2334,2,Monthly,2023-03-22,,Active,0,2026-07-25 00:18:29.095668
2335,2335,1,Monthly,2024-06-29,,Active,0,2026-07-25 00:18:29.095680
2336,2336,1,Annual,2023-03-05,,Active,0,2026-07-25 00:18:29.095691
2337,2337,1,Monthly,2024-05-14,,Active,0,2026-07-25 00:18:29.095702
2338,2338,1,Monthly,2025-07-31,,Active,5,2026-07-25 00:18:29.095827
2339,2339,1,Monthly,2025-02-02,2026-04-25,Cancelled,0,2026-07-25 00:18:29.095856
2340,2340,2,Monthly,2025-11-05,,Active,0,2026-07-25 00:18:29.095867
2341,2341,1,Monthly,2024-05-29,2026-04-13,Expired,5,2026-07-25 00:18:29.095880
2342,2342,3,Annual,2025-07-03,,Active,15,2026-07-25 00:18:29.095892
2343,2343,1,Monthly,2025-06-26,,Active,10,2026-07-25 00:18:29.095904
2344,2344,1,Monthly,2025-09-04,2027-07-16,Expired,0,2026-07-25 00:18:29.095918
2345,2345,2,Annual,2025-10-13,,Active,0,2026-07-25 00:18:29.095930
2346,2346,3,Monthly,2023-06-03,,Active,10,2026-07-25 00:18:29.095940
2347,2347,3,Annual,2024-06-16,,Active,10,2026-07-25 00:18:29.095951
2348,2348,1,Annual,2023-11-10,,Active,5,2026-07-25 00:18:29.095962
2349,2349,1,Annual,2025-05-05,,Active,5,2026-07-25 00:18:29.095972
2350,2350,1,Monthly,2025-05-20,,Active,15,2026-07-25 00:18:29.096257
2351,2351,3,Annual,2023-07-02,2025-06-09,Expired,10,2026-07-25 00:18:29.096341
2352,2352,3,Monthly,2025-02-21,,Active,10,2026-07-25 00:18:29.096355
2353,2353,1,Monthly,2025-12-18,,Active,5,2026-07-25 00:18:29.096365
2354,2354,2,Monthly,2023-04-05,2025-03-05,Expired,15,2026-07-25 00:18:29.096383
2355,2355,2,Monthly,2025-04-07,2026-09-25,Cancelled,15,2026-07-25 00:18:29.096397
2356,2356,3,Monthly,2024-08-19,,Active,0,2026-07-25 00:18:29.096407
2357,2357,3,Monthly,2023-10-13,,Active,15,2026-07-25 00:18:29.096417
2358,2358,1,Monthly,2025-07-08,,Active,5,2026-07-25 00:18:29.096427
2359,2359,1,Monthly,2025-02-21,2026-05-15,Cancelled,5,2026-07-25 00:18:29.096442
2360,2360,2,Monthly,2024-04-05,,Active,15,2026-07-25 00:18:29.096452
2361,2361,4,Annual,2025-04-08,,Active,0,2026-07-25 00:18:29.096462
2362,2362,1,Monthly,2023-08-19,,Active,10,2026-07-25 00:18:29.096473
2363,2363,2,Monthly,2023-03-22,,Active,5,2026-07-25 00:18:29.096598
2364,2364,1,Monthly,2023-06-30,,Active,0,2026-07-25 00:18:29.096611
2365,2365,1,Monthly,2025-07-29,,Active,5,2026-07-25 00:18:29.096621
2366,2366,2,Monthly,2025-05-03,,Active,15,2026-07-25 00:18:29.096632
2367,2367,3,Monthly,2025-08-07,2027-05-03,Cancelled,10,2026-07-25 00:18:29.096650
2368,2368,2,Monthly,2023-01-17,2023-02-20,Expired,0,2026-07-25 00:18:29.096665
2369,2369,1,Monthly,2023-10-02,,Active,10,2026-07-25 00:18:29.096675
2370,2370,1,Monthly,2025-06-25,,Active,0,2026-07-25 00:18:29.096686
2371,2371,1,Monthly,2024-08-16,,Active,0,2026-07-25 00:18:29.096696
2372,2372,1,Annual,2023-11-17,,Active,5,2026-07-25 00:18:29.096708
2373,2373,3,Monthly,2025-06-22,,Active,5,2026-07-25 00:18:29.096718
2374,2374,3,Monthly,2023-12-26,,Active,10,2026-07-25 00:18:29.096729
2375,2375,1,Monthly,2023-05-26,,Active,0,2026-07-25 00:18:29.096739
2376,2376,1,Monthly,2023-10-01,,Active,0,2026-07-25 00:18:29.096749
2377,2377,1,Monthly,2023-10-08,2024-12-21,Cancelled,15,2026-07-25 00:18:29.096764
2378,2378,3,Monthly,2024-09-04,,Active,15,2026-07-25 00:18:29.096775
2379,2379,3,Monthly,2024-01-16,,Active,0,2026-07-25 00:18:29.096787
2380,2380,1,Monthly,2023-06-05,,Active,10,2026-07-25 00:18:29.096799
2381,2381,1,Monthly,2025-07-26,,Active,15,2026-07-25 00:18:29.096809
2382,2382,4,Annual,2023-06-20,,Active,0,2026-07-25 00:18:29.096833
2383,2383,2,Monthly,2023-03-09,,Active,10,2026-07-25 00:18:29.096843
2384,2384,1,Monthly,2024-02-20,,Active,5,2026-07-25 00:18:29.096853
2385,2385,2,Annual,2023-01-21,,Active,15,2026-07-25 00:18:29.096863
2386,2386,1,Annual,2025-04-22,,Active,15,2026-07-25 00:18:29.096873
2387,2387,1,Monthly,2023-08-05,,Active,0,2026-07-25 00:18:29.096883
2388,2388,4,Monthly,2023-09-11,,Active,10,2026-07-25 00:18:29.096893
2389,2389,3,Monthly,2023-03-28,,Active,5,2026-07-25 00:18:29.096903
2390,2390,2,Monthly,2023-03-11,,Active,15,2026-07-25 00:18:29.096913
2391,2391,1,Monthly,2025-03-05,,Active,15,2026-07-25 00:18:29.096923
2392,2392,1,Monthly,2023-02-07,,Active,0,2026-07-25 00:18:29.096933
2393,2393,1,Monthly,2024-07-02,,Active,15,2026-07-25 00:18:29.096943
2394,2394,1,Monthly,2025-12-02,,Active,10,2026-07-25 00:18:29.096953
2395,2395,3,Monthly,2023-06-21,,Active,0,2026-07-25 00:18:29.096963
2396,2396,1,Monthly,2024-07-09,,Active,5,2026-07-25 00:18:29.096973
2397,2397,3,Monthly,2024-07-14,,Active,15,2026-07-25 00:18:29.096983
2398,2398,1,Monthly,2023-08-23,,Active,5,2026-07-25 00:18:29.096993
2399,2399,4,Monthly,2025-07-20,,Active,0,2026-07-25 00:18:29.097005
2400,2400,1,Annual,2025-11-02,,Active,10,2026-07-25 00:18:29.097016
2401,2401,2,Monthly,2023-06-11,,Active,5,2026-07-25 00:18:29.097029
2402,2402,1,Annual,2024-02-17,,Active,5,2026-07-25 00:18:29.097059
2403,2403,2,Monthly,2023-08-19,,Active,5,2026-07-25 00:18:29.097070
2404,2404,1,Monthly,2025-01-13,,Active,15,2026-07-25 00:18:29.097080
2405,2405,1,Monthly,2024-03-08,,Active,0,2026-07-25 00:18:29.097090
2406,2406,2,Monthly,2023-10-10,,Active,10,2026-07-25 00:18:29.097101
2407,2407,2,Monthly,2025-01-17,,Active,5,2026-07-25 00:18:29.097111
2408,2408,2,Annual,2023-08-03,,Active,10,2026-07-25 00:18:29.097121
2409,2409,1,Annual,2025-04-16,,Active,5,2026-07-25 00:18:29.097131
2410,2410,2,Monthly,2023-05-10,,Active,0,2026-07-25 00:18:29.097142
2411,2411,1,Monthly,2023-12-07,,Active,0,2026-07-25 00:18:29.097152
2412,2412,3,Monthly,2023-01-27,2024-11-06,Expired,10,2026-07-25 00:18:29.097169
2413,2413,3,Annual,2023-06-21,2024-02-24,Cancelled,0,2026-07-25 00:18:29.097183
2414,2414,3,Monthly,2023-08-05,,Active,0,2026-07-25 00:18:29.097194
2415,2415,2,Annual,2025-05-06,,Active,5,2026-07-25 00:18:29.097204
2416,2416,1,Monthly,2023-03-28,,Active,0,2026-07-25 00:18:29.097215
2417,2417,2,Monthly,2024-08-09,,Active,15,2026-07-25 00:18:29.097225
2418,2418,2,Monthly,2025-12-25,,Active,5,2026-07-25 00:18:29.097236
2419,2419,2,Monthly,2025-01-10,,Active,15,2026-07-25 00:18:29.097245
2420,2420,2,Monthly,2023-05-03,,Active,0,2026-07-25 00:18:29.097255
2421,2421,1,Monthly,2024-10-09,,Active,10,2026-07-25 00:18:29.097276
2422,2422,1,Monthly,2023-08-06,,Active,5,2026-07-25 00:18:29.097286
2423,2423,2,Annual,2024-06-08,,Active,5,2026-07-25 00:18:29.097296
2424,2424,2,Monthly,2024-03-21,,Active,5,2026-07-25 00:18:29.097306
2425,2425,2,Monthly,2023-02-19,,Active,0,2026-07-25 00:18:29.097316
2426,2426,1,Monthly,2024-10-20,,Active,15,2026-07-25 00:18:29.097326
2427,2427,1,Monthly,2024-02-05,,Active,0,2026-07-25 00:18:29.097335
2428,2428,2,Monthly,2023-09-01,,Active,15,2026-07-25 00:18:29.097346
2429,2429,2,Monthly,2023-07-14,,Active,0,2026-07-25 00:18:29.097356
2430,2430,1,Monthly,2023-10-13,,Active,15,2026-07-25 00:18:29.097366
2431,2431,1,Monthly,2025-12-11,,Active,5,2026-07-25 00:18:29.097375
2432,2432,3,Monthly,2024-09-21,,Active,0,2026-07-25 00:18:29.097386
2433,2433,1,Monthly,2025-10-01,,Active,5,2026-07-25 00:18:29.097396
2434,2434,1,Monthly,2023-05-01,,Active,5,2026-07-25 00:18:29.097406
2435,2435,1,Monthly,2023-02-13,,Active,5,2026-07-25 00:18:29.097416
2436,2436,1,Monthly,2023-06-15,,Active,5,2026-07-25 00:18:29.097427
2437,2437,2,Monthly,2024-04-25,,Active,15,2026-07-25 00:18:29.097438
2438,2438,1,Monthly,2023-02-20,,Active,5,2026-07-25 00:18:29.097448
2439,2439,1,Monthly,2025-05-27,,Active,0,2026-07-25 00:18:29.097459
2440,2440,2,Annual,2023-03-12,,Active,15,2026-07-25 00:18:29.097470
2441,2441,2,Monthly,2023-01-14,,Active,10,2026-07-25 00:18:29.097495
2442,2442,2,Monthly,2025-02-16,,Active,0,2026-07-25 00:18:29.097506
2443,2443,1,Monthly,2024-07-06,,Active,0,2026-07-25 00:18:29.097516
2444,2444,2,Monthly,2024-05-29,2024-07-07,Expired,15,2026-07-25 00:18:29.097532
2445,2445,1,Annual,2025-02-19,,Active,0,2026-07-25 00:18:29.097541
2446,2446,2,Annual,2025-01-10,,Active,10,2026-07-25 00:18:29.097687
2447,2447,1,Monthly,2025-11-26,,Active,10,2026-07-25 00:18:29.097796
2448,2448,1,Monthly,2023-12-26,,Active,0,2026-07-25 00:18:29.097810
2449,2449,2,Monthly,2023-08-07,,Active,10,2026-07-25 00:18:29.097821
2450,2450,3,Monthly,2025-08-03,,Active,15,2026-07-25 00:18:29.097859
2451,2451,1,Monthly,2023-07-23,,Active,5,2026-07-25 00:18:29.097873
2452,2452,1,Monthly,2024-10-31,,Active,15,2026-07-25 00:18:29.098005
2453,2453,2,Monthly,2024-08-25,,Active,15,2026-07-25 00:18:29.098018
2454,2454,2,Monthly,2025-07-31,2026-05-03,Cancelled,15,2026-07-25 00:18:29.098040
2455,2455,1,Monthly,2025-09-02,,Active,15,2026-07-25 00:18:29.098052
2456,2456,3,Monthly,2024-04-25,,Active,0,2026-07-25 00:18:29.098064
2457,2457,1,Monthly,2025-02-14,,Active,5,2026-07-25 00:18:29.098073
2458,2458,1,Monthly,2024-04-04,2025-09-05,Cancelled,0,2026-07-25 00:18:29.098089
2459,2459,1,Monthly,2024-07-18,,Active,10,2026-07-25 00:18:29.098100
2460,2460,2,Monthly,2024-12-16,2025-11-20,Expired,15,2026-07-25 00:18:29.098134
2461,2461,3,Monthly,2024-11-17,,Active,5,2026-07-25 00:18:29.098150
2462,2462,1,Monthly,2025-01-28,2025-06-20,Expired,15,2026-07-25 00:18:29.098167
2463,2463,1,Monthly,2024-09-14,,Active,0,2026-07-25 00:18:29.098177
2464,2464,1,Monthly,2023-07-20,,Active,15,2026-07-25 00:18:29.098187
2465,2465,4,Monthly,2024-05-02,,Active,15,2026-07-25 00:18:29.098198
2466,2466,1,Monthly,2024-11-30,,Active,10,2026-07-25 00:18:29.098209
2467,2467,1,Monthly,2023-03-08,2024-05-07,Expired,15,2026-07-25 00:18:29.098223
2468,2468,3,Monthly,2025-12-23,,Active,5,2026-07-25 00:18:29.098233
2469,2469,1,Monthly,2023-09-03,,Active,5,2026-07-25 00:18:29.098244
2470,2470,1,Annual,2024-12-19,,Active,10,2026-07-25 00:18:29.098254
2471,2471,2,Annual,2024-12-23,,Active,0,2026-07-25 00:18:29.098265
2472,2472,2,Annual,2023-06-18,,Active,15,2026-07-25 00:18:29.098276
2473,2473,1,Monthly,2024-05-25,,Active,10,2026-07-25 00:18:29.098287
2474,2474,1,Monthly,2025-01-25,,Active,0,2026-07-25 00:18:29.098298
2475,2475,1,Monthly,2023-06-27,,Active,5,2026-07-25 00:18:29.098308
2476,2476,1,Monthly,2024-12-31,,Active,0,2026-07-25 00:18:29.098319
2477,2477,1,Monthly,2025-06-01,,Active,15,2026-07-25 00:18:29.098329
2478,2478,2,Monthly,2023-04-07,2024-09-09,Cancelled,15,2026-07-25 00:18:29.098343
2479,2479,1,Annual,2023-11-28,,Active,10,2026-07-25 00:18:29.098353
2480,2480,3,Monthly,2025-11-28,,Active,15,2026-07-25 00:18:29.098377
2481,2481,2,Monthly,2023-05-10,,Active,5,2026-07-25 00:18:29.098390
2482,2482,1,Monthly,2023-05-07,,Active,15,2026-07-25 00:18:29.098401
2483,2483,2,Monthly,2024-10-14,2025-11-12,Expired,0,2026-07-25 00:18:29.098417
2484,2484,2,Monthly,2023-03-25,,Active,0,2026-07-25 00:18:29.098427
2485,2485,1,Monthly,2024-06-15,,Active,10,2026-07-25 00:18:29.098553
2486,2486,1,Annual,2024-10-13,,Active,5,2026-07-25 00:18:29.098566
2487,2487,3,Monthly,2023-09-07,,Active,10,2026-07-25 00:18:29.098578
2488,2488,3,Monthly,2023-01-16,,Active,15,2026-07-25 00:18:29.098588
2489,2489,1,Monthly,2025-11-03,,Active,5,2026-07-25 00:18:29.098599
2490,2490,1,Monthly,2024-05-06,,Active,5,2026-07-25 00:18:29.098609
2491,2491,1,Monthly,2023-08-18,,Active,0,2026-07-25 00:18:29.098620
2492,2492,1,Monthly,2025-11-12,2026-05-31,Expired,0,2026-07-25 00:18:29.098639
2493,2493,2,Monthly,2024-11-30,,Active,0,2026-07-25 00:18:29.098649
2494,2494,1,Monthly,2025-06-17,,Active,5,2026-07-25 00:18:29.098660
2495,2495,1,Annual,2023-10-19,,Active,5,2026-07-25 00:18:29.098670
2496,2496,1,Annual,2025-07-22,,Active,0,2026-07-25 00:18:29.098679
2497,2497,1,Monthly,2023-10-24,2024-10-25,Cancelled,0,2026-07-25 00:18:29.098693
2498,2498,2,Monthly,2023-01-26,,Active,0,2026-07-25 00:18:29.098704
2499,2499,1,Monthly,2023-07-13,,Active,10,2026-07-25 00:18:29.098729
2500,2500,1,Monthly,2024-06-30,,Active,10,2026-07-25 00:18:29.098740
2501,2501,2,Monthly,2024-06-05,2025-03-02,Cancelled,0,2026-07-25 00:18:29.098759
2502,2502,1,Monthly,2024-10-27,2025-07-07,Cancelled,5,2026-07-25 00:18:29.098773
2503,2503,1,Annual,2025-04-23,,Active,10,2026-07-25 00:18:29.098782
2504,2504,1,Monthly,2025-12-05,,Active,5,2026-07-25 00:18:29.098791
2505,2505,1,Monthly,2023-06-04,2023-09-10,Cancelled,10,2026-07-25 00:18:29.098804
2506,2506,3,Annual,2023-05-20,2023-12-19,Cancelled,0,2026-07-25 00:18:29.098816
2507,2507,3,Monthly,2025-08-27,2026-04-06,Expired,0,2026-07-25 00:18:29.098829
2508,2508,1,Monthly,2023-02-20,,Active,10,2026-07-25 00:18:29.098839
2509,2509,1,Monthly,2024-12-07,,Active,10,2026-07-25 00:18:29.098858
2510,2510,1,Monthly,2023-07-13,,Active,0,2026-07-25 00:18:29.098869
2511,2511,2,Monthly,2024-10-03,,Active,15,2026-07-25 00:18:29.098879
2512,2512,2,Monthly,2024-08-04,,Active,0,2026-07-25 00:18:29.098889
2513,2513,2,Monthly,2025-10-20,,Active,10,2026-07-25 00:18:29.098917
2514,2514,3,Monthly,2024-10-06,,Active,10,2026-07-25 00:18:29.098928
2515,2515,3,Annual,2023-01-25,,Active,5,2026-07-25 00:18:29.098938
2516,2516,2,Monthly,2025-03-17,,Active,5,2026-07-25 00:18:29.098949
2517,2517,1,Monthly,2024-10-30,2025-03-04,Expired,0,2026-07-25 00:18:29.098966
2518,2518,1,Annual,2023-10-27,,Active,15,2026-07-25 00:18:29.098977
2519,2519,1,Monthly,2025-06-16,,Active,5,2026-07-25 00:18:29.099001
2520,2520,1,Monthly,2023-09-27,,Active,0,2026-07-25 00:18:29.099012
2521,2521,2,Monthly,2024-11-10,,Active,5,2026-07-25 00:18:29.099023
2522,2522,2,Annual,2025-02-22,,Active,0,2026-07-25 00:18:29.099033
2523,2523,2,Monthly,2025-09-01,,Active,5,2026-07-25 00:18:29.099043
2524,2524,3,Monthly,2024-05-15,,Active,5,2026-07-25 00:18:29.099053
2525,2525,1,Monthly,2024-11-10,,Active,0,2026-07-25 00:18:29.099063
2526,2526,1,Monthly,2023-08-26,,Active,10,2026-07-25 00:18:29.099073
2527,2527,1,Monthly,2023-05-03,,Active,10,2026-07-25 00:18:29.099084
2528,2528,1,Monthly,2024-12-05,2025-02-04,Expired,10,2026-07-25 00:18:29.099101
2529,2529,1,Monthly,2023-12-11,2025-01-20,Cancelled,10,2026-07-25 00:18:29.099116
2530,2530,1,Annual,2024-08-10,,Active,0,2026-07-25 00:18:29.099128
2531,2531,1,Monthly,2023-08-12,,Active,0,2026-07-25 00:18:29.099139
2532,2532,4,Monthly,2023-06-22,,Active,10,2026-07-25 00:18:29.099149
2533,2533,1,Monthly,2023-08-09,,Active,0,2026-07-25 00:18:29.099158
2534,2534,3,Monthly,2023-05-01,,Active,5,2026-07-25 00:18:29.099169
2535,2535,1,Monthly,2023-11-20,,Active,0,2026-07-25 00:18:29.099179
2536,2536,1,Annual,2024-10-04,2025-12-02,Cancelled,0,2026-07-25 00:18:29.099192
2537,2537,1,Monthly,2023-04-29,,Active,10,2026-07-25 00:18:29.099201
2538,2538,1,Annual,2024-05-02,,Active,0,2026-07-25 00:18:29.099227
2539,2539,2,Monthly,2023-01-16,,Active,15,2026-07-25 00:18:29.099236
2540,2540,1,Annual,2025-07-31,,Active,5,2026-07-25 00:18:29.099245
2541,2541,2,Monthly,2024-06-22,,Active,15,2026-07-25 00:18:29.099256
2542,2542,1,Annual,2023-01-08,,Active,5,2026-07-25 00:18:29.099266
2543,2543,2,Monthly,2023-07-08,,Active,5,2026-07-25 00:18:29.099275
2544,2544,2,Monthly,2023-02-05,,Active,5,2026-07-25 00:18:29.099286
2545,2545,1,Monthly,2023-06-28,,Active,5,2026-07-25 00:18:29.102104
2546,2546,1,Annual,2023-12-08,,Active,5,2026-07-25 00:18:29.102153
2547,2547,4,Monthly,2024-02-20,,Active,0,2026-07-25 00:18:29.102164
2548,2548,3,Monthly,2024-06-25,,Active,10,2026-07-25 00:18:29.102174
2549,2549,2,Monthly,2025-02-09,,Active,10,2026-07-25 00:18:29.102185
2550,2550,3,Monthly,2023-10-27,,Active,5,2026-07-25 00:18:29.102195
2551,2551,1,Monthly,2024-03-12,,Active,10,2026-07-25 00:18:29.102204
2552,2552,1,Monthly,2025-07-01,,Active,0,2026-07-25 00:18:29.102214
2553,2553,2,Annual,2025-01-27,,Active,10,2026-07-25 00:18:29.102224
2554,2554,2,Annual,2024-02-27,2025-08-01,Cancelled,0,2026-07-25 00:18:29.102250
2555,2555,1,Annual,2024-10-28,,Active,15,2026-07-25 00:18:29.102261
2556,2556,1,Monthly,2025-09-09,,Active,15,2026-07-25 00:18:29.102271
2557,2557,1,Monthly,2025-03-05,,Active,5,2026-07-25 00:18:29.102282
2558,2558,1,Monthly,2025-09-29,,Active,10,2026-07-25 00:18:29.102314
2559,2559,1,Annual,2024-05-16,,Active,5,2026-07-25 00:18:29.102325
2560,2560,3,Monthly,2023-04-23,2025-02-06,Expired,15,2026-07-25 00:18:29.102340
2561,2561,1,Monthly,2023-08-14,,Active,10,2026-07-25 00:18:29.102351
2562,2562,1,Monthly,2023-01-17,,Active,0,2026-07-25 00:18:29.102375
2563,2563,3,Monthly,2023-12-28,2025-04-14,Cancelled,0,2026-07-25 00:18:29.102389
2564,2564,3,Annual,2023-12-04,,Active,0,2026-07-25 00:18:29.102400
2565,2565,1,Monthly,2025-08-02,,Active,10,2026-07-25 00:18:29.102425
2566,2566,2,Monthly,2024-11-07,2026-03-10,Expired,15,2026-07-25 00:18:29.102442
2567,2567,1,Monthly,2023-03-19,,Active,10,2026-07-25 00:18:29.102452
2568,2568,1,Monthly,2024-10-16,,Active,15,2026-07-25 00:18:29.102462
2569,2569,3,Monthly,2025-07-23,,Active,10,2026-07-25 00:18:29.102472
2570,2570,1,Monthly,2023-02-03,2025-02-01,Cancelled,10,2026-07-25 00:18:29.102486
2571,2571,2,Monthly,2025-06-13,2026-07-24,Expired,15,2026-07-25 00:18:29.102501
2572,2572,2,Annual,2023-07-23,,Active,10,2026-07-25 00:18:29.102511
2573,2573,1,Monthly,2025-03-30,2027-02-19,Cancelled,15,2026-07-25 00:18:29.102525
2574,2574,1,Monthly,2023-04-18,,Active,5,2026-07-25 00:18:29.102575
2575,2575,1,Monthly,2024-04-12,,Active,10,2026-07-25 00:18:29.102587
2576,2576,3,Monthly,2023-05-04,,Active,15,2026-07-25 00:18:29.102611
2577,2577,3,Monthly,2024-04-08,,Active,10,2026-07-25 00:18:29.102633
2578,2578,3,Annual,2023-07-08,,Active,5,2026-07-25 00:18:29.102643
2579,2579,1,Annual,2023-12-14,2025-12-11,Expired,10,2026-07-25 00:18:29.102659
2580,2580,3,Monthly,2023-06-13,2024-09-23,Expired,15,2026-07-25 00:18:29.102775
2581,2581,3,Annual,2023-12-18,,Active,0,2026-07-25 00:18:29.102788
2582,2582,2,Monthly,2024-07-27,,Active,10,2026-07-25 00:18:29.102799
2583,2583,2,Monthly,2024-02-08,,Active,0,2026-07-25 00:18:29.102809
2584,2584,2,Monthly,2023-04-27,,Active,5,2026-07-25 00:18:29.102819
2585,2585,1,Monthly,2024-08-12,2024-10-03,Cancelled,5,2026-07-25 00:18:29.102835
2586,2586,1,Monthly,2025-06-25,,Active,0,2026-07-25 00:18:29.102845
2587,2587,4,Monthly,2023-08-18,,Active,10,2026-07-25 00:18:29.102856
2588,2588,2,Monthly,2024-11-25,,Active,15,2026-07-25 00:18:29.102867
2589,2589,1,Monthly,2025-10-24,,Active,0,2026-07-25 00:18:29.102877
2590,2590,3,Monthly,2025-01-19,,Active,0,2026-07-25 00:18:29.102887
2591,2591,3,Monthly,2023-05-09,,Active,10,2026-07-25 00:18:29.102898
2592,2592,2,Monthly,2025-10-21,,Active,15,2026-07-25 00:18:29.102908
2593,2593,1,Monthly,2025-02-07,,Active,5,2026-07-25 00:18:29.102918
2594,2594,1,Monthly,2023-12-02,,Active,5,2026-07-25 00:18:29.102928
2595,2595,1,Monthly,2023-06-12,,Active,0,2026-07-25 00:18:29.102938
2596,2596,1,Monthly,2025-03-30,2025-06-16,Cancelled,5,2026-07-25 00:18:29.102953
2597,2597,3,Monthly,2024-12-06,2025-11-09,Cancelled,10,2026-07-25 00:18:29.102979
2598,2598,1,Monthly,2023-12-06,2024-06-30,Cancelled,5,2026-07-25 00:18:29.102994
2599,2599,1,Monthly,2025-08-21,2026-12-19,Expired,0,2026-07-25 00:18:29.103008
2600,2600,1,Annual,2024-10-19,2026-06-08,Cancelled,15,2026-07-25 00:18:29.103023
2601,2601,3,Monthly,2025-10-04,,Active,10,2026-07-25 00:18:29.103035
2602,2602,2,Monthly,2023-06-21,,Active,10,2026-07-25 00:18:29.103046
2603,2603,3,Monthly,2023-10-18,,Active,10,2026-07-25 00:18:29.103056
2604,2604,3,Monthly,2024-12-04,,Active,10,2026-07-25 00:18:29.103067
2605,2605,3,Monthly,2023-05-11,2024-02-10,Cancelled,15,2026-07-25 00:18:29.103082
2606,2606,1,Monthly,2025-02-19,,Active,5,2026-07-25 00:18:29.103092
2607,2607,1,Monthly,2024-02-28,2025-06-03,Cancelled,0,2026-07-25 00:18:29.103105
2608,2608,1,Monthly,2024-10-18,,Active,0,2026-07-25 00:18:29.103116
2609,2609,1,Monthly,2023-10-02,,Active,5,2026-07-25 00:18:29.103126
2610,2610,1,Monthly,2023-06-19,,Active,0,2026-07-25 00:18:29.103137
2611,2611,2,Monthly,2023-06-28,,Active,15,2026-07-25 00:18:29.103148
2612,2612,1,Monthly,2024-02-18,,Active,5,2026-07-25 00:18:29.103158
2613,2613,2,Monthly,2024-03-03,,Active,10,2026-07-25 00:18:29.103168
2614,2614,2,Monthly,2024-09-20,,Active,5,2026-07-25 00:18:29.103178
2615,2615,3,Annual,2025-12-10,2026-05-22,Cancelled,15,2026-07-25 00:18:29.103193
2616,2616,4,Annual,2023-11-13,,Active,0,2026-07-25 00:18:29.103217
2617,2617,3,Monthly,2024-03-23,,Active,0,2026-07-25 00:18:29.103230
2618,2618,1,Annual,2025-08-24,,Active,10,2026-07-25 00:18:29.103241
2619,2619,3,Monthly,2025-12-04,,Active,15,2026-07-25 00:18:29.103252
2620,2620,3,Monthly,2023-04-18,2023-08-14,Expired,10,2026-07-25 00:18:29.103267
2621,2621,1,Monthly,2023-08-09,,Active,10,2026-07-25 00:18:29.103277
2622,2622,1,Monthly,2024-06-02,,Active,15,2026-07-25 00:18:29.103287
2623,2623,1,Monthly,2023-04-30,2024-11-02,Expired,15,2026-07-25 00:18:29.103301
2624,2624,1,Monthly,2025-07-11,,Active,15,2026-07-25 00:18:29.103311
2625,2625,2,Monthly,2025-01-28,,Active,15,2026-07-25 00:18:29.103321
2626,2626,1,Monthly,2023-01-28,,Active,10,2026-07-25 00:18:29.103331
2627,2627,2,Monthly,2025-02-20,,Active,10,2026-07-25 00:18:29.103342
2628,2628,1,Monthly,2023-06-05,,Active,5,2026-07-25 00:18:29.103352
2629,2629,2,Monthly,2025-02-01,,Active,5,2026-07-25 00:18:29.103362
2630,2630,2,Monthly,2024-01-29,,Active,10,2026-07-25 00:18:29.103372
2631,2631,3,Annual,2024-04-12,,Active,5,2026-07-25 00:18:29.103382
2632,2632,2,Annual,2025-07-14,,Active,0,2026-07-25 00:18:29.103393
2633,2633,1,Monthly,2025-09-20,,Active,0,2026-07-25 00:18:29.103403
2634,2634,1,Monthly,2023-12-09,,Active,10,2026-07-25 00:18:29.103413
2635,2635,1,Monthly,2025-06-16,,Active,0,2026-07-25 00:18:29.103424
2636,2636,1,Monthly,2023-05-19,,Active,5,2026-07-25 00:18:29.103446
2637,2637,1,Monthly,2025-09-19,,Active,5,2026-07-25 00:18:29.103457
2638,2638,1,Monthly,2025-11-20,,Active,0,2026-07-25 00:18:29.103468
2639,2639,1,Monthly,2025-03-29,2027-03-17,Cancelled,5,2026-07-25 00:18:29.103501
2640,2640,2,Monthly,2024-06-25,,Active,10,2026-07-25 00:18:29.103514
2641,2641,4,Monthly,2024-03-05,,Active,15,2026-07-25 00:18:29.103525
2642,2642,1,Monthly,2025-12-26,2027-06-17,Expired,0,2026-07-25 00:18:29.103540
2643,2643,1,Monthly,2024-12-07,2026-01-16,Expired,5,2026-07-25 00:18:29.103553
2644,2644,1,Monthly,2023-01-13,,Active,10,2026-07-25 00:18:29.103563
2645,2645,3,Monthly,2025-11-23,2026-11-13,Expired,0,2026-07-25 00:18:29.103577
2646,2646,1,Monthly,2025-08-27,2027-03-19,Expired,10,2026-07-25 00:18:29.103590
2647,2647,2,Monthly,2024-04-02,,Active,10,2026-07-25 00:18:29.103620
2648,2648,1,Monthly,2024-03-15,,Active,10,2026-07-25 00:18:29.103632
2649,2649,2,Annual,2024-07-01,,Active,5,2026-07-25 00:18:29.103651
2650,2650,4,Monthly,2024-03-16,,Active,10,2026-07-25 00:18:29.103661
2651,2651,3,Monthly,2023-05-14,2023-10-04,Cancelled,10,2026-07-25 00:18:29.103676
2652,2652,2,Monthly,2025-06-28,,Active,0,2026-07-25 00:18:29.103686
2653,2653,2,Monthly,2025-01-05,,Active,0,2026-07-25 00:18:29.103697
2654,2654,1,Monthly,2024-08-23,,Active,0,2026-07-25 00:18:29.103706
2655,2655,4,Annual,2024-02-10,2024-05-16,Expired,15,2026-07-25 00:18:29.103730
2656,2656,1,Monthly,2024-11-08,,Active,5,2026-07-25 00:18:29.103740
2657,2657,1,Monthly,2023-11-06,,Active,10,2026-07-25 00:18:29.103750
2658,2658,2,Monthly,2024-04-12,,Active,0,2026-07-25 00:18:29.103761
2659,2659,3,Monthly,2025-09-03,,Active,0,2026-07-25 00:18:29.103775
2660,2660,1,Annual,2024-11-09,,Active,10,2026-07-25 00:18:29.103786
2661,2661,1,Monthly,2025-12-14,,Active,0,2026-07-25 00:18:29.103796
2662,2662,1,Annual,2024-07-09,,Active,10,2026-07-25 00:18:29.103808
2663,2663,1,Monthly,2024-09-29,2025-01-01,Cancelled,0,2026-07-25 00:18:29.103823
2664,2664,1,Monthly,2024-10-15,,Active,15,2026-07-25 00:18:29.103832
2665,2665,1,Monthly,2024-04-14,,Active,0,2026-07-25 00:18:29.103843
2666,2666,2,Monthly,2023-07-17,2024-10-06,Cancelled,10,2026-07-25 00:18:29.103856
2667,2667,2,Monthly,2024-09-01,,Active,15,2026-07-25 00:18:29.103867
2668,2668,1,Monthly,2024-12-19,,Active,10,2026-07-25 00:18:29.103877
2669,2669,1,Annual,2025-10-06,,Active,0,2026-07-25 00:18:29.103887
2670,2670,1,Monthly,2024-03-27,2025-12-29,Expired,5,2026-07-25 00:18:29.103901
2671,2671,1,Monthly,2025-06-27,,Active,0,2026-07-25 00:18:29.103912
2672,2672,1,Annual,2025-03-12,2026-05-07,Expired,15,2026-07-25 00:18:29.103927
2673,2673,2,Monthly,2023-07-31,,Active,5,2026-07-25 00:18:29.103938
2674,2674,1,Annual,2023-08-29,,Active,0,2026-07-25 00:18:29.103949
2675,2675,1,Annual,2023-01-11,,Active,5,2026-07-25 00:18:29.103972
2676,2676,1,Annual,2023-04-15,,Active,10,2026-07-25 00:18:29.103983
2677,2677,3,Monthly,2025-03-18,,Active,15,2026-07-25 00:18:29.103993
2678,2678,3,Monthly,2025-01-05,,Active,5,2026-07-25 00:18:29.104004
2679,2679,1,Monthly,2024-08-29,,Active,0,2026-07-25 00:18:29.104015
2680,2680,2,Monthly,2024-09-20,,Active,5,2026-07-25 00:18:29.104026
2681,2681,2,Annual,2025-04-29,,Active,10,2026-07-25 00:18:29.104036
2682,2682,1,Monthly,2025-10-19,,Active,15,2026-07-25 00:18:29.104047
2683,2683,1,Monthly,2023-08-09,,Active,0,2026-07-25 00:18:29.104059
2684,2684,4,Annual,2025-04-29,,Active,10,2026-07-25 00:18:29.104072
2685,2685,2,Monthly,2024-03-25,,Active,10,2026-07-25 00:18:29.104082
2686,2686,3,Annual,2024-03-03,,Active,5,2026-07-25 00:18:29.104092
2687,2687,2,Monthly,2024-12-21,,Active,0,2026-07-25 00:18:29.104105
2688,2688,1,Monthly,2024-03-16,2026-02-01,Expired,5,2026-07-25 00:18:29.104126
2689,2689,3,Monthly,2025-06-20,2026-09-02,Expired,15,2026-07-25 00:18:29.104139
2690,2690,1,Monthly,2025-10-17,,Active,5,2026-07-25 00:18:29.104150
2691,2691,1,Monthly,2023-08-05,,Active,10,2026-07-25 00:18:29.104160
2692,2692,3,Annual,2023-01-15,,Active,15,2026-07-25 00:18:29.104171
2693,2693,2,Monthly,2023-11-24,,Active,0,2026-07-25 00:18:29.104181
2694,2694,1,Monthly,2025-03-07,,Active,10,2026-07-25 00:18:29.104203
2695,2695,1,Monthly,2024-06-30,2025-04-21,Expired,0,2026-07-25 00:18:29.104218
2696,2696,3,Annual,2023-08-06,,Active,15,2026-07-25 00:18:29.104228
2697,2697,3,Monthly,2024-09-03,,Active,15,2026-07-25 00:18:29.104239
2698,2698,2,Monthly,2025-01-21,,Active,5,2026-07-25 00:18:29.104249
2699,2699,1,Annual,2023-10-08,,Active,15,2026-07-25 00:18:29.104260
2700,2700,2,Annual,2024-02-07,2024-07-27,Cancelled,0,2026-07-25 00:18:29.104273
2701,2701,3,Monthly,2025-06-21,2026-02-04,Expired,0,2026-07-25 00:18:29.104288
2702,2702,3,Monthly,2023-04-15,,Active,15,2026-07-25 00:18:29.104298
2703,2703,3,Monthly,2023-09-05,,Active,0,2026-07-25 00:18:29.104309
2704,2704,1,Monthly,2025-02-14,,Active,10,2026-07-25 00:18:29.104329
2705,2705,3,Monthly,2024-01-03,,Active,10,2026-07-25 00:18:29.104339
2706,2706,2,Annual,2024-08-19,,Active,10,2026-07-25 00:18:29.104351
2707,2707,1,Monthly,2024-01-25,,Active,10,2026-07-25 00:18:29.104361
2708,2708,1,Monthly,2023-04-24,,Active,10,2026-07-25 00:18:29.104370
2709,2709,1,Monthly,2023-02-15,,Active,10,2026-07-25 00:18:29.104381
2710,2710,3,Monthly,2024-11-29,2026-02-20,Expired,0,2026-07-25 00:18:29.104397
2711,2711,3,Monthly,2025-05-14,,Active,15,2026-07-25 00:18:29.104408
2712,2712,1,Monthly,2024-11-10,,Active,15,2026-07-25 00:18:29.104418
2713,2713,3,Monthly,2025-04-01,,Active,10,2026-07-25 00:18:29.104427
2714,2714,1,Monthly,2025-09-04,,Active,5,2026-07-25 00:18:29.104448
2715,2715,1,Monthly,2023-01-09,,Active,5,2026-07-25 00:18:29.104457
2716,2716,3,Annual,2023-04-22,,Active,0,2026-07-25 00:18:29.104466
2717,2717,2,Monthly,2025-09-24,,Active,5,2026-07-25 00:18:29.104475
2718,2718,1,Annual,2025-01-05,,Active,10,2026-07-25 00:18:29.104484
2719,2719,1,Monthly,2023-08-03,,Active,15,2026-07-25 00:18:29.104493
2720,2720,1,Monthly,2024-08-07,,Active,0,2026-07-25 00:18:29.104502
2721,2721,2,Monthly,2025-03-14,,Active,5,2026-07-25 00:18:29.104511
2722,2722,1,Monthly,2023-03-21,,Active,10,2026-07-25 00:18:29.104520
2723,2723,3,Monthly,2024-03-26,,Active,5,2026-07-25 00:18:29.104529
2724,2724,1,Annual,2023-09-03,,Active,10,2026-07-25 00:18:29.104538
2725,2725,3,Monthly,2025-03-15,,Active,5,2026-07-25 00:18:29.104548
2726,2726,3,Monthly,2025-12-19,,Active,15,2026-07-25 00:18:29.104558
2727,2727,4,Monthly,2025-10-11,,Active,10,2026-07-25 00:18:29.104568
2728,2728,4,Annual,2024-02-10,,Active,5,2026-07-25 00:18:29.104577
2729,2729,1,Monthly,2023-08-05,,Active,0,2026-07-25 00:18:29.104586
2730,2730,2,Monthly,2024-05-27,,Active,10,2026-07-25 00:18:29.104595
2731,2731,1,Monthly,2025-05-25,,Active,10,2026-07-25 00:18:29.104604
2732,2732,1,Monthly,2023-04-20,,Active,10,2026-07-25 00:18:29.104613
2733,2733,3,Monthly,2023-05-06,,Active,15,2026-07-25 00:18:29.104633
2734,2734,1,Annual,2023-06-11,,Active,0,2026-07-25 00:18:29.104650
2735,2735,2,Monthly,2025-10-07,,Active,5,2026-07-25 00:18:29.104660
2736,2736,1,Monthly,2023-12-20,,Active,0,2026-07-25 00:18:29.104669
2737,2737,1,Monthly,2023-11-01,,Active,5,2026-07-25 00:18:29.104678
2738,2738,1,Monthly,2023-01-29,,Active,10,2026-07-25 00:18:29.104687
2739,2739,2,Monthly,2023-07-14,,Active,5,2026-07-25 00:18:29.104696
2740,2740,1,Monthly,2023-06-29,,Active,10,2026-07-25 00:18:29.104705
2741,2741,1,Annual,2024-07-25,,Active,0,2026-07-25 00:18:29.104715
2742,2742,1,Monthly,2023-03-31,,Active,10,2026-07-25 00:18:29.104724
2743,2743,2,Annual,2023-01-16,,Active,5,2026-07-25 00:18:29.104733
2744,2744,1,Monthly,2025-06-01,,Active,15,2026-07-25 00:18:29.104742
2745,2745,1,Monthly,2024-01-24,,Active,10,2026-07-25 00:18:29.104751
2746,2746,1,Annual,2024-11-12,,Active,10,2026-07-25 00:18:29.104760
2747,2747,1,Monthly,2024-06-27,,Active,15,2026-07-25 00:18:29.104769
2748,2748,1,Monthly,2025-07-30,,Active,15,2026-07-25 00:18:29.104778
2749,2749,2,Monthly,2023-04-30,,Active,10,2026-07-25 00:18:29.104787
2750,2750,2,Monthly,2023-11-16,,Active,10,2026-07-25 00:18:29.104797
2751,2751,2,Monthly,2023-12-09,,Active,5,2026-07-25 00:18:29.104806
2752,2752,2,Monthly,2025-05-06,2026-05-28,Cancelled,5,2026-07-25 00:18:29.104820
2753,2753,3,Monthly,2024-02-20,,Active,0,2026-07-25 00:18:29.104839
2754,2754,3,Monthly,2023-03-25,2024-03-17,Expired,5,2026-07-25 00:18:29.104852
2755,2755,2,Monthly,2025-08-24,2027-08-13,Cancelled,10,2026-07-25 00:18:29.104864
2756,2756,3,Monthly,2023-08-02,,Active,5,2026-07-25 00:18:29.104873
2757,2757,1,Monthly,2024-08-01,,Active,10,2026-07-25 00:18:29.104882
2758,2758,1,Monthly,2025-12-20,,Active,15,2026-07-25 00:18:29.104891
2759,2759,1,Monthly,2023-06-27,,Active,0,2026-07-25 00:18:29.104900
2760,2760,3,Monthly,2024-02-24,2024-06-17,Cancelled,0,2026-07-25 00:18:29.104912
2761,2761,2,Monthly,2023-05-12,,Active,10,2026-07-25 00:18:29.104921
2762,2762,1,Monthly,2024-08-19,,Active,10,2026-07-25 00:18:29.104930
2763,2763,1,Monthly,2024-11-20,,Active,10,2026-07-25 00:18:29.104939
2764,2764,1,Annual,2023-10-14,,Active,5,2026-07-25 00:18:29.104948
2765,2765,1,Monthly,2025-04-21,,Active,10,2026-07-25 00:18:29.104957
2766,2766,2,Monthly,2024-06-06,,Active,15,2026-07-25 00:18:29.104966
2767,2767,1,Monthly,2023-02-12,,Active,0,2026-07-25 00:18:29.104975
2768,2768,1,Monthly,2024-10-26,,Active,10,2026-07-25 00:18:29.105008
2769,2769,2,Monthly,2025-05-09,,Active,10,2026-07-25 00:18:29.105018
2770,2770,1,Monthly,2024-03-22,,Active,15,2026-07-25 00:18:29.105027
2771,2771,1,Monthly,2025-03-17,2026-11-14,Cancelled,5,2026-07-25 00:18:29.105040
2772,2772,2,Monthly,2024-01-06,2024-11-03,Cancelled,0,2026-07-25 00:18:29.105062
2773,2773,1,Monthly,2025-11-26,2026-08-29,Expired,0,2026-07-25 00:18:29.105074
2774,2774,1,Monthly,2025-04-23,,Active,0,2026-07-25 00:18:29.105083
2775,2775,4,Monthly,2025-08-14,,Active,10,2026-07-25 00:18:29.105092
2776,2776,2,Annual,2025-10-11,,Active,10,2026-07-25 00:18:29.105101
2777,2777,2,Monthly,2024-02-15,,Active,10,2026-07-25 00:18:29.105110
2778,2778,2,Monthly,2024-11-14,,Active,10,2026-07-25 00:18:29.105119
2779,2779,1,Monthly,2025-01-15,,Active,0,2026-07-25 00:18:29.105128
2780,2780,1,Annual,2023-05-04,,Active,15,2026-07-25 00:18:29.105138
2781,2781,1,Monthly,2023-04-10,,Active,10,2026-07-25 00:18:29.105147
2782,2782,1,Monthly,2024-03-04,,Active,5,2026-07-25 00:18:29.105156
2783,2783,3,Annual,2025-09-06,,Active,10,2026-07-25 00:18:29.105164
2784,2784,2,Monthly,2025-10-16,2027-10-06,Cancelled,10,2026-07-25 00:18:29.105177
2785,2785,1,Annual,2023-03-01,,Active,10,2026-07-25 00:18:29.105186
2786,2786,3,Monthly,2025-06-19,,Active,0,2026-07-25 00:18:29.105195
2787,2787,1,Monthly,2023-04-05,2024-10-29,Cancelled,10,2026-07-25 00:18:29.105206
2788,2788,2,Monthly,2024-07-02,,Active,5,2026-07-25 00:18:29.105216
2789,2789,1,Monthly,2023-05-01,,Active,10,2026-07-25 00:18:29.105225
2790,2790,1,Monthly,2024-05-21,,Active,10,2026-07-25 00:18:29.105234
2791,2791,1,Annual,2025-09-24,,Active,0,2026-07-25 00:18:29.105243
2792,2792,1,Monthly,2024-05-22,2026-05-07,Expired,5,2026-07-25 00:18:29.105266
2793,2793,4,Monthly,2025-10-09,,Active,10,2026-07-25 00:18:29.105275
2794,2794,2,Monthly,2025-08-24,2027-03-07,Expired,15,2026-07-25 00:18:29.105287
2795,2795,3,Monthly,2024-03-27,,Active,0,2026-07-25 00:18:29.105296
2796,2796,1,Monthly,2023-06-15,,Active,15,2026-07-25 00:18:29.105305
2797,2797,1,Monthly,2025-02-28,,Active,0,2026-07-25 00:18:29.105314
2798,2798,2,Monthly,2025-06-24,,Active,0,2026-07-25 00:18:29.105323
2799,2799,3,Monthly,2024-08-15,,Active,10,2026-07-25 00:18:29.105332
2800,2800,2,Monthly,2023-12-15,,Active,5,2026-07-25 00:18:29.105341
2801,2801,3,Monthly,2024-10-11,,Active,15,2026-07-25 00:18:29.105350
2802,2802,3,Monthly,2023-03-21,,Active,10,2026-07-25 00:18:29.105358
2803,2803,2,Monthly,2024-02-23,,Active,15,2026-07-25 00:18:29.105368
2804,2804,1,Monthly,2024-01-15,,Active,5,2026-07-25 00:18:29.105377
2805,2805,2,Monthly,2024-07-16,,Active,10,2026-07-25 00:18:29.105386
2806,2806,2,Monthly,2023-06-29,,Active,0,2026-07-25 00:18:29.105395
2807,2807,1,Monthly,2024-07-16,,Active,10,2026-07-25 00:18:29.105404
2808,2808,2,Annual,2023-04-29,2024-01-20,Expired,0,2026-07-25 00:18:29.105416
2809,2809,2,Monthly,2024-11-28,,Active,5,2026-07-25 00:18:29.105425
2810,2810,1,Annual,2023-07-14,,Active,5,2026-07-25 00:18:29.105435
2811,2811,1,Monthly,2025-10-31,,Active,15,2026-07-25 00:18:29.105453
2812,2812,1,Monthly,2024-06-14,,Active,15,2026-07-25 00:18:29.105463
2813,2813,2,Monthly,2025-02-23,,Active,0,2026-07-25 00:18:29.105472
2814,2814,4,Annual,2023-11-04,,Active,5,2026-07-25 00:18:29.105481
2815,2815,2,Monthly,2023-09-17,2025-08-30,Cancelled,0,2026-07-25 00:18:29.105494
2816,2816,3,Monthly,2024-12-30,,Active,10,2026-07-25 00:18:29.105503
2817,2817,2,Monthly,2023-02-07,,Active,5,2026-07-25 00:18:29.105512
2818,2818,1,Monthly,2025-04-02,,Active,10,2026-07-25 00:18:29.105521
2819,2819,1,Monthly,2024-09-16,2025-12-15,Expired,15,2026-07-25 00:18:29.105543
2820,2820,3,Monthly,2024-06-06,2024-09-13,Expired,15,2026-07-25 00:18:29.105556
2821,2821,1,Monthly,2023-04-25,,Active,5,2026-07-25 00:18:29.105565
2822,2822,2,Monthly,2025-09-06,2026-03-25,Expired,5,2026-07-25 00:18:29.105577
2823,2823,1,Monthly,2025-01-11,,Active,0,2026-07-25 00:18:29.105586
2824,2824,2,Monthly,2025-03-02,,Active,5,2026-07-25 00:18:29.105597
2825,2825,3,Annual,2025-07-11,,Active,15,2026-07-25 00:18:29.105629
2826,2826,4,Monthly,2024-11-12,,Active,10,2026-07-25 00:18:29.105643
2827,2827,2,Annual,2024-03-09,,Active,5,2026-07-25 00:18:29.105661
2828,2828,1,Monthly,2024-06-13,,Active,10,2026-07-25 00:18:29.105673
2829,2829,3,Monthly,2025-06-19,,Active,10,2026-07-25 00:18:29.105683
2830,2830,1,Monthly,2024-05-09,,Active,0,2026-07-25 00:18:29.105692
2831,2831,2,Monthly,2023-11-24,,Active,0,2026-07-25 00:18:29.105727
2832,2832,2,Annual,2025-08-14,,Active,15,2026-07-25 00:18:29.105739
2833,2833,1,Monthly,2023-07-04,,Active,10,2026-07-25 00:18:29.105750
2834,2834,3,Monthly,2023-09-21,2024-07-13,Expired,5,2026-07-25 00:18:29.105767
2835,2835,1,Monthly,2025-07-30,2026-05-23,Expired,5,2026-07-25 00:18:29.105781
2836,2836,1,Annual,2024-03-08,,Active,0,2026-07-25 00:18:29.105791
2837,2837,1,Monthly,2025-03-01,,Active,15,2026-07-25 00:18:29.105802
2838,2838,1,Monthly,2025-04-18,,Active,15,2026-07-25 00:18:29.105813
2839,2839,3,Monthly,2023-02-10,,Active,0,2026-07-25 00:18:29.105824
2840,2840,4,Monthly,2025-06-06,,Active,0,2026-07-25 00:18:29.105835
2841,2841,4,Monthly,2024-12-06,,Active,5,2026-07-25 00:18:29.105844
2842,2842,2,Monthly,2023-07-06,,Active,15,2026-07-25 00:18:29.105855
2843,2843,2,Monthly,2023-05-15,,Active,0,2026-07-25 00:18:29.105866
2844,2844,1,Monthly,2025-11-04,,Active,15,2026-07-25 00:18:29.105876
2845,2845,2,Monthly,2023-12-12,,Active,15,2026-07-25 00:18:29.105888
2846,2846,3,Monthly,2024-12-05,,Active,5,2026-07-25 00:18:29.105900
2847,2847,1,Monthly,2025-12-04,,Active,15,2026-07-25 00:18:29.105911
2848,2848,1,Monthly,2023-06-06,,Active,0,2026-07-25 00:18:29.105922
2849,2849,1,Annual,2025-10-24,,Active,5,2026-07-25 00:18:29.105933
2850,2850,2,Monthly,2023-08-01,,Active,10,2026-07-25 00:18:29.105962
2851,2851,2,Annual,2024-02-17,,Active,15,2026-07-25 00:18:29.105975
2852,2852,2,Monthly,2025-02-10,,Active,0,2026-07-25 00:18:29.105988
2853,2853,2,Monthly,2023-05-18,,Active,0,2026-07-25 00:18:29.105998
2854,2854,2,Monthly,2023-04-15,,Active,0,2026-07-25 00:18:29.106010
2855,2855,1,Monthly,2023-10-04,2024-03-27,Expired,15,2026-07-25 00:18:29.106028
2856,2856,4,Monthly,2025-08-10,,Active,10,2026-07-25 00:18:29.106038
2857,2857,3,Monthly,2024-06-25,,Active,15,2026-07-25 00:18:29.106049
2858,2858,2,Monthly,2024-04-11,,Active,5,2026-07-25 00:18:29.106061
2859,2859,1,Monthly,2025-01-23,,Active,15,2026-07-25 00:18:29.106070
2860,2860,2,Monthly,2024-07-08,2024-09-01,Expired,15,2026-07-25 00:18:29.106086
2861,2861,1,Monthly,2024-03-22,,Active,5,2026-07-25 00:18:29.106096
2862,2862,1,Monthly,2025-10-26,2027-06-06,Expired,10,2026-07-25 00:18:29.106175
2863,2863,1,Monthly,2024-05-10,2026-03-25,Cancelled,15,2026-07-25 00:18:29.106193
2864,2864,1,Annual,2025-01-21,,Active,0,2026-07-25 00:18:29.106204
2865,2865,1,Monthly,2023-02-14,,Active,5,2026-07-25 00:18:29.106216
2866,2866,2,Monthly,2024-09-27,,Active,5,2026-07-25 00:18:29.106293
2867,2867,2,Annual,2024-02-11,,Active,0,2026-07-25 00:18:29.106308
2868,2868,1,Monthly,2024-09-11,,Active,10,2026-07-25 00:18:29.106318
2869,2869,1,Monthly,2023-12-07,2025-08-24,Expired,0,2026-07-25 00:18:29.106336
2870,2870,3,Monthly,2024-11-26,,Active,15,2026-07-25 00:18:29.106365
2871,2871,1,Annual,2025-04-12,2025-08-03,Expired,0,2026-07-25 00:18:29.106381
2872,2872,1,Monthly,2025-08-10,,Active,0,2026-07-25 00:18:29.106416
2873,2873,3,Monthly,2023-02-02,,Active,15,2026-07-25 00:18:29.106435
2874,2874,1,Monthly,2024-07-01,,Active,5,2026-07-25 00:18:29.106446
2875,2875,2,Monthly,2025-04-11,,Active,5,2026-07-25 00:18:29.106457
2876,2876,1,Monthly,2024-09-06,,Active,15,2026-07-25 00:18:29.106466
2877,2877,2,Monthly,2024-05-29,,Active,15,2026-07-25 00:18:29.106477
2878,2878,3,Monthly,2023-01-22,,Active,10,2026-07-25 00:18:29.106487
2879,2879,1,Monthly,2023-06-09,2025-03-01,Expired,15,2026-07-25 00:18:29.106505
2880,2880,2,Monthly,2024-04-13,,Active,0,2026-07-25 00:18:29.106852
2881,2881,2,Monthly,2024-01-20,,Active,5,2026-07-25 00:18:29.106874
2882,2882,1,Monthly,2024-08-09,,Active,15,2026-07-25 00:18:29.106885
2883,2883,1,Monthly,2023-05-12,,Active,10,2026-07-25 00:18:29.106895
2884,2884,4,Monthly,2025-12-28,,Active,10,2026-07-25 00:18:29.106906
2885,2885,1,Monthly,2025-07-28,2025-10-10,Cancelled,15,2026-07-25 00:18:29.106944
2886,2886,2,Monthly,2024-08-30,,Active,0,2026-07-25 00:18:29.106971
2887,2887,4,Annual,2024-05-17,,Active,10,2026-07-25 00:18:29.106983
2888,2888,1,Monthly,2024-03-01,,Active,10,2026-07-25 00:18:29.106996
2889,2889,3,Monthly,2025-10-16,,Active,15,2026-07-25 00:18:29.107025
2890,2890,1,Monthly,2024-09-23,,Active,15,2026-07-25 00:18:29.107037
2891,2891,4,Monthly,2025-02-25,,Active,15,2026-07-25 00:18:29.107049
2892,2892,1,Monthly,2024-09-03,,Active,10,2026-07-25 00:18:29.107060
2893,2893,1,Monthly,2024-12-03,,Active,5,2026-07-25 00:18:29.107073
2894,2894,1,Monthly,2024-09-09,,Active,10,2026-07-25 00:18:29.107084
2895,2895,1,Monthly,2025-05-24,2025-07-18,Expired,0,2026-07-25 00:18:29.107115
2896,2896,2,Monthly,2023-08-12,,Active,10,2026-07-25 00:18:29.107128
2897,2897,2,Monthly,2025-01-30,,Active,5,2026-07-25 00:18:29.107141
2898,2898,3,Monthly,2025-01-05,2026-03-28,Expired,5,2026-07-25 00:18:29.107159
2899,2899,3,Monthly,2025-02-05,,Active,15,2026-07-25 00:18:29.107170
2900,2900,3,Monthly,2023-08-22,2024-12-13,Cancelled,15,2026-07-25 00:18:29.107185
2901,2901,1,Monthly,2025-07-19,,Active,15,2026-07-25 00:18:29.107197
2902,2902,1,Monthly,2023-11-22,,Active,5,2026-07-25 00:18:29.107207
2903,2903,3,Annual,2025-10-09,,Active,0,2026-07-25 00:18:29.107218
2904,2904,2,Annual,2025-01-20,,Active,5,2026-07-25 00:18:29.107230
2905,2905,4,Monthly,2023-06-13,,Active,15,2026-07-25 00:18:29.107257
2906,2906,1,Monthly,2023-01-22,,Active,5,2026-07-25 00:18:29.107268
2907,2907,1,Monthly,2023-09-16,,Active,5,2026-07-25 00:18:29.107279
2908,2908,1,Monthly,2023-03-02,,Active,5,2026-07-25 00:18:29.107290
2909,2909,1,Monthly,2025-03-25,,Active,0,2026-07-25 00:18:29.107315
2910,2910,3,Monthly,2024-10-11,2025-12-01,Expired,10,2026-07-25 00:18:29.107332
2911,2911,2,Monthly,2024-04-02,,Active,10,2026-07-25 00:18:29.107345
2912,2912,2,Monthly,2025-08-13,,Active,15,2026-07-25 00:18:29.107387
2913,2913,1,Monthly,2024-03-26,,Active,5,2026-07-25 00:18:29.107402
2914,2914,1,Monthly,2024-07-30,,Active,0,2026-07-25 00:18:29.107413
2915,2915,1,Annual,2024-05-27,,Active,10,2026-07-25 00:18:29.107424
2916,2916,1,Monthly,2025-03-25,2026-04-03,Cancelled,15,2026-07-25 00:18:29.107444
2917,2917,2,Monthly,2023-08-22,,Active,0,2026-07-25 00:18:29.107457
2918,2918,1,Annual,2024-04-29,,Active,5,2026-07-25 00:18:29.107469
2919,2919,1,Monthly,2024-05-29,,Active,15,2026-07-25 00:18:29.107480
2920,2920,1,Monthly,2025-07-12,2025-12-24,Expired,0,2026-07-25 00:18:29.107495
2921,2921,1,Monthly,2025-05-18,2026-08-25,Cancelled,15,2026-07-25 00:18:29.107510
2922,2922,1,Monthly,2023-10-27,,Active,5,2026-07-25 00:18:29.107520
2923,2923,2,Monthly,2024-10-24,2025-05-14,Expired,0,2026-07-25 00:18:29.107535
2924,2924,3,Annual,2024-01-31,,Active,10,2026-07-25 00:18:29.107546
2925,2925,2,Annual,2023-08-25,2024-04-24,Expired,5,2026-07-25 00:18:29.107562
2926,2926,1,Monthly,2023-10-05,,Active,15,2026-07-25 00:18:29.107573
2927,2927,1,Monthly,2025-03-22,2026-09-11,Cancelled,0,2026-07-25 00:18:29.107588
2928,2928,1,Monthly,2025-07-08,,Active,10,2026-07-25 00:18:29.107641
2929,2929,2,Annual,2025-11-04,,Active,15,2026-07-25 00:18:29.107654
2930,2930,3,Monthly,2023-12-27,,Active,0,2026-07-25 00:18:29.107666
2931,2931,1,Monthly,2023-08-16,,Active,0,2026-07-25 00:18:29.107677
2932,2932,1,Monthly,2024-05-17,,Active,0,2026-07-25 00:18:29.107687
2933,2933,1,Monthly,2023-08-01,,Active,0,2026-07-25 00:18:29.107736
2934,2934,1,Monthly,2024-04-15,,Active,0,2026-07-25 00:18:29.107757
2935,2935,1,Monthly,2024-08-21,2025-09-24,Cancelled,10,2026-07-25 00:18:29.107775
2936,2936,1,Monthly,2025-04-04,,Active,5,2026-07-25 00:18:29.107785
2937,2937,2,Monthly,2023-09-16,,Active,10,2026-07-25 00:18:29.107796
2938,2938,1,Monthly,2025-05-20,,Active,0,2026-07-25 00:18:29.107806
2939,2939,2,Monthly,2025-11-30,,Active,15,2026-07-25 00:18:29.107817
2940,2940,1,Monthly,2025-10-09,,Active,15,2026-07-25 00:18:29.107828
2941,2941,1,Monthly,2024-12-25,,Active,10,2026-07-25 00:18:29.107838
2942,2942,2,Monthly,2023-10-24,2024-06-03,Expired,10,2026-07-25 00:18:29.107855
2943,2943,1,Annual,2023-01-17,,Active,5,2026-07-25 00:18:29.107866
2944,2944,1,Monthly,2023-10-30,,Active,0,2026-07-25 00:18:29.107877
2945,2945,2,Monthly,2023-05-27,2024-06-03,Cancelled,5,2026-07-25 00:18:29.107892
2946,2946,1,Monthly,2023-01-21,,Active,10,2026-07-25 00:18:29.107946
2947,2947,1,Monthly,2024-09-10,,Active,0,2026-07-25 00:18:29.107984
2948,2948,1,Monthly,2024-01-29,,Active,15,2026-07-25 00:18:29.108082
2949,2949,1,Monthly,2023-02-17,2024-07-25,Expired,0,2026-07-25 00:18:29.108107
2950,2950,2,Monthly,2025-01-31,,Active,0,2026-07-25 00:18:29.108118
2951,2951,1,Monthly,2025-04-27,,Active,10,2026-07-25 00:18:29.108129
2952,2952,1,Monthly,2025-08-10,,Active,15,2026-07-25 00:18:29.108140
2953,2953,3,Monthly,2023-07-24,2025-04-03,Cancelled,5,2026-07-25 00:18:29.108154
2954,2954,2,Monthly,2023-03-29,,Active,0,2026-07-25 00:18:29.108164
2955,2955,1,Annual,2023-06-01,2025-04-07,Expired,10,2026-07-25 00:18:29.108178
2956,2956,3,Annual,2023-01-26,,Active,15,2026-07-25 00:18:29.108188
2957,2957,1,Annual,2024-05-06,,Active,15,2026-07-25 00:18:29.108198
2958,2958,1,Monthly,2024-07-22,2025-06-26,Expired,0,2026-07-25 00:18:29.108230
2959,2959,4,Monthly,2025-11-03,2026-06-08,Expired,15,2026-07-25 00:18:29.108420
2960,2960,3,Monthly,2023-08-18,,Active,5,2026-07-25 00:18:29.108435
2961,2961,1,Annual,2025-08-03,,Active,5,2026-07-25 00:18:29.108445
2962,2962,2,Monthly,2023-09-26,,Active,15,2026-07-25 00:18:29.108455
2963,2963,2,Annual,2024-03-01,,Active,15,2026-07-25 00:18:29.108465
2964,2964,2,Monthly,2025-12-17,,Active,10,2026-07-25 00:18:29.108474
2965,2965,1,Monthly,2023-05-17,,Active,10,2026-07-25 00:18:29.108484
2966,2966,3,Monthly,2023-05-15,,Active,15,2026-07-25 00:18:29.108594
2967,2967,1,Monthly,2023-02-01,2024-03-22,Expired,0,2026-07-25 00:18:29.108633
2968,2968,1,Monthly,2025-09-18,,Active,10,2026-07-25 00:18:29.108644
2969,2969,1,Monthly,2024-01-19,,Active,0,2026-07-25 00:18:29.108655
2970,2970,3,Monthly,2023-10-24,,Active,5,2026-07-25 00:18:29.108666
2971,2971,1,Monthly,2024-03-21,,Active,10,2026-07-25 00:18:29.108678
2972,2972,1,Annual,2024-05-05,,Active,0,2026-07-25 00:18:29.108688
2973,2973,2,Monthly,2023-11-06,,Active,0,2026-07-25 00:18:29.108700
2974,2974,2,Monthly,2025-12-19,,Active,5,2026-07-25 00:18:29.108711
2975,2975,1,Annual,2025-06-17,,Active,15,2026-07-25 00:18:29.108722
2976,2976,1,Monthly,2024-11-29,,Active,5,2026-07-25 00:18:29.108733
2977,2977,1,Monthly,2025-06-28,,Active,0,2026-07-25 00:18:29.108743
2978,2978,1,Monthly,2025-12-26,,Active,0,2026-07-25 00:18:29.108755
2979,2979,2,Annual,2024-03-24,,Active,0,2026-07-25 00:18:29.108766
2980,2980,3,Monthly,2025-05-06,,Active,5,2026-07-25 00:18:29.108777
2981,2981,1,Monthly,2024-02-06,,Active,5,2026-07-25 00:18:29.108788
2982,2982,3,Annual,2023-06-29,,Active,10,2026-07-25 00:18:29.108798
2983,2983,1,Monthly,2025-06-30,2026-10-04,Cancelled,0,2026-07-25 00:18:29.108816
2984,2984,3,Monthly,2025-07-03,,Active,5,2026-07-25 00:18:29.108827
2985,2985,3,Monthly,2025-09-04,,Active,10,2026-07-25 00:18:29.108838
2986,2986,2,Monthly,2024-10-16,2025-08-21,Expired,10,2026-07-25 00:18:29.108853
2987,2987,1,Monthly,2023-06-05,,Active,10,2026-07-25 00:18:29.108882
2988,2988,2,Annual,2023-09-10,,Active,15,2026-07-25 00:18:29.108893
2989,2989,2,Monthly,2024-11-12,,Active,10,2026-07-25 00:18:29.108913
2990,2990,1,Monthly,2024-09-12,,Active,5,2026-07-25 00:18:29.108924
2991,2991,1,Monthly,2024-08-02,2025-07-06,Cancelled,5,2026-07-25 00:18:29.108939
2992,2992,1,Monthly,2023-12-30,,Active,5,2026-07-25 00:18:29.108949
2993,2993,2,Monthly,2025-06-16,,Active,0,2026-07-25 00:18:29.108960
2994,2994,1,Monthly,2023-09-16,2024-12-05,Cancelled,10,2026-07-25 00:18:29.108974
2995,2995,1,Monthly,2025-03-25,,Active,10,2026-07-25 00:18:29.108985
2996,2996,1,Monthly,2023-08-05,,Active,10,2026-07-25 00:18:29.108996
2997,2997,1,Monthly,2023-05-21,,Active,15,2026-07-25 00:18:29.109006
2998,2998,2,Monthly,2024-06-21,,Active,15,2026-07-25 00:18:29.109016
2999,2999,1,Annual,2025-10-20,,Active,5,2026-07-25 00:18:29.109028
3000,3000,2,Monthly,2024-04-13,,Active,15,2026-07-25 00:18:29.109038
3001,3001,2,Annual,2023-11-12,,Active,5,2026-07-25 00:18:29.109049
3002,3002,2,Monthly,2025-11-29,,Active,15,2026-07-25 00:18:29.109060
3003,3003,2,Monthly,2024-06-19,,Active,5,2026-07-25 00:18:29.109070
3004,3004,3,Annual,2024-09-04,2025-01-12,Cancelled,5,2026-07-25 00:18:29.109085
3005,3005,1,Monthly,2024-12-20,,Active,5,2026-07-25 00:18:29.109096
3006,3006,2,Monthly,2024-05-09,2025-01-07,Cancelled,5,2026-07-25 00:18:29.109124
3007,3007,1,Monthly,2024-03-15,,Active,10,2026-07-25 00:18:29.109135
3008,3008,2,Monthly,2023-04-22,2023-06-13,Expired,10,2026-07-25 00:18:29.109149
3009,3009,1,Monthly,2025-06-29,,Active,5,2026-07-25 00:18:29.109159
3010,3010,1,Annual,2023-10-04,,Active,15,2026-07-25 00:18:29.109171
3011,3011,1,Monthly,2025-02-17,,Active,0,2026-07-25 00:18:29.109181
3012,3012,3,Monthly,2023-05-01,,Active,10,2026-07-25 00:18:29.109191
3013,3013,1,Annual,2024-04-14,2024-07-08,Cancelled,10,2026-07-25 00:18:29.109205
3014,3014,2,Monthly,2023-10-07,,Active,5,2026-07-25 00:18:29.109215
3015,3015,3,Monthly,2025-11-14,,Active,10,2026-07-25 00:18:29.109225
3016,3016,1,Monthly,2024-10-17,,Active,5,2026-07-25 00:18:29.109236
3017,3017,1,Monthly,2025-03-14,,Active,10,2026-07-25 00:18:29.109246
3018,3018,1,Monthly,2024-06-21,,Active,15,2026-07-25 00:18:29.109256
3019,3019,2,Monthly,2023-01-19,,Active,5,2026-07-25 00:18:29.109267
3020,3020,3,Annual,2025-02-26,,Active,0,2026-07-25 00:18:29.109278
3021,3021,1,Monthly,2025-10-12,,Active,10,2026-07-25 00:18:29.109288
3022,3022,2,Monthly,2024-02-06,,Active,0,2026-07-25 00:18:29.109299
3023,3023,2,Monthly,2024-11-30,2025-04-21,Cancelled,15,2026-07-25 00:18:29.109329
3024,3024,3,Monthly,2025-04-11,,Active,0,2026-07-25 00:18:29.109343
3025,3025,3,Monthly,2024-10-20,,Active,5,2026-07-25 00:18:29.109353
3026,3026,4,Monthly,2023-01-11,,Active,10,2026-07-25 00:18:29.109377
3027,3027,1,Monthly,2024-02-05,,Active,0,2026-07-25 00:18:29.109388
3028,3028,2,Annual,2024-12-07,,Active,10,2026-07-25 00:18:29.109399
3029,3029,3,Monthly,2023-07-08,,Active,5,2026-07-25 00:18:29.109410
3030,3030,1,Monthly,2025-07-20,,Active,0,2026-07-25 00:18:29.109421
3031,3031,1,Monthly,2023-02-06,,Active,15,2026-07-25 00:18:29.109433
3032,3032,1,Monthly,2024-11-25,,Active,15,2026-07-25 00:18:29.109443
3033,3033,1,Monthly,2023-06-23,,Active,5,2026-07-25 00:18:29.109456
3034,3034,2,Annual,2024-09-07,,Active,0,2026-07-25 00:18:29.109467
3035,3035,2,Monthly,2023-05-27,,Active,0,2026-07-25 00:18:29.109479
3036,3036,3,Monthly,2025-02-05,,Active,0,2026-07-25 00:18:29.109492
3037,3037,3,Monthly,2024-12-12,,Active,15,2026-07-25 00:18:29.109503
3038,3038,3,Monthly,2025-03-24,,Active,5,2026-07-25 00:18:29.109513
3039,3039,1,Annual,2023-08-16,,Active,0,2026-07-25 00:18:29.109523
3040,3040,1,Monthly,2024-08-16,,Active,15,2026-07-25 00:18:29.109536
3041,3041,4,Monthly,2024-04-14,,Active,10,2026-07-25 00:18:29.109546
3042,3042,1,Monthly,2024-02-04,,Active,15,2026-07-25 00:18:29.109557
3043,3043,3,Monthly,2024-11-04,,Active,0,2026-07-25 00:18:29.109566
3044,3044,2,Annual,2024-02-10,,Active,5,2026-07-25 00:18:29.109576
3045,3045,1,Monthly,2024-01-14,,Active,15,2026-07-25 00:18:29.109597
3046,3046,3,Monthly,2024-11-09,,Active,0,2026-07-25 00:18:29.109606
3047,3047,2,Monthly,2024-03-06,2024-07-28,Expired,10,2026-07-25 00:18:29.109620
3048,3048,1,Monthly,2025-11-19,,Active,10,2026-07-25 00:18:29.109630
3049,3049,1,Monthly,2023-01-30,,Active,0,2026-07-25 00:18:29.109640
3050,3050,4,Monthly,2024-12-19,,Active,15,2026-07-25 00:18:29.109649
3051,3051,4,Monthly,2023-12-16,,Active,10,2026-07-25 00:18:29.109660
3052,3052,1,Annual,2023-04-09,,Active,5,2026-07-25 00:18:29.109669
3053,3053,1,Monthly,2025-07-02,2026-04-24,Cancelled,10,2026-07-25 00:18:29.109681
3054,3054,2,Monthly,2024-08-27,2025-10-19,Expired,15,2026-07-25 00:18:29.109693
3055,3055,1,Monthly,2024-06-13,,Active,15,2026-07-25 00:18:29.109702
3056,3056,3,Monthly,2024-12-18,,Active,15,2026-07-25 00:18:29.109711
3057,3057,1,Monthly,2024-08-28,,Active,15,2026-07-25 00:18:29.109720
3058,3058,1,Annual,2025-06-06,,Active,0,2026-07-25 00:18:29.109729
3059,3059,1,Monthly,2024-06-20,2026-05-22,Cancelled,5,2026-07-25 00:18:29.109741
3060,3060,1,Monthly,2024-07-27,,Active,10,2026-07-25 00:18:29.109750
3061,3061,1,Monthly,2025-11-13,,Active,15,2026-07-25 00:18:29.109759
3062,3062,2,Monthly,2023-09-17,,Active,5,2026-07-25 00:18:29.109768
3063,3063,1,Monthly,2023-02-06,,Active,0,2026-07-25 00:18:29.109777
3064,3064,2,Monthly,2023-12-31,,Active,10,2026-07-25 00:18:29.109786
3065,3065,1,Monthly,2025-08-01,,Active,0,2026-07-25 00:18:29.109806
3066,3066,1,Monthly,2023-11-25,,Active,10,2026-07-25 00:18:29.109815
3067,3067,4,Monthly,2023-09-05,,Active,0,2026-07-25 00:18:29.109825
3068,3068,4,Annual,2023-12-05,,Active,0,2026-07-25 00:18:29.109834
3069,3069,2,Monthly,2024-07-18,,Active,5,2026-07-25 00:18:29.109843
3070,3070,2,Monthly,2025-09-15,,Active,5,2026-07-25 00:18:29.109852
3071,3071,1,Monthly,2023-12-16,,Active,0,2026-07-25 00:18:29.109860
3072,3072,1,Monthly,2024-11-29,,Active,10,2026-07-25 00:18:29.109869
3073,3073,1,Monthly,2024-09-13,,Active,0,2026-07-25 00:18:29.109879
3074,3074,1,Monthly,2024-12-21,,Active,5,2026-07-25 00:18:29.109896
3075,3075,2,Monthly,2025-10-11,,Active,0,2026-07-25 00:18:29.109906
3076,3076,1,Monthly,2025-09-15,2026-07-26,Expired,15,2026-07-25 00:18:29.109919
3077,3077,1,Monthly,2025-08-05,,Active,5,2026-07-25 00:18:29.109928
3078,3078,1,Monthly,2024-09-27,,Active,0,2026-07-25 00:18:29.109937
3079,3079,1,Monthly,2023-09-16,,Active,10,2026-07-25 00:18:29.109946
3080,3080,1,Monthly,2023-02-05,,Active,0,2026-07-25 00:18:29.109954
3081,3081,1,Monthly,2025-03-05,,Active,5,2026-07-25 00:18:29.109964
3082,3082,3,Monthly,2024-12-12,,Active,15,2026-07-25 00:18:29.109973
3083,3083,1,Monthly,2025-01-03,2025-05-17,Cancelled,0,2026-07-25 00:18:29.109984
3084,3084,2,Monthly,2023-02-17,,Active,10,2026-07-25 00:18:29.110003
3085,3085,1,Monthly,2024-01-16,,Active,0,2026-07-25 00:18:29.110012
3086,3086,1,Monthly,2024-12-17,,Active,0,2026-07-25 00:18:29.110029
3087,3087,3,Monthly,2023-09-05,,Active,10,2026-07-25 00:18:29.110039
3088,3088,2,Monthly,2023-01-11,,Active,15,2026-07-25 00:18:29.110048
3089,3089,2,Monthly,2024-12-31,,Active,15,2026-07-25 00:18:29.110057
3090,3090,1,Monthly,2024-02-08,,Active,10,2026-07-25 00:18:29.110066
3091,3091,1,Monthly,2025-04-09,,Active,10,2026-07-25 00:18:29.110075
3092,3092,2,Monthly,2024-03-31,,Active,15,2026-07-25 00:18:29.110084
3093,3093,1,Annual,2023-03-03,,Active,5,2026-07-25 00:18:29.110093
3094,3094,1,Monthly,2025-09-04,,Active,0,2026-07-25 00:18:29.110102
3095,3095,3,Monthly,2024-02-12,2025-09-09,Cancelled,5,2026-07-25 00:18:29.110114
3096,3096,1,Monthly,2024-10-03,,Active,0,2026-07-25 00:18:29.110123
3097,3097,3,Monthly,2023-11-23,,Active,5,2026-07-25 00:18:29.110132
3098,3098,2,Monthly,2023-04-26,,Active,0,2026-07-25 00:18:29.110141
3099,3099,1,Annual,2024-01-16,2024-05-19,Expired,0,2026-07-25 00:18:29.110154
3100,3100,3,Annual,2024-05-28,,Active,5,2026-07-25 00:18:29.110163
3101,3101,2,Annual,2025-07-12,2026-09-02,Cancelled,5,2026-07-25 00:18:29.110175
3102,3102,3,Monthly,2025-03-21,,Active,5,2026-07-25 00:18:29.110184
3103,3103,1,Monthly,2025-05-25,2026-02-04,Expired,10,2026-07-25 00:18:29.110195
3104,3104,1,Monthly,2023-09-03,,Active,0,2026-07-25 00:18:29.110214
3105,3105,3,Monthly,2024-04-03,2025-11-29,Expired,10,2026-07-25 00:18:29.110226
3106,3106,1,Monthly,2023-07-19,2023-11-13,Expired,5,2026-07-25 00:18:29.110238
3107,3107,1,Monthly,2024-02-04,,Active,0,2026-07-25 00:18:29.110247
3108,3108,1,Monthly,2023-08-19,,Active,15,2026-07-25 00:18:29.110256
3109,3109,1,Monthly,2025-03-13,,Active,15,2026-07-25 00:18:29.110265
3110,3110,1,Annual,2024-06-18,,Active,15,2026-07-25 00:18:29.110274
3111,3111,1,Monthly,2024-08-04,,Active,10,2026-07-25 00:18:29.110282
3112,3112,3,Annual,2023-09-20,,Active,10,2026-07-25 00:18:29.110291
3113,3113,1,Monthly,2025-11-04,,Active,15,2026-07-25 00:18:29.110300
3114,3114,1,Monthly,2023-11-17,2025-08-22,Expired,0,2026-07-25 00:18:29.110312
3115,3115,1,Monthly,2023-07-05,,Active,15,2026-07-25 00:18:29.110321
3116,3116,1,Monthly,2025-09-19,,Active,15,2026-07-25 00:18:29.110330
3117,3117,1,Monthly,2023-12-21,2024-09-28,Expired,5,2026-07-25 00:18:29.110342
3118,3118,1,Monthly,2023-06-03,2025-03-23,Expired,5,2026-07-25 00:18:29.110353
3119,3119,3,Monthly,2025-04-10,,Active,0,2026-07-25 00:18:29.110362
3120,3120,3,Monthly,2024-11-24,,Active,15,2026-07-25 00:18:29.110371
3121,3121,1,Monthly,2023-10-11,2025-09-01,Expired,10,2026-07-25 00:18:29.110383
3122,3122,1,Monthly,2024-12-09,2025-09-12,Expired,0,2026-07-25 00:18:29.110394
3123,3123,1,Monthly,2024-02-17,2025-11-25,Expired,10,2026-07-25 00:18:29.110417
3124,3124,1,Monthly,2023-04-09,,Active,5,2026-07-25 00:18:29.110426
3125,3125,1,Monthly,2023-11-19,,Active,0,2026-07-25 00:18:29.110435
3126,3126,1,Monthly,2025-01-11,,Active,15,2026-07-25 00:18:29.110444
3127,3127,2,Monthly,2023-03-21,2024-05-11,Cancelled,10,2026-07-25 00:18:29.110457
3128,3128,1,Monthly,2025-01-13,,Active,5,2026-07-25 00:18:29.110466
3129,3129,1,Annual,2023-11-03,,Active,15,2026-07-25 00:18:29.110475
3130,3130,2,Monthly,2025-07-18,,Active,15,2026-07-25 00:18:29.110484
3131,3131,3,Monthly,2024-10-29,,Active,15,2026-07-25 00:18:29.110493
3132,3132,1,Monthly,2025-09-25,2027-06-26,Cancelled,5,2026-07-25 00:18:29.110506
3133,3133,3,Monthly,2025-08-12,2026-12-09,Expired,0,2026-07-25 00:18:29.110517
3134,3134,3,Monthly,2024-09-24,,Active,15,2026-07-25 00:18:29.110527
3135,3135,3,Monthly,2025-01-20,2025-11-30,Expired,5,2026-07-25 00:18:29.110539
3136,3136,3,Monthly,2025-04-06,,Active,10,2026-07-25 00:18:29.110548
3137,3137,1,Monthly,2025-05-21,,Active,5,2026-07-25 00:18:29.110557
3138,3138,1,Monthly,2023-10-11,,Active,15,2026-07-25 00:18:29.110566
3139,3139,4,Annual,2025-03-02,2026-04-19,Expired,5,2026-07-25 00:18:29.110578
3140,3140,2,Monthly,2024-11-02,,Active,0,2026-07-25 00:18:29.127227
3141,3141,3,Monthly,2025-09-17,,Active,0,2026-07-25 00:18:29.127251
3142,3142,3,Monthly,2023-12-27,,Active,5,2026-07-25 00:18:29.127263
3143,3143,1,Monthly,2024-05-12,,Active,15,2026-07-25 00:18:29.127294
3144,3144,2,Monthly,2023-11-23,2025-09-11,Expired,15,2026-07-25 00:18:29.127322
3145,3145,1,Annual,2024-09-07,2025-05-16,Expired,10,2026-07-25 00:18:29.127339
3146,3146,2,Monthly,2025-10-26,,Active,15,2026-07-25 00:18:29.127350
3147,3147,2,Annual,2025-01-05,,Active,10,2026-07-25 00:18:29.127361
3148,3148,3,Monthly,2023-12-22,,Active,5,2026-07-25 00:18:29.127371
3149,3149,3,Monthly,2024-04-16,,Active,15,2026-07-25 00:18:29.127382
3150,3150,2,Monthly,2024-07-03,,Active,0,2026-07-25 00:18:29.127407
3151,3151,4,Monthly,2024-10-09,2025-08-15,Expired,0,2026-07-25 00:18:29.127424
3152,3152,3,Monthly,2023-03-27,,Active,15,2026-07-25 00:18:29.127434
3153,3153,3,Monthly,2024-12-10,,Active,0,2026-07-25 00:18:29.127445
3154,3154,1,Monthly,2023-11-21,,Active,5,2026-07-25 00:18:29.127454
3155,3155,1,Monthly,2024-05-14,,Active,10,2026-07-25 00:18:29.127464
3156,3156,1,Monthly,2025-05-19,,Active,5,2026-07-25 00:18:29.127475
3157,3157,3,Monthly,2024-03-01,,Active,10,2026-07-25 00:18:29.127485
3158,3158,1,Monthly,2024-05-20,,Active,15,2026-07-25 00:18:29.127497
3159,3159,1,Annual,2023-03-13,2025-02-18,Expired,10,2026-07-25 00:18:29.127527
3160,3160,1,Annual,2024-01-24,,Active,5,2026-07-25 00:18:29.127540
3161,3161,1,Monthly,2023-04-03,,Active,0,2026-07-25 00:18:29.127551
3162,3162,2,Annual,2024-03-04,2025-05-15,Expired,5,2026-07-25 00:18:29.127581
3163,3163,1,Annual,2023-07-28,,Active,0,2026-07-25 00:18:29.127592
3164,3164,1,Monthly,2023-08-24,,Active,0,2026-07-25 00:18:29.127603
3165,3165,1,Monthly,2023-11-07,,Active,0,2026-07-25 00:18:29.127614
3166,3166,2,Monthly,2025-10-23,,Active,10,2026-07-25 00:18:29.127623
3167,3167,1,Annual,2025-12-07,,Active,15,2026-07-25 00:18:29.127633
3168,3168,1,Monthly,2025-12-22,,Active,0,2026-07-25 00:18:29.127643
3169,3169,1,Monthly,2024-11-23,,Active,0,2026-07-25 00:18:29.127653
3170,3170,2,Monthly,2024-12-16,,Active,5,2026-07-25 00:18:29.127662
3171,3171,1,Annual,2025-12-29,,Active,0,2026-07-25 00:18:29.127673
3172,3172,2,Annual,2023-02-05,,Active,15,2026-07-25 00:18:29.127683
3173,3173,1,Annual,2024-10-25,,Active,0,2026-07-25 00:18:29.127693
3174,3174,1,Monthly,2025-03-31,,Active,15,2026-07-25 00:18:29.127704
3175,3175,2,Annual,2024-08-03,2025-12-23,Expired,5,2026-07-25 00:18:29.127721
3176,3176,2,Annual,2025-02-22,,Active,10,2026-07-25 00:18:29.127731
3177,3177,4,Monthly,2025-06-11,,Active,5,2026-07-25 00:18:29.127763
3178,3178,1,Annual,2025-05-28,,Active,5,2026-07-25 00:18:29.127775
3179,3179,3,Monthly,2025-04-06,,Active,0,2026-07-25 00:18:29.127786
3180,3180,1,Monthly,2025-06-10,2026-04-30,Expired,15,2026-07-25 00:18:29.127802
3181,3181,1,Annual,2023-04-24,,Active,5,2026-07-25 00:18:29.127813
3182,3182,3,Monthly,2023-08-25,,Active,0,2026-07-25 00:18:29.127837
3183,3183,2,Monthly,2024-12-06,,Active,5,2026-07-25 00:18:29.127848
3184,3184,1,Monthly,2023-02-03,,Active,15,2026-07-25 00:18:29.127858
3185,3185,3,Monthly,2024-08-28,,Active,5,2026-07-25 00:18:29.127868
3186,3186,1,Monthly,2024-10-25,,Active,5,2026-07-25 00:18:29.127878
3187,3187,2,Monthly,2025-06-26,2025-12-16,Expired,5,2026-07-25 00:18:29.127893
3188,3188,3,Monthly,2023-11-08,,Active,15,2026-07-25 00:18:29.127903
3189,3189,3,Annual,2025-06-15,,Active,5,2026-07-25 00:18:29.127913
3190,3190,1,Annual,2023-11-17,,Active,10,2026-07-25 00:18:29.127923
3191,3191,3,Monthly,2025-07-24,,Active,5,2026-07-25 00:18:29.127932
3192,3192,3,Monthly,2024-06-25,,Active,10,2026-07-25 00:18:29.127942
3193,3193,2,Annual,2023-12-24,,Active,15,2026-07-25 00:18:29.127952
3194,3194,2,Monthly,2024-02-26,,Active,0,2026-07-25 00:18:29.127963
3195,3195,3,Monthly,2024-07-06,2024-10-20,Cancelled,5,2026-07-25 00:18:29.127977
3196,3196,1,Monthly,2023-07-11,,Active,0,2026-07-25 00:18:29.127987
3197,3197,1,Monthly,2023-11-21,,Active,10,2026-07-25 00:18:29.127997
3198,3198,1,Monthly,2023-11-05,,Active,0,2026-07-25 00:18:29.128007
3199,3199,2,Monthly,2023-07-13,2024-01-29,Cancelled,15,2026-07-25 00:18:29.128023
3200,3200,3,Annual,2025-06-17,,Active,0,2026-07-25 00:18:29.128034
3201,3201,2,Monthly,2025-01-29,,Active,15,2026-07-25 00:18:29.128058
3202,3202,4,Monthly,2023-10-24,,Active,5,2026-07-25 00:18:29.128072
3203,3203,3,Monthly,2024-07-13,2025-09-20,Expired,5,2026-07-25 00:18:29.128089
3204,3204,1,Monthly,2024-12-10,,Active,0,2026-07-25 00:18:29.128099
3205,3205,1,Monthly,2024-09-13,,Active,15,2026-07-25 00:18:29.128110
3206,3206,1,Monthly,2023-04-12,,Active,5,2026-07-25 00:18:29.128121
3207,3207,2,Monthly,2023-12-23,,Active,10,2026-07-25 00:18:29.128131
3208,3208,2,Annual,2025-01-02,,Active,5,2026-07-25 00:18:29.128142
3209,3209,1,Monthly,2025-10-02,,Active,0,2026-07-25 00:18:29.128151
3210,3210,1,Annual,2023-10-03,,Active,15,2026-07-25 00:18:29.128161
3211,3211,1,Monthly,2024-12-30,,Active,10,2026-07-25 00:18:29.128172
3212,3212,1,Annual,2025-10-23,,Active,0,2026-07-25 00:18:29.128182
3213,3213,1,Monthly,2023-09-02,,Active,5,2026-07-25 00:18:29.128194
3214,3214,1,Monthly,2023-08-24,,Active,0,2026-07-25 00:18:29.128217
3215,3215,1,Monthly,2023-06-19,2023-08-20,Expired,5,2026-07-25 00:18:29.128234
3216,3216,2,Monthly,2024-04-20,,Active,5,2026-07-25 00:18:29.128243
3217,3217,1,Annual,2024-02-16,,Active,5,2026-07-25 00:18:29.128253
3218,3218,2,Monthly,2024-12-31,,Active,5,2026-07-25 00:18:29.128263
3219,3219,1,Monthly,2024-09-25,,Active,15,2026-07-25 00:18:29.128273
3220,3220,4,Monthly,2025-03-26,,Active,10,2026-07-25 00:18:29.128285
3221,3221,1,Monthly,2024-06-25,,Active,0,2026-07-25 00:18:29.128325
3222,3222,2,Monthly,2023-06-24,2025-02-06,Cancelled,15,2026-07-25 00:18:29.128342
3223,3223,1,Monthly,2025-04-13,,Active,5,2026-07-25 00:18:29.128352
3224,3224,1,Monthly,2025-09-16,,Active,5,2026-07-25 00:18:29.128368
3225,3225,2,Monthly,2024-02-04,,Active,10,2026-07-25 00:18:29.128378
3226,3226,1,Monthly,2024-07-21,,Active,0,2026-07-25 00:18:29.128389
3227,3227,4,Monthly,2025-06-06,2025-08-08,Cancelled,10,2026-07-25 00:18:29.128403
3228,3228,2,Monthly,2023-07-21,,Active,5,2026-07-25 00:18:29.128413
3229,3229,1,Monthly,2023-05-28,,Active,0,2026-07-25 00:18:29.128423
3230,3230,1,Monthly,2023-12-18,,Active,5,2026-07-25 00:18:29.128433
3231,3231,1,Monthly,2024-05-25,,Active,5,2026-07-25 00:18:29.128443
3232,3232,1,Monthly,2025-06-15,2027-05-31,Cancelled,5,2026-07-25 00:18:29.128458
3233,3233,3,Monthly,2024-10-17,,Active,15,2026-07-25 00:18:29.128469
3234,3234,1,Monthly,2023-02-23,,Active,15,2026-07-25 00:18:29.128480
3235,3235,2,Annual,2023-11-04,,Active,0,2026-07-25 00:18:29.128490
3236,3236,3,Monthly,2023-02-22,,Active,15,2026-07-25 00:18:29.128505
3237,3237,1,Annual,2023-01-19,,Active,15,2026-07-25 00:18:29.128515
3238,3238,2,Monthly,2025-06-15,2026-11-09,Cancelled,10,2026-07-25 00:18:29.128529
3239,3239,1,Monthly,2025-08-23,,Active,10,2026-07-25 00:18:29.128539
3240,3240,1,Annual,2024-03-09,,Active,15,2026-07-25 00:18:29.129268
3241,3241,1,Monthly,2023-10-17,,Active,0,2026-07-25 00:18:29.129289
3242,3242,1,Monthly,2025-05-02,,Active,10,2026-07-25 00:18:29.129301
3243,3243,2,Monthly,2024-06-15,,Active,0,2026-07-25 00:18:29.129312
3244,3244,1,Monthly,2023-02-09,,Active,15,2026-07-25 00:18:29.129323
3245,3245,3,Monthly,2023-06-22,,Active,5,2026-07-25 00:18:29.129335
3246,3246,1,Monthly,2023-07-16,,Active,0,2026-07-25 00:18:29.129345
3247,3247,2,Monthly,2023-05-09,2024-07-29,Expired,15,2026-07-25 00:18:29.129370
3248,3248,1,Monthly,2025-03-04,,Active,10,2026-07-25 00:18:29.129381
3249,3249,3,Monthly,2023-12-11,,Active,5,2026-07-25 00:18:29.129392
3250,3250,2,Monthly,2024-07-03,,Active,0,2026-07-25 00:18:29.129409
3251,3251,1,Annual,2025-03-26,2025-11-08,Cancelled,15,2026-07-25 00:18:29.129425
3252,3252,2,Annual,2025-04-18,,Active,0,2026-07-25 00:18:29.129436
3253,3253,4,Monthly,2023-09-17,2024-08-25,Cancelled,15,2026-07-25 00:18:29.129451
3254,3254,1,Annual,2025-09-13,,Active,5,2026-07-25 00:18:29.129461
3255,3255,2,Monthly,2023-08-25,,Active,0,2026-07-25 00:18:29.129472
3256,3256,3,Annual,2024-03-08,,Active,10,2026-07-25 00:18:29.129484
3257,3257,1,Monthly,2024-04-05,,Active,15,2026-07-25 00:18:29.129495
3258,3258,2,Monthly,2025-01-10,,Active,0,2026-07-25 00:18:29.129507
3259,3259,1,Monthly,2024-04-11,2025-02-17,Expired,0,2026-07-25 00:18:29.129520
3260,3260,4,Annual,2025-05-13,,Active,10,2026-07-25 00:18:29.129530
3261,3261,3,Monthly,2023-04-14,,Active,0,2026-07-25 00:18:29.129543
3262,3262,2,Monthly,2023-08-12,,Active,15,2026-07-25 00:18:29.129553
3263,3263,1,Annual,2024-01-12,2024-12-23,Cancelled,5,2026-07-25 00:18:29.129570
3264,3264,1,Monthly,2024-08-30,2025-05-12,Expired,10,2026-07-25 00:18:29.129585
3265,3265,4,Monthly,2024-03-05,,Active,10,2026-07-25 00:18:29.129595
3266,3266,2,Monthly,2025-06-29,,Active,10,2026-07-25 00:18:29.129605
3267,3267,2,Monthly,2024-05-23,,Active,0,2026-07-25 00:18:29.129615
3268,3268,1,Monthly,2024-04-28,,Active,5,2026-07-25 00:18:29.129625
3269,3269,1,Monthly,2025-10-22,,Active,15,2026-07-25 00:18:29.129635
3270,3270,4,Monthly,2025-08-05,,Active,0,2026-07-25 00:18:29.129646
3271,3271,1,Monthly,2024-06-14,,Active,10,2026-07-25 00:18:29.129656
3272,3272,4,Annual,2024-02-01,,Active,0,2026-07-25 00:18:29.129667
3273,3273,2,Monthly,2025-06-27,,Active,5,2026-07-25 00:18:29.129677
3274,3274,1,Monthly,2025-01-27,,Active,15,2026-07-25 00:18:29.129688
3275,3275,1,Monthly,2025-07-26,2026-03-13,Cancelled,15,2026-07-25 00:18:29.129703
3276,3276,2,Monthly,2025-02-07,,Active,5,2026-07-25 00:18:29.129714
3277,3277,1,Monthly,2024-03-11,2025-08-30,Expired,0,2026-07-25 00:18:29.129728
3278,3278,2,Monthly,2024-05-25,,Active,15,2026-07-25 00:18:29.129739
3279,3279,2,Monthly,2024-07-08,2026-04-07,Cancelled,0,2026-07-25 00:18:29.129757
3280,3280,2,Annual,2025-01-24,2026-04-02,Expired,5,2026-07-25 00:18:29.129771
3281,3281,1,Monthly,2025-07-07,,Active,10,2026-07-25 00:18:29.129781
3282,3282,3,Monthly,2025-01-27,,Active,15,2026-07-25 00:18:29.129791
3283,3283,1,Monthly,2025-11-03,,Active,10,2026-07-25 00:18:29.129800
3284,3284,2,Monthly,2025-09-25,2027-02-15,Expired,5,2026-07-25 00:18:29.129815
3285,3285,1,Monthly,2024-01-06,2025-09-09,Cancelled,0,2026-07-25 00:18:29.129828
3286,3286,1,Monthly,2025-07-26,,Active,10,2026-07-25 00:18:29.129839
3287,3287,2,Monthly,2023-03-03,,Active,10,2026-07-25 00:18:29.129850
3288,3288,3,Monthly,2024-12-16,,Active,0,2026-07-25 00:18:29.129860
3289,3289,1,Annual,2025-09-02,,Active,15,2026-07-25 00:18:29.129870
3290,3290,1,Annual,2025-05-30,,Active,10,2026-07-25 00:18:29.129880
3291,3291,2,Monthly,2023-06-03,,Active,10,2026-07-25 00:18:29.129890
3292,3292,4,Monthly,2024-12-10,,Active,10,2026-07-25 00:18:29.129900
3293,3293,1,Annual,2024-07-01,,Active,5,2026-07-25 00:18:29.129910
3294,3294,3,Annual,2024-05-19,,Active,0,2026-07-25 00:18:29.129941
3295,3295,1,Monthly,2023-09-07,,Active,15,2026-07-25 00:18:29.129953
3296,3296,1,Monthly,2025-10-04,2027-02-07,Cancelled,5,2026-07-25 00:18:29.129969
3297,3297,3,Monthly,2023-09-25,,Active,0,2026-07-25 00:18:29.129980
3298,3298,1,Annual,2025-08-15,,Active,5,2026-07-25 00:18:29.129990
3299,3299,4,Monthly,2024-04-20,,Active,5,2026-07-25 00:18:29.129999
3300,3300,1,Monthly,2025-09-20,,Active,15,2026-07-25 00:18:29.130008
3301,3301,1,Annual,2023-10-17,,Active,5,2026-07-25 00:18:29.130017
3302,3302,1,Monthly,2025-01-24,,Active,15,2026-07-25 00:18:29.130027
3303,3303,1,Monthly,2024-07-15,,Active,5,2026-07-25 00:18:29.130037
3304,3304,1,Monthly,2023-01-25,,Active,10,2026-07-25 00:18:29.130048
3305,3305,1,Monthly,2025-02-25,2026-05-19,Cancelled,10,2026-07-25 00:18:29.130063
3306,3306,1,Monthly,2023-10-04,,Active,0,2026-07-25 00:18:29.130073
3307,3307,2,Monthly,2023-05-26,,Active,5,2026-07-25 00:18:29.130083
3308,3308,3,Monthly,2024-09-20,,Active,5,2026-07-25 00:18:29.130093
3309,3309,1,Monthly,2024-07-03,,Active,10,2026-07-25 00:18:29.130103
3310,3310,3,Monthly,2024-04-01,,Active,10,2026-07-25 00:18:29.130113
3311,3311,2,Monthly,2024-11-18,,Active,5,2026-07-25 00:18:29.130123
3312,3312,1,Monthly,2025-11-02,,Active,15,2026-07-25 00:18:29.130134
3313,3313,2,Monthly,2025-12-15,,Active,5,2026-07-25 00:18:29.130146
3314,3314,2,Monthly,2024-11-15,,Active,15,2026-07-25 00:18:29.130156
3315,3315,4,Annual,2023-02-02,,Active,0,2026-07-25 00:18:29.130166
3316,3316,1,Monthly,2025-06-01,,Active,5,2026-07-25 00:18:29.130176
3317,3317,1,Annual,2025-06-21,,Active,10,2026-07-25 00:18:29.130186
3318,3318,2,Monthly,2024-08-24,,Active,0,2026-07-25 00:18:29.130196
3319,3319,2,Monthly,2024-02-14,,Active,0,2026-07-25 00:18:29.130207
3320,3320,4,Monthly,2023-12-31,,Active,0,2026-07-25 00:18:29.130218
3321,3321,3,Monthly,2025-12-12,,Active,15,2026-07-25 00:18:29.130228
3322,3322,1,Annual,2024-01-19,,Active,5,2026-07-25 00:18:29.130238
3323,3323,2,Monthly,2025-02-27,,Active,10,2026-07-25 00:18:29.130248
3324,3324,1,Monthly,2025-07-27,,Active,0,2026-07-25 00:18:29.130257
3325,3325,3,Monthly,2025-12-26,,Active,10,2026-07-25 00:18:29.130279
3326,3326,2,Annual,2024-02-23,,Active,5,2026-07-25 00:18:29.130292
3327,3327,2,Monthly,2025-07-07,,Active,15,2026-07-25 00:18:29.130304
3328,3328,2,Monthly,2023-02-04,,Active,5,2026-07-25 00:18:29.130315
3329,3329,1,Monthly,2025-01-10,,Active,5,2026-07-25 00:18:29.130328
3330,3330,2,Monthly,2024-03-04,,Active,15,2026-07-25 00:18:29.130341
3331,3331,1,Monthly,2025-07-17,,Active,5,2026-07-25 00:18:29.130354
3332,3332,1,Monthly,2023-07-27,,Active,5,2026-07-25 00:18:29.130367
3333,3333,3,Annual,2025-04-16,,Active,0,2026-07-25 00:18:29.130383
3334,3334,1,Monthly,2025-02-28,,Active,15,2026-07-25 00:18:29.130397
3335,3335,1,Monthly,2025-11-24,,Active,0,2026-07-25 00:18:29.130407
3336,3336,1,Monthly,2024-07-10,,Active,15,2026-07-25 00:18:29.130417
3337,3337,1,Annual,2025-04-02,,Active,0,2026-07-25 00:18:29.130426
3338,3338,1,Monthly,2024-01-22,,Active,5,2026-07-25 00:18:29.130436
3339,3339,1,Monthly,2023-02-15,,Active,15,2026-07-25 00:18:29.130445
3340,3340,3,Monthly,2023-05-27,2024-07-21,Cancelled,0,2026-07-25 00:18:29.130461
3341,3341,2,Monthly,2024-08-24,,Active,5,2026-07-25 00:18:29.130471
3342,3342,2,Annual,2024-06-17,,Active,5,2026-07-25 00:18:29.130480
3343,3343,2,Monthly,2023-10-03,,Active,5,2026-07-25 00:18:29.130490
3344,3344,1,Monthly,2024-02-09,2024-10-25,Cancelled,0,2026-07-25 00:18:29.130513
3345,3345,1,Annual,2025-10-02,2025-12-14,Cancelled,5,2026-07-25 00:18:29.130553
3346,3346,3,Monthly,2024-02-05,,Active,15,2026-07-25 00:18:29.130565
3347,3347,2,Monthly,2025-05-15,,Active,10,2026-07-25 00:18:29.130577
3348,3348,1,Monthly,2023-09-19,,Active,15,2026-07-25 00:18:29.130589
3349,3349,2,Monthly,2023-01-20,2023-07-17,Cancelled,5,2026-07-25 00:18:29.130606
3350,3350,1,Monthly,2023-02-12,,Active,0,2026-07-25 00:18:29.130620
3351,3351,4,Monthly,2023-10-20,2024-05-08,Expired,0,2026-07-25 00:18:29.130639
3352,3352,3,Monthly,2024-06-20,,Active,10,2026-07-25 00:18:29.130650
3353,3353,1,Monthly,2025-07-20,,Active,10,2026-07-25 00:18:29.130661
3354,3354,1,Monthly,2023-10-03,,Active,0,2026-07-25 00:18:29.130677
3355,3355,2,Monthly,2023-03-02,2023-12-28,Cancelled,10,2026-07-25 00:18:29.130692
3356,3356,3,Monthly,2024-04-29,2024-11-26,Expired,5,2026-07-25 00:18:29.130705
3357,3357,1,Monthly,2025-07-05,,Active,15,2026-07-25 00:18:29.130718
3358,3358,1,Monthly,2023-08-30,,Active,0,2026-07-25 00:18:29.130735
3359,3359,3,Monthly,2025-05-01,,Active,10,2026-07-25 00:18:29.130745
3360,3360,1,Annual,2025-11-04,,Active,15,2026-07-25 00:18:29.130755
3361,3361,1,Monthly,2025-02-01,2026-08-11,Cancelled,15,2026-07-25 00:18:29.130781
3362,3362,4,Monthly,2024-07-10,,Active,15,2026-07-25 00:18:29.130791
3363,3363,1,Monthly,2025-10-21,,Active,5,2026-07-25 00:18:29.130801
3364,3364,3,Monthly,2023-05-22,,Active,15,2026-07-25 00:18:29.130811
3365,3365,1,Monthly,2025-12-26,,Active,5,2026-07-25 00:18:29.130820
3366,3366,3,Monthly,2024-03-14,,Active,15,2026-07-25 00:18:29.130829
3367,3367,1,Monthly,2024-03-31,,Active,0,2026-07-25 00:18:29.130839
3368,3368,2,Annual,2023-02-07,,Active,15,2026-07-25 00:18:29.130849
3369,3369,1,Annual,2025-08-05,2027-04-18,Expired,0,2026-07-25 00:18:29.130870
3370,3370,1,Monthly,2024-03-22,,Active,0,2026-07-25 00:18:29.130884
3371,3371,3,Annual,2023-05-19,,Active,5,2026-07-25 00:18:29.130894
3372,3372,2,Annual,2025-06-06,,Active,10,2026-07-25 00:18:29.130905
3373,3373,1,Monthly,2023-02-13,,Active,0,2026-07-25 00:18:29.130915
3374,3374,4,Monthly,2023-10-20,,Active,0,2026-07-25 00:18:29.131011
3375,3375,1,Monthly,2025-11-28,,Active,15,2026-07-25 00:18:29.131024
3376,3376,1,Monthly,2023-10-04,,Active,15,2026-07-25 00:18:29.131036
3377,3377,1,Monthly,2023-06-03,2024-07-12,Cancelled,15,2026-07-25 00:18:29.131074
3378,3378,1,Annual,2024-05-12,,Active,15,2026-07-25 00:18:29.131084
3379,3379,3,Monthly,2023-11-18,,Active,15,2026-07-25 00:18:29.131095
3380,3380,4,Monthly,2023-11-17,,Active,15,2026-07-25 00:18:29.131104
3381,3381,1,Annual,2025-10-21,,Active,15,2026-07-25 00:18:29.131114
3382,3382,1,Annual,2023-12-21,,Active,0,2026-07-25 00:18:29.131124
3383,3383,1,Monthly,2023-08-31,2023-09-30,Cancelled,15,2026-07-25 00:18:29.131140
3384,3384,1,Monthly,2025-11-04,,Active,10,2026-07-25 00:18:29.131151
3385,3385,1,Monthly,2025-06-05,,Active,5,2026-07-25 00:18:29.131161
3386,3386,1,Monthly,2025-10-11,,Active,5,2026-07-25 00:18:29.131174
3387,3387,2,Monthly,2024-10-04,,Active,0,2026-07-25 00:18:29.131184
3388,3388,4,Annual,2025-01-28,,Active,15,2026-07-25 00:18:29.131194
3389,3389,1,Monthly,2024-09-06,,Active,10,2026-07-25 00:18:29.131204
3390,3390,2,Monthly,2023-07-20,,Active,10,2026-07-25 00:18:29.131215
3391,3391,2,Monthly,2023-09-04,2024-12-09,Cancelled,15,2026-07-25 00:18:29.131230
3392,3392,2,Monthly,2023-09-17,,Active,10,2026-07-25 00:18:29.131242
3393,3393,1,Monthly,2024-09-10,,Active,10,2026-07-25 00:18:29.131252
3394,3394,2,Monthly,2025-06-04,,Active,15,2026-07-25 00:18:29.131262
3395,3395,1,Monthly,2023-11-10,,Active,15,2026-07-25 00:18:29.131272
3396,3396,1,Annual,2023-11-08,2025-11-03,Expired,0,2026-07-25 00:18:29.131303
3397,3397,3,Monthly,2024-12-29,2025-09-29,Expired,5,2026-07-25 00:18:29.131318
3398,3398,3,Monthly,2024-08-25,,Active,15,2026-07-25 00:18:29.131328
3399,3399,2,Monthly,2023-04-15,,Active,15,2026-07-25 00:18:29.131337
3400,3400,1,Monthly,2024-11-11,,Active,15,2026-07-25 00:18:29.131347
3401,3401,2,Monthly,2025-02-21,,Active,10,2026-07-25 00:18:29.131357
3402,3402,1,Monthly,2024-05-08,,Active,10,2026-07-25 00:18:29.131368
3403,3403,2,Monthly,2024-06-14,,Active,10,2026-07-25 00:18:29.131378
3404,3404,2,Monthly,2023-11-08,,Active,10,2026-07-25 00:18:29.131528
3405,3405,1,Monthly,2025-02-24,,Active,5,2026-07-25 00:18:29.131589
3406,3406,4,Monthly,2023-10-29,,Active,5,2026-07-25 00:18:29.131602
3407,3407,1,Monthly,2024-11-15,,Active,10,2026-07-25 00:18:29.131612
3408,3408,1,Monthly,2025-04-01,,Active,15,2026-07-25 00:18:29.131627
3409,3409,1,Monthly,2024-05-08,,Active,10,2026-07-25 00:18:29.131638
3410,3410,1,Monthly,2024-09-28,,Active,0,2026-07-25 00:18:29.131648
3411,3411,3,Annual,2024-05-14,,Active,10,2026-07-25 00:18:29.131659
3412,3412,3,Monthly,2025-11-29,2027-06-29,Cancelled,15,2026-07-25 00:18:29.131678
3413,3413,3,Monthly,2025-05-24,,Active,10,2026-07-25 00:18:29.131689
3414,3414,2,Monthly,2023-07-05,,Active,10,2026-07-25 00:18:29.131701
3415,3415,3,Monthly,2025-05-25,,Active,5,2026-07-25 00:18:29.131711
3416,3416,1,Monthly,2025-06-06,,Active,5,2026-07-25 00:18:29.131740
3417,3417,2,Annual,2024-01-05,,Active,0,2026-07-25 00:18:29.131751
3418,3418,3,Monthly,2025-09-16,,Active,15,2026-07-25 00:18:29.131761
3419,3419,1,Annual,2024-12-06,,Active,15,2026-07-25 00:18:29.131773
3420,3420,2,Monthly,2023-09-28,,Active,10,2026-07-25 00:18:29.131783
3421,3421,1,Monthly,2024-07-25,2026-04-04,Cancelled,15,2026-07-25 00:18:29.131800
3422,3422,3,Monthly,2024-12-15,,Active,5,2026-07-25 00:18:29.131811
3423,3423,4,Monthly,2023-12-19,2024-11-01,Cancelled,10,2026-07-25 00:18:29.131826
3424,3424,2,Monthly,2023-11-20,,Active,15,2026-07-25 00:18:29.131837
3425,3425,1,Monthly,2024-12-03,,Active,15,2026-07-25 00:18:29.131848
3426,3426,4,Monthly,2024-06-08,,Active,10,2026-07-25 00:18:29.131862
3427,3427,2,Monthly,2025-04-03,2025-11-03,Expired,15,2026-07-25 00:18:29.131877
3428,3428,1,Monthly,2023-10-24,,Active,0,2026-07-25 00:18:29.131889
3429,3429,3,Monthly,2025-08-19,,Active,5,2026-07-25 00:18:29.131901
3430,3430,1,Monthly,2024-09-26,2026-01-07,Cancelled,15,2026-07-25 00:18:29.131915
3431,3431,2,Monthly,2023-08-08,,Active,15,2026-07-25 00:18:29.132143
3432,3432,1,Monthly,2024-04-11,,Active,15,2026-07-25 00:18:29.132158
3433,3433,2,Monthly,2023-09-01,2024-05-29,Expired,0,2026-07-25 00:18:29.132178
3434,3434,3,Monthly,2024-11-19,2025-05-07,Expired,5,2026-07-25 00:18:29.132193
3435,3435,1,Monthly,2025-05-31,2025-07-03,Cancelled,15,2026-07-25 00:18:29.132225
3436,3436,1,Monthly,2023-08-31,,Active,0,2026-07-25 00:18:29.132236
3437,3437,4,Monthly,2024-09-30,,Active,5,2026-07-25 00:18:29.132247
3438,3438,1,Monthly,2023-07-22,,Active,10,2026-07-25 00:18:29.132257
3439,3439,3,Monthly,2025-08-09,,Active,15,2026-07-25 00:18:29.132267
3440,3440,2,Monthly,2023-04-12,,Active,10,2026-07-25 00:18:29.132277
3441,3441,1,Annual,2024-05-29,2024-09-07,Expired,15,2026-07-25 00:18:29.132293
3442,3442,2,Monthly,2023-11-12,,Active,5,2026-07-25 00:18:29.132303
3443,3443,3,Annual,2024-07-17,,Active,15,2026-07-25 00:18:29.132314
3444,3444,1,Monthly,2025-01-08,,Active,0,2026-07-25 00:18:29.132325
3445,3445,3,Monthly,2023-06-07,2023-10-19,Expired,5,2026-07-25 00:18:29.132339
3446,3446,2,Annual,2023-07-03,,Active,5,2026-07-25 00:18:29.132349
3447,3447,1,Monthly,2025-09-03,,Active,5,2026-07-25 00:18:29.132360
3448,3448,3,Monthly,2024-01-23,2025-07-09,Cancelled,15,2026-07-25 00:18:29.132376
3449,3449,2,Monthly,2024-11-22,,Active,10,2026-07-25 00:18:29.132388
3450,3450,1,Monthly,2024-08-14,2024-12-29,Cancelled,0,2026-07-25 00:18:29.132402
3451,3451,1,Monthly,2023-01-31,,Active,5,2026-07-25 00:18:29.132413
3452,3452,2,Monthly,2025-06-27,,Active,0,2026-07-25 00:18:29.132424
3453,3453,3,Monthly,2025-11-09,,Active,10,2026-07-25 00:18:29.132434
3454,3454,1,Monthly,2024-07-28,2025-08-01,Cancelled,15,2026-07-25 00:18:29.132449
3455,3455,1,Monthly,2024-04-11,,Active,10,2026-07-25 00:18:29.132474
3456,3456,1,Monthly,2025-11-05,2026-05-23,Expired,5,2026-07-25 00:18:29.132492
3457,3457,1,Monthly,2024-03-30,,Active,15,2026-07-25 00:18:29.132504
3458,3458,1,Annual,2025-02-07,,Active,10,2026-07-25 00:18:29.132516
3459,3459,1,Monthly,2024-10-10,2026-07-22,Expired,10,2026-07-25 00:18:29.132533
3460,3460,1,Monthly,2023-10-26,,Active,10,2026-07-25 00:18:29.132544
3461,3461,1,Monthly,2025-01-30,,Active,5,2026-07-25 00:18:29.132555
3462,3462,1,Monthly,2024-01-06,,Active,15,2026-07-25 00:18:29.132565
3463,3463,1,Annual,2023-03-04,,Active,5,2026-07-25 00:18:29.132576
3464,3464,2,Annual,2024-12-12,2025-08-11,Cancelled,15,2026-07-25 00:18:29.132591
3465,3465,1,Monthly,2025-08-27,2026-02-02,Expired,15,2026-07-25 00:18:29.132607
3466,3466,1,Annual,2024-04-15,,Active,10,2026-07-25 00:18:29.132618
3467,3467,1,Monthly,2024-08-26,,Active,15,2026-07-25 00:18:29.132629
3468,3468,4,Monthly,2025-12-18,,Active,15,2026-07-25 00:18:29.132881
3469,3469,1,Monthly,2024-10-21,,Active,0,2026-07-25 00:18:29.132895
3470,3470,4,Monthly,2024-06-21,,Active,5,2026-07-25 00:18:29.132905
3471,3471,3,Monthly,2023-05-10,,Active,10,2026-07-25 00:18:29.132916
3472,3472,1,Monthly,2025-10-31,,Active,5,2026-07-25 00:18:29.132926
3473,3473,4,Annual,2023-02-05,,Active,15,2026-07-25 00:18:29.132936
3474,3474,1,Monthly,2024-01-13,,Active,10,2026-07-25 00:18:29.132970
3475,3475,1,Monthly,2023-08-28,,Active,15,2026-07-25 00:18:29.132980
3476,3476,1,Monthly,2023-01-15,2024-06-01,Expired,5,2026-07-25 00:18:29.133004
3477,3477,1,Annual,2025-08-17,,Active,15,2026-07-25 00:18:29.133014
3478,3478,3,Monthly,2024-12-16,,Active,10,2026-07-25 00:18:29.133026
3479,3479,1,Monthly,2023-07-09,,Active,10,2026-07-25 00:18:29.133038
3480,3480,1,Monthly,2023-05-07,2024-11-20,Cancelled,5,2026-07-25 00:18:29.133052
3481,3481,4,Annual,2023-01-06,,Active,15,2026-07-25 00:18:29.133063
3482,3482,2,Monthly,2023-03-19,,Active,15,2026-07-25 00:18:29.133072
3483,3483,4,Annual,2025-01-09,,Active,10,2026-07-25 00:18:29.133082
3484,3484,2,Monthly,2025-07-29,,Active,10,2026-07-25 00:18:29.133092
3485,3485,1,Monthly,2023-04-06,,Active,15,2026-07-25 00:18:29.133102
3486,3486,3,Monthly,2023-10-01,2024-10-16,Expired,0,2026-07-25 00:18:29.133116
3487,3487,1,Monthly,2025-06-12,2026-12-21,Expired,10,2026-07-25 00:18:29.133128
3488,3488,2,Monthly,2023-04-28,,Active,5,2026-07-25 00:18:29.133203
3489,3489,1,Annual,2023-12-20,,Active,5,2026-07-25 00:18:29.133222
3490,3490,1,Monthly,2024-04-05,,Active,15,2026-07-25 00:18:29.133234
3491,3491,3,Monthly,2024-01-25,,Active,15,2026-07-25 00:18:29.133246
3492,3492,3,Monthly,2025-10-14,,Active,10,2026-07-25 00:18:29.133257
3493,3493,2,Annual,2023-04-08,,Active,5,2026-07-25 00:18:29.133268
3494,3494,1,Monthly,2025-08-20,,Active,10,2026-07-25 00:18:29.133297
3495,3495,1,Annual,2024-11-23,,Active,0,2026-07-25 00:18:29.133309
3496,3496,1,Monthly,2023-05-18,2025-01-26,Expired,0,2026-07-25 00:18:29.133327
3497,3497,1,Monthly,2024-07-15,2026-01-06,Expired,15,2026-07-25 00:18:29.133343
3498,3498,1,Monthly,2024-02-12,,Active,0,2026-07-25 00:18:29.133354
3499,3499,1,Monthly,2025-01-16,2025-05-03,Cancelled,0,2026-07-25 00:18:29.133369
3500,3500,3,Monthly,2024-05-01,,Active,15,2026-07-25 00:18:29.133380
3501,3501,1,Monthly,2023-03-08,,Active,15,2026-07-25 00:18:29.133390
3502,3502,1,Monthly,2024-09-18,,Active,5,2026-07-25 00:18:29.133401
3503,3503,1,Annual,2023-08-26,,Active,15,2026-07-25 00:18:29.133412
3504,3504,1,Monthly,2024-10-13,,Active,15,2026-07-25 00:18:29.133424
3505,3505,2,Annual,2024-08-15,,Active,10,2026-07-25 00:18:29.133435
3506,3506,4,Monthly,2025-10-25,,Active,10,2026-07-25 00:18:29.133448
3507,3507,4,Monthly,2023-12-04,,Active,5,2026-07-25 00:18:29.133460
3508,3508,2,Monthly,2023-08-21,,Active,0,2026-07-25 00:18:29.133471
3509,3509,1,Monthly,2024-09-01,,Active,10,2026-07-25 00:18:29.133485
3510,3510,3,Monthly,2024-03-07,,Active,5,2026-07-25 00:18:29.133495
3511,3511,2,Annual,2025-02-14,,Active,10,2026-07-25 00:18:29.133506
3512,3512,1,Annual,2025-01-27,2026-06-05,Expired,5,2026-07-25 00:18:29.133523
3513,3513,2,Monthly,2024-05-17,,Active,0,2026-07-25 00:18:29.133544
3514,3514,3,Monthly,2025-02-06,,Active,0,2026-07-25 00:18:29.133554
3515,3515,1,Monthly,2024-04-23,2025-10-08,Cancelled,10,2026-07-25 00:18:29.133568
3516,3516,1,Monthly,2024-10-28,,Active,5,2026-07-25 00:18:29.133579
3517,3517,1,Monthly,2024-08-02,,Active,10,2026-07-25 00:18:29.133588
3518,3518,1,Monthly,2023-04-09,,Active,5,2026-07-25 00:18:29.133598
3519,3519,1,Annual,2024-01-18,,Active,10,2026-07-25 00:18:29.133607
3520,3520,2,Monthly,2023-12-29,,Active,0,2026-07-25 00:18:29.133617
3521,3521,2,Monthly,2025-01-09,,Active,10,2026-07-25 00:18:29.133627
3522,3522,1,Monthly,2024-05-29,,Active,15,2026-07-25 00:18:29.133636
3523,3523,1,Monthly,2025-09-09,,Active,0,2026-07-25 00:18:29.133646
3524,3524,2,Monthly,2024-01-04,,Active,0,2026-07-25 00:18:29.133656
3525,3525,3,Monthly,2023-01-31,2024-03-06,Cancelled,5,2026-07-25 00:18:29.133670
3526,3526,1,Monthly,2023-08-19,,Active,0,2026-07-25 00:18:29.133680
3527,3527,2,Annual,2024-02-18,,Active,10,2026-07-25 00:18:29.133690
3528,3528,1,Monthly,2024-03-05,,Active,5,2026-07-25 00:18:29.133701
3529,3529,1,Monthly,2024-01-19,,Active,0,2026-07-25 00:18:29.133712
3530,3530,4,Monthly,2024-07-07,,Active,10,2026-07-25 00:18:29.133722
3531,3531,2,Monthly,2024-05-12,,Active,10,2026-07-25 00:18:29.133732
3532,3532,1,Monthly,2025-04-13,,Active,15,2026-07-25 00:18:29.133743
3533,3533,2,Monthly,2023-10-20,2025-01-29,Cancelled,0,2026-07-25 00:18:29.133778
3534,3534,1,Annual,2023-10-30,,Active,0,2026-07-25 00:18:29.133788
3535,3535,2,Monthly,2024-10-19,,Active,0,2026-07-25 00:18:29.133798
3536,3536,3,Monthly,2023-08-12,,Active,5,2026-07-25 00:18:29.133808
3537,3537,1,Annual,2024-10-16,,Active,0,2026-07-25 00:18:29.133818
3538,3538,1,Monthly,2024-11-24,,Active,0,2026-07-25 00:18:29.133829
3539,3539,2,Monthly,2024-05-02,,Active,10,2026-07-25 00:18:29.133838
3540,3540,1,Monthly,2024-03-04,,Active,0,2026-07-25 00:18:29.133848
3541,3541,1,Monthly,2024-03-18,,Active,10,2026-07-25 00:18:29.133858
3542,3542,1,Annual,2023-01-27,,Active,5,2026-07-25 00:18:29.133867
3543,3543,1,Monthly,2025-05-08,2026-02-01,Expired,15,2026-07-25 00:18:29.133881
3544,3544,1,Annual,2024-08-05,2024-11-13,Expired,0,2026-07-25 00:18:29.133895
3545,3545,1,Monthly,2023-10-04,,Active,0,2026-07-25 00:18:29.133906
3546,3546,2,Monthly,2025-09-26,2027-02-28,Cancelled,10,2026-07-25 00:18:29.133920
3547,3547,3,Monthly,2023-03-03,,Active,5,2026-07-25 00:18:29.133929
3548,3548,2,Annual,2023-04-10,,Active,5,2026-07-25 00:18:29.133939
3549,3549,1,Monthly,2025-03-23,,Active,15,2026-07-25 00:18:29.133949
3550,3550,1,Monthly,2023-05-23,,Active,15,2026-07-25 00:18:29.133958
3551,3551,2,Annual,2024-10-03,,Active,15,2026-07-25 00:18:29.133967
3552,3552,1,Monthly,2025-04-26,,Active,15,2026-07-25 00:18:29.133990
3553,3553,1,Monthly,2024-09-07,,Active,5,2026-07-25 00:18:29.134000
3554,3554,1,Monthly,2024-11-27,,Active,15,2026-07-25 00:18:29.134010
3555,3555,4,Monthly,2023-12-20,,Active,0,2026-07-25 00:18:29.134020
3556,3556,1,Annual,2025-05-16,2026-09-08,Cancelled,0,2026-07-25 00:18:29.134034
3557,3557,4,Monthly,2023-12-17,,Active,15,2026-07-25 00:18:29.134043
3558,3558,3,Monthly,2023-12-28,,Active,15,2026-07-25 00:18:29.134053
3559,3559,1,Monthly,2025-02-16,,Active,15,2026-07-25 00:18:29.134062
3560,3560,3,Monthly,2025-11-07,2027-01-17,Cancelled,5,2026-07-25 00:18:29.134076
3561,3561,3,Monthly,2025-02-03,,Active,5,2026-07-25 00:18:29.134085
3562,3562,2,Monthly,2024-10-06,,Active,10,2026-07-25 00:18:29.134095
3563,3563,1,Monthly,2023-12-23,,Active,15,2026-07-25 00:18:29.134105
3564,3564,3,Monthly,2024-07-25,,Active,15,2026-07-25 00:18:29.134116
3565,3565,1,Monthly,2025-04-13,,Active,0,2026-07-25 00:18:29.134126
3566,3566,2,Annual,2025-08-25,,Active,15,2026-07-25 00:18:29.134137
3567,3567,1,Monthly,2024-08-26,2026-04-02,Cancelled,5,2026-07-25 00:18:29.134151
3568,3568,2,Monthly,2024-02-03,,Active,10,2026-07-25 00:18:29.134161
3569,3569,2,Monthly,2024-09-01,,Active,5,2026-07-25 00:18:29.134171
3570,3570,1,Annual,2023-02-14,2024-02-11,Cancelled,5,2026-07-25 00:18:29.134185
3571,3571,2,Monthly,2025-03-06,,Active,10,2026-07-25 00:18:29.134196
3572,3572,1,Monthly,2024-08-24,2025-01-16,Expired,0,2026-07-25 00:18:29.134221
3573,3573,3,Annual,2023-11-07,2023-12-31,Expired,10,2026-07-25 00:18:29.134235
3574,3574,1,Monthly,2023-11-29,,Active,15,2026-07-25 00:18:29.134246
3575,3575,1,Monthly,2025-08-30,,Active,15,2026-07-25 00:18:29.134256
3576,3576,1,Monthly,2023-12-03,2025-10-13,Cancelled,5,2026-07-25 00:18:29.134270
3577,3577,1,Monthly,2024-06-02,,Active,15,2026-07-25 00:18:29.134281
3578,3578,1,Monthly,2024-08-26,,Active,15,2026-07-25 00:18:29.134291
3579,3579,3,Monthly,2023-09-14,,Active,15,2026-07-25 00:18:29.134301
3580,3580,3,Monthly,2025-11-02,,Active,15,2026-07-25 00:18:29.134313
3581,3581,2,Monthly,2023-01-01,,Active,0,2026-07-25 00:18:29.134324
3582,3582,1,Monthly,2024-03-02,,Active,15,2026-07-25 00:18:29.134334
3583,3583,1,Monthly,2025-06-01,,Active,10,2026-07-25 00:18:29.134345
3584,3584,1,Monthly,2023-12-01,,Active,10,2026-07-25 00:18:29.134356
3585,3585,1,Monthly,2023-04-29,,Active,0,2026-07-25 00:18:29.134379
3586,3586,2,Monthly,2023-02-24,,Active,0,2026-07-25 00:18:29.134389
3587,3587,1,Monthly,2024-12-10,,Active,10,2026-07-25 00:18:29.134399
3588,3588,1,Monthly,2025-11-25,,Active,15,2026-07-25 00:18:29.134408
3589,3589,1,Monthly,2023-09-29,,Active,0,2026-07-25 00:18:29.134418
3590,3590,2,Monthly,2023-12-31,,Active,10,2026-07-25 00:18:29.134427
3591,3591,1,Monthly,2025-05-15,,Active,15,2026-07-25 00:18:29.134447
3592,3592,1,Monthly,2025-01-15,,Active,10,2026-07-25 00:18:29.134458
3593,3593,3,Monthly,2023-12-01,2024-08-24,Expired,0,2026-07-25 00:18:29.134473
3594,3594,4,Monthly,2023-02-16,,Active,10,2026-07-25 00:18:29.134483
3595,3595,2,Annual,2024-10-02,,Active,10,2026-07-25 00:18:29.134493
3596,3596,2,Monthly,2023-03-10,,Active,5,2026-07-25 00:18:29.134512
3597,3597,4,Monthly,2024-03-13,2024-07-15,Cancelled,15,2026-07-25 00:18:29.134526
3598,3598,2,Monthly,2024-02-27,,Active,5,2026-07-25 00:18:29.134535
3599,3599,4,Monthly,2023-01-04,2024-02-23,Expired,15,2026-07-25 00:18:29.134548
3600,3600,3,Monthly,2025-05-18,,Active,15,2026-07-25 00:18:29.134558
3601,3601,2,Monthly,2023-03-15,,Active,5,2026-07-25 00:18:29.134568
3602,3602,1,Annual,2024-12-09,,Active,10,2026-07-25 00:18:29.134578
3603,3603,3,Monthly,2024-07-30,,Active,5,2026-07-25 00:18:29.134588
3604,3604,1,Monthly,2024-06-22,,Active,0,2026-07-25 00:18:29.134598
3605,3605,1,Monthly,2024-12-27,2026-01-30,Cancelled,0,2026-07-25 00:18:29.134611
3606,3606,1,Monthly,2025-11-10,,Active,10,2026-07-25 00:18:29.134620
3607,3607,3,Annual,2024-11-01,,Active,5,2026-07-25 00:18:29.134630
3608,3608,1,Monthly,2024-05-31,,Active,10,2026-07-25 00:18:29.134640
3609,3609,1,Monthly,2025-04-17,,Active,15,2026-07-25 00:18:29.134650
3610,3610,1,Monthly,2025-08-29,,Active,15,2026-07-25 00:18:29.134659
3611,3611,3,Monthly,2025-09-09,,Active,10,2026-07-25 00:18:29.134680
3612,3612,3,Annual,2023-11-16,,Active,10,2026-07-25 00:18:29.134690
3613,3613,1,Monthly,2025-02-17,,Active,10,2026-07-25 00:18:29.134723
3614,3614,1,Annual,2025-05-05,2026-10-04,Cancelled,10,2026-07-25 00:18:29.134740
3615,3615,3,Monthly,2024-06-04,,Active,0,2026-07-25 00:18:29.134752
3616,3616,4,Annual,2024-08-02,,Active,0,2026-07-25 00:18:29.134764
3617,3617,2,Monthly,2023-12-07,,Active,15,2026-07-25 00:18:29.134776
3618,3618,2,Monthly,2023-06-15,,Active,10,2026-07-25 00:18:29.134785
3619,3619,2,Monthly,2023-08-30,,Active,15,2026-07-25 00:18:29.134795
3620,3620,2,Annual,2025-02-22,,Active,15,2026-07-25 00:18:29.134806
3621,3621,1,Monthly,2025-12-15,,Active,0,2026-07-25 00:18:29.134817
3622,3622,2,Monthly,2023-11-22,,Active,0,2026-07-25 00:18:29.134828
3623,3623,1,Annual,2023-01-26,,Active,0,2026-07-25 00:18:29.134838
3624,3624,1,Monthly,2023-10-16,,Active,10,2026-07-25 00:18:29.134851
3625,3625,1,Monthly,2024-10-17,2025-07-19,Expired,10,2026-07-25 00:18:29.134865
3626,3626,3,Annual,2025-07-17,,Active,10,2026-07-25 00:18:29.134876
3627,3627,2,Annual,2024-04-16,,Active,10,2026-07-25 00:18:29.134887
3628,3628,1,Monthly,2025-09-13,,Active,5,2026-07-25 00:18:29.134897
3629,3629,1,Monthly,2025-02-15,,Active,5,2026-07-25 00:18:29.134909
3630,3630,2,Monthly,2025-01-05,,Active,15,2026-07-25 00:18:29.134930
3631,3631,2,Monthly,2024-10-18,2026-09-22,Cancelled,0,2026-07-25 00:18:29.134946
3632,3632,2,Monthly,2025-11-29,,Active,10,2026-07-25 00:18:29.134956
3633,3633,1,Annual,2025-01-27,,Active,15,2026-07-25 00:18:29.134967
3634,3634,1,Monthly,2023-05-23,,Active,5,2026-07-25 00:18:29.134976
3635,3635,3,Monthly,2025-09-07,,Active,15,2026-07-25 00:18:29.134987
3636,3636,4,Monthly,2024-06-08,,Active,10,2026-07-25 00:18:29.134998
3637,3637,1,Monthly,2023-02-23,,Active,0,2026-07-25 00:18:29.135009
3638,3638,1,Monthly,2024-12-01,,Active,15,2026-07-25 00:18:29.135019
3639,3639,1,Monthly,2023-01-16,,Active,0,2026-07-25 00:18:29.135029
3640,3640,4,Monthly,2025-02-25,2025-11-28,Cancelled,15,2026-07-25 00:18:29.135042
3641,3641,1,Monthly,2024-03-02,,Active,10,2026-07-25 00:18:29.135054
3642,3642,3,Annual,2023-03-17,,Active,10,2026-07-25 00:18:29.135066
3643,3643,4,Monthly,2025-02-01,,Active,15,2026-07-25 00:18:29.135076
3644,3644,4,Annual,2023-09-10,,Active,15,2026-07-25 00:18:29.135088
3645,3645,1,Monthly,2024-10-24,,Active,0,2026-07-25 00:18:29.135098
3646,3646,2,Monthly,2023-11-06,,Active,0,2026-07-25 00:18:29.135108
3647,3647,1,Monthly,2025-10-12,,Active,0,2026-07-25 00:18:29.135118
3648,3648,2,Monthly,2024-04-14,,Active,15,2026-07-25 00:18:29.135129
3649,3649,2,Monthly,2025-06-25,,Active,15,2026-07-25 00:18:29.135139
3650,3650,1,Monthly,2025-12-24,,Active,10,2026-07-25 00:18:29.135160
3651,3651,3,Annual,2023-07-25,2025-03-08,Cancelled,10,2026-07-25 00:18:29.135176
3652,3652,1,Monthly,2025-02-09,,Active,5,2026-07-25 00:18:29.135187
3653,3653,4,Monthly,2025-03-26,,Active,0,2026-07-25 00:18:29.135197
3654,3654,1,Monthly,2023-02-22,2024-07-19,Expired,0,2026-07-25 00:18:29.135212
3655,3655,1,Monthly,2023-04-14,,Active,0,2026-07-25 00:18:29.135223
3656,3656,1,Monthly,2024-07-09,,Active,15,2026-07-25 00:18:29.135234
3657,3657,2,Monthly,2023-08-02,2024-04-18,Expired,15,2026-07-25 00:18:29.135248
3658,3658,3,Monthly,2025-06-05,,Active,5,2026-07-25 00:18:29.135258
3659,3659,1,Monthly,2025-10-22,,Active,15,2026-07-25 00:18:29.135269
3660,3660,1,Monthly,2025-10-16,,Active,15,2026-07-25 00:18:29.135289
3661,3661,3,Monthly,2025-05-19,,Active,0,2026-07-25 00:18:29.135300
3662,3662,3,Monthly,2024-04-11,,Active,10,2026-07-25 00:18:29.135319
3663,3663,3,Monthly,2023-01-18,,Active,15,2026-07-25 00:18:29.135329
3664,3664,1,Monthly,2023-06-25,,Active,5,2026-07-25 00:18:29.135340
3665,3665,1,Monthly,2023-08-01,,Active,15,2026-07-25 00:18:29.135350
3666,3666,1,Annual,2023-11-28,,Active,0,2026-07-25 00:18:29.135362
3667,3667,1,Monthly,2025-01-13,,Active,5,2026-07-25 00:18:29.135371
3668,3668,1,Monthly,2025-05-09,,Active,5,2026-07-25 00:18:29.135382
3669,3669,1,Monthly,2025-11-02,,Active,10,2026-07-25 00:18:29.135412
3670,3670,1,Annual,2023-04-16,2024-05-30,Expired,5,2026-07-25 00:18:29.135429
3671,3671,1,Monthly,2025-05-29,,Active,0,2026-07-25 00:18:29.135439
3672,3672,4,Monthly,2025-08-29,,Active,10,2026-07-25 00:18:29.135450
3673,3673,2,Monthly,2024-09-23,,Active,10,2026-07-25 00:18:29.135460
3674,3674,1,Monthly,2024-05-12,,Active,5,2026-07-25 00:18:29.135471
3675,3675,1,Monthly,2024-08-03,,Active,0,2026-07-25 00:18:29.135481
3676,3676,1,Monthly,2023-12-16,,Active,0,2026-07-25 00:18:29.135492
3677,3677,1,Annual,2025-03-02,,Active,5,2026-07-25 00:18:29.135502
3678,3678,1,Monthly,2023-09-02,2024-11-22,Expired,5,2026-07-25 00:18:29.135516
3679,3679,1,Monthly,2025-02-11,,Active,10,2026-07-25 00:18:29.135526
3680,3680,1,Monthly,2024-10-10,,Active,15,2026-07-25 00:18:29.135537
3681,3681,1,Monthly,2023-08-15,2025-02-27,Expired,5,2026-07-25 00:18:29.135550
3682,3682,3,Monthly,2025-10-06,2026-06-17,Cancelled,5,2026-07-25 00:18:29.135564
3683,3683,1,Monthly,2024-05-23,,Active,0,2026-07-25 00:18:29.135575
3684,3684,1,Monthly,2025-01-27,,Active,0,2026-07-25 00:18:29.135585
3685,3685,1,Monthly,2025-07-04,,Active,5,2026-07-25 00:18:29.135595
3686,3686,1,Monthly,2025-06-10,2026-02-04,Cancelled,0,2026-07-25 00:18:29.135609
3687,3687,1,Annual,2025-12-10,,Active,5,2026-07-25 00:18:29.135619
3688,3688,2,Monthly,2025-08-15,,Active,5,2026-07-25 00:18:29.135630
3689,3689,1,Monthly,2024-03-24,,Active,0,2026-07-25 00:18:29.135652
3690,3690,1,Annual,2024-01-07,,Active,0,2026-07-25 00:18:29.135663
3691,3691,1,Monthly,2024-06-04,,Active,10,2026-07-25 00:18:29.135673
3692,3692,2,Monthly,2025-11-06,,Active,15,2026-07-25 00:18:29.135683
3693,3693,2,Monthly,2025-12-05,,Active,15,2026-07-25 00:18:29.135693
3694,3694,1,Monthly,2025-04-23,2026-05-23,Cancelled,5,2026-07-25 00:18:29.135707
3695,3695,1,Monthly,2023-09-27,,Active,5,2026-07-25 00:18:29.135717
3696,3696,1,Monthly,2025-09-19,,Active,0,2026-07-25 00:18:29.135728
3697,3697,1,Monthly,2024-06-08,,Active,15,2026-07-25 00:18:29.135738
3698,3698,1,Monthly,2024-08-05,2026-05-13,Expired,10,2026-07-25 00:18:29.135751
3699,3699,2,Annual,2024-02-25,,Active,5,2026-07-25 00:18:29.135761
3700,3700,2,Monthly,2023-04-22,,Active,15,2026-07-25 00:18:29.135772
3701,3701,2,Annual,2025-05-05,,Active,5,2026-07-25 00:18:29.135783
3702,3702,2,Monthly,2024-01-31,,Active,5,2026-07-25 00:18:29.135793
3703,3703,1,Monthly,2025-06-25,,Active,15,2026-07-25 00:18:29.135804
3704,3704,4,Monthly,2024-02-17,,Active,0,2026-07-25 00:18:29.135814
3705,3705,1,Monthly,2025-01-30,,Active,15,2026-07-25 00:18:29.135825
3706,3706,2,Monthly,2023-08-06,,Active,15,2026-07-25 00:18:29.135835
3707,3707,1,Monthly,2023-03-05,,Active,0,2026-07-25 00:18:29.135845
3708,3708,3,Monthly,2025-04-11,2026-12-22,Cancelled,15,2026-07-25 00:18:29.135871
3709,3709,1,Monthly,2025-12-02,,Active,0,2026-07-25 00:18:29.135882
3710,3710,3,Monthly,2025-05-30,,Active,5,2026-07-25 00:18:29.135892
3711,3711,1,Monthly,2025-08-27,2026-10-21,Cancelled,0,2026-07-25 00:18:29.135906
3712,3712,1,Monthly,2025-08-18,,Active,15,2026-07-25 00:18:29.135916
3713,3713,1,Annual,2024-01-03,,Active,5,2026-07-25 00:18:29.135926
3714,3714,2,Monthly,2024-05-07,,Active,10,2026-07-25 00:18:29.135937
3715,3715,1,Monthly,2023-11-12,,Active,10,2026-07-25 00:18:29.135947
3716,3716,1,Monthly,2025-08-12,,Active,10,2026-07-25 00:18:29.135956
3717,3717,1,Monthly,2024-01-18,,Active,5,2026-07-25 00:18:29.135966
3718,3718,1,Annual,2023-09-15,,Active,0,2026-07-25 00:18:29.135977
3719,3719,2,Annual,2023-06-16,,Active,5,2026-07-25 00:18:29.135987
3720,3720,1,Monthly,2024-11-07,,Active,5,2026-07-25 00:18:29.135997
3721,3721,1,Monthly,2023-12-27,,Active,5,2026-07-25 00:18:29.136007
3722,3722,2,Annual,2024-11-20,2025-06-12,Cancelled,5,2026-07-25 00:18:29.136021
3723,3723,1,Monthly,2025-08-13,,Active,5,2026-07-25 00:18:29.136031
3724,3724,2,Monthly,2023-11-15,,Active,0,2026-07-25 00:18:29.136052
3725,3725,2,Monthly,2024-05-15,,Active,0,2026-07-25 00:18:29.136064
3726,3726,1,Monthly,2024-08-25,,Active,0,2026-07-25 00:18:29.136075
3727,3727,2,Annual,2025-12-28,,Active,5,2026-07-25 00:18:29.136085
3728,3728,1,Monthly,2025-11-27,,Active,5,2026-07-25 00:18:29.136106
3729,3729,2,Monthly,2023-12-05,,Active,10,2026-07-25 00:18:29.136119
3730,3730,1,Monthly,2024-03-27,2024-06-24,Expired,0,2026-07-25 00:18:29.136194
3731,3731,2,Annual,2023-02-07,,Active,10,2026-07-25 00:18:29.136217
3732,3732,3,Monthly,2024-12-03,,Active,10,2026-07-25 00:18:29.136234
3733,3733,2,Monthly,2024-08-14,,Active,10,2026-07-25 00:18:29.136253
3734,3734,2,Monthly,2024-11-22,,Active,15,2026-07-25 00:18:29.136270
3735,3735,1,Monthly,2023-12-22,,Active,15,2026-07-25 00:18:29.136286
3736,3736,2,Annual,2025-01-13,,Active,15,2026-07-25 00:18:29.136303
3737,3737,2,Monthly,2025-09-28,2026-09-26,Cancelled,0,2026-07-25 00:18:29.136332
3738,3738,2,Monthly,2024-08-15,,Active,0,2026-07-25 00:18:29.136342
3739,3739,2,Monthly,2023-09-04,,Active,10,2026-07-25 00:18:29.136352
3740,3740,2,Monthly,2023-03-19,,Active,5,2026-07-25 00:18:29.136363
3741,3741,4,Annual,2024-12-04,,Active,10,2026-07-25 00:18:29.136374
3742,3742,1,Monthly,2024-03-08,,Active,5,2026-07-25 00:18:29.136387
3743,3743,1,Monthly,2023-09-16,,Active,0,2026-07-25 00:18:29.136398
3744,3744,1,Annual,2025-06-08,,Active,15,2026-07-25 00:18:29.136410
3745,3745,1,Annual,2023-10-01,,Active,5,2026-07-25 00:18:29.136480
3746,3746,1,Monthly,2023-09-18,,Active,5,2026-07-25 00:18:29.136491
3747,3747,1,Monthly,2025-07-25,,Active,5,2026-07-25 00:18:29.136512
3748,3748,4,Monthly,2023-10-05,,Active,10,2026-07-25 00:18:29.136522
3749,3749,1,Monthly,2023-10-05,2025-04-03,Cancelled,0,2026-07-25 00:18:29.136537
3750,3750,1,Monthly,2024-01-17,,Active,10,2026-07-25 00:18:29.136547
3751,3751,1,Monthly,2024-02-28,,Active,10,2026-07-25 00:18:29.136556
3752,3752,2,Monthly,2024-09-03,,Active,10,2026-07-25 00:18:29.136565
3753,3753,1,Monthly,2023-08-31,,Active,0,2026-07-25 00:18:29.136574
3754,3754,2,Monthly,2024-07-24,2025-11-02,Cancelled,5,2026-07-25 00:18:29.136598
3755,3755,1,Annual,2023-06-20,,Active,5,2026-07-25 00:18:29.136608
3756,3756,2,Monthly,2023-04-15,,Active,10,2026-07-25 00:18:29.136617
3757,3757,4,Monthly,2025-04-01,,Active,0,2026-07-25 00:18:29.136626
3758,3758,2,Monthly,2025-04-21,2025-07-05,Cancelled,10,2026-07-25 00:18:29.136652
3759,3759,1,Monthly,2025-03-18,,Active,5,2026-07-25 00:18:29.136661
3760,3760,1,Monthly,2024-09-21,2025-12-20,Cancelled,15,2026-07-25 00:18:29.136674
3761,3761,1,Monthly,2025-02-20,,Active,10,2026-07-25 00:18:29.136683
3762,3762,2,Monthly,2023-04-25,,Active,10,2026-07-25 00:18:29.136692
3763,3763,2,Monthly,2024-10-02,,Active,0,2026-07-25 00:18:29.136701
3764,3764,1,Monthly,2024-05-03,2024-07-03,Cancelled,10,2026-07-25 00:18:29.136713
3765,3765,3,Annual,2024-11-07,2025-03-13,Cancelled,0,2026-07-25 00:18:29.136748
3766,3766,3,Monthly,2023-08-06,,Active,0,2026-07-25 00:18:29.136758
3767,3767,2,Monthly,2023-12-19,,Active,0,2026-07-25 00:18:29.136779
3768,3768,1,Monthly,2024-12-23,,Active,10,2026-07-25 00:18:29.136788
3769,3769,1,Monthly,2024-10-07,,Active,0,2026-07-25 00:18:29.136798
3770,3770,2,Monthly,2025-09-21,,Active,15,2026-07-25 00:18:29.136807
3771,3771,1,Monthly,2024-06-28,,Active,15,2026-07-25 00:18:29.136817
3772,3772,1,Monthly,2024-11-04,,Active,10,2026-07-25 00:18:29.136826
3773,3773,2,Annual,2025-03-07,,Active,5,2026-07-25 00:18:29.136836
3774,3774,2,Annual,2025-01-14,2026-09-07,Expired,10,2026-07-25 00:18:29.136849
3775,3775,1,Monthly,2024-04-27,2024-09-07,Cancelled,0,2026-07-25 00:18:29.136862
3776,3776,1,Monthly,2025-05-22,,Active,5,2026-07-25 00:18:29.136871
3777,3777,1,Monthly,2025-09-06,,Active,5,2026-07-25 00:18:29.136879
3778,3778,4,Annual,2025-08-10,,Active,10,2026-07-25 00:18:29.136928
3779,3779,1,Annual,2024-07-25,,Active,5,2026-07-25 00:18:29.136942
3780,3780,1,Annual,2023-07-11,,Active,15,2026-07-25 00:18:29.136952
3781,3781,1,Monthly,2025-03-09,,Active,5,2026-07-25 00:18:29.136962
3782,3782,2,Monthly,2025-05-29,,Active,15,2026-07-25 00:18:29.136972
3783,3783,1,Annual,2024-08-10,,Active,5,2026-07-25 00:18:29.136983
3784,3784,3,Monthly,2025-09-13,,Active,0,2026-07-25 00:18:29.136993
3785,3785,2,Monthly,2023-11-01,2025-01-01,Cancelled,10,2026-07-25 00:18:29.137011
3786,3786,3,Monthly,2024-09-04,,Active,0,2026-07-25 00:18:29.137037
3787,3787,1,Monthly,2023-01-19,,Active,0,2026-07-25 00:18:29.137049
3788,3788,1,Monthly,2023-10-28,2025-10-10,Cancelled,5,2026-07-25 00:18:29.137078
3789,3789,3,Monthly,2024-10-25,,Active,5,2026-07-25 00:18:29.137089
3790,3790,1,Monthly,2023-04-13,,Active,15,2026-07-25 00:18:29.137100
3791,3791,2,Monthly,2025-01-19,2025-04-19,Cancelled,5,2026-07-25 00:18:29.137114
3792,3792,1,Annual,2025-11-10,,Active,10,2026-07-25 00:18:29.137124
3793,3793,2,Monthly,2024-06-16,,Active,0,2026-07-25 00:18:29.137136
3794,3794,3,Monthly,2024-02-05,2025-04-06,Cancelled,15,2026-07-25 00:18:29.137152
3795,3795,3,Monthly,2024-05-28,,Active,0,2026-07-25 00:18:29.137163
3796,3796,1,Monthly,2025-07-05,,Active,0,2026-07-25 00:18:29.137175
3797,3797,3,Monthly,2024-01-17,,Active,0,2026-07-25 00:18:29.137185
3798,3798,1,Monthly,2025-01-20,,Active,0,2026-07-25 00:18:29.137196
3799,3799,1,Annual,2025-02-13,,Active,0,2026-07-25 00:18:29.137214
3800,3800,3,Monthly,2024-02-05,,Active,15,2026-07-25 00:18:29.137225
3801,3801,3,Annual,2023-12-14,,Active,5,2026-07-25 00:18:29.137235
3802,3802,1,Monthly,2024-12-22,,Active,10,2026-07-25 00:18:29.137245
3803,3803,1,Monthly,2025-04-22,,Active,10,2026-07-25 00:18:29.137257
3804,3804,3,Monthly,2024-05-29,2024-08-02,Cancelled,5,2026-07-25 00:18:29.137272
3805,3805,2,Monthly,2025-01-17,,Active,15,2026-07-25 00:18:29.137282
3806,3806,2,Monthly,2024-11-07,,Active,10,2026-07-25 00:18:29.137308
3807,3807,2,Monthly,2025-01-05,,Active,10,2026-07-25 00:18:29.137319
3808,3808,1,Monthly,2023-07-03,,Active,0,2026-07-25 00:18:29.137329
3809,3809,1,Annual,2025-02-03,,Active,15,2026-07-25 00:18:29.137340
3810,3810,3,Annual,2024-01-01,,Active,10,2026-07-25 00:18:29.137350
3811,3811,1,Monthly,2024-06-06,,Active,10,2026-07-25 00:18:29.137360
3812,3812,1,Annual,2024-08-08,,Active,10,2026-07-25 00:18:29.137371
3813,3813,1,Monthly,2023-01-14,,Active,0,2026-07-25 00:18:29.137381
3814,3814,1,Monthly,2023-05-24,,Active,10,2026-07-25 00:18:29.137391
3815,3815,2,Annual,2023-10-03,,Active,15,2026-07-25 00:18:29.137401
3816,3816,1,Annual,2025-11-20,,Active,0,2026-07-25 00:18:29.137411
3817,3817,1,Monthly,2023-05-16,,Active,15,2026-07-25 00:18:29.137422
3818,3818,1,Monthly,2024-05-27,,Active,5,2026-07-25 00:18:29.137432
3819,3819,1,Monthly,2023-05-08,2024-12-19,Expired,15,2026-07-25 00:18:29.137449
3820,3820,1,Monthly,2023-09-21,,Active,15,2026-07-25 00:18:29.137476
3821,3821,1,Monthly,2024-02-20,,Active,10,2026-07-25 00:18:29.137487
3822,3822,1,Monthly,2025-08-09,,Active,15,2026-07-25 00:18:29.137500
3823,3823,4,Monthly,2024-02-08,,Active,5,2026-07-25 00:18:29.137510
3824,3824,1,Annual,2025-03-10,,Active,10,2026-07-25 00:18:29.137520
3825,3825,1,Annual,2025-12-06,2027-02-08,Cancelled,0,2026-07-25 00:18:29.137550
3826,3826,1,Monthly,2025-10-30,,Active,10,2026-07-25 00:18:29.137563
3827,3827,2,Monthly,2024-07-11,2025-11-16,Cancelled,10,2026-07-25 00:18:29.137577
3828,3828,4,Monthly,2024-10-11,,Active,0,2026-07-25 00:18:29.137587
3829,3829,2,Monthly,2025-10-31,2026-07-21,Cancelled,0,2026-07-25 00:18:29.137602
3830,3830,1,Monthly,2025-12-28,,Active,15,2026-07-25 00:18:29.137613
3831,3831,1,Annual,2025-07-01,,Active,5,2026-07-25 00:18:29.137622
3832,3832,1,Monthly,2023-07-15,,Active,0,2026-07-25 00:18:29.137632
3833,3833,1,Monthly,2024-05-31,,Active,10,2026-07-25 00:18:29.137644
3834,3834,3,Monthly,2024-09-28,2025-06-16,Cancelled,10,2026-07-25 00:18:29.137658
3835,3835,3,Monthly,2025-11-09,,Active,0,2026-07-25 00:18:29.137667
3836,3836,3,Monthly,2025-01-05,,Active,5,2026-07-25 00:18:29.137676
3837,3837,1,Monthly,2023-04-13,2023-11-30,Cancelled,15,2026-07-25 00:18:29.137690
3838,3838,3,Monthly,2024-08-28,,Active,5,2026-07-25 00:18:29.137701
3839,3839,2,Monthly,2025-10-19,,Active,0,2026-07-25 00:18:29.137727
3840,3840,3,Monthly,2024-11-29,,Active,5,2026-07-25 00:18:29.137738
3841,3841,1,Annual,2024-10-18,,Active,0,2026-07-25 00:18:29.137749
3842,3842,1,Annual,2025-12-23,,Active,15,2026-07-25 00:18:29.137759
3843,3843,1,Annual,2024-01-25,,Active,10,2026-07-25 00:18:29.137772
3844,3844,4,Monthly,2024-06-03,,Active,15,2026-07-25 00:18:29.137783
3845,3845,3,Monthly,2024-01-08,,Active,15,2026-07-25 00:18:29.137808
3846,3846,1,Annual,2023-10-08,,Active,10,2026-07-25 00:18:29.137818
3847,3847,3,Monthly,2024-07-14,,Active,10,2026-07-25 00:18:29.137828
3848,3848,1,Monthly,2023-06-12,2023-12-06,Expired,15,2026-07-25 00:18:29.137847
3849,3849,3,Monthly,2023-11-10,,Active,5,2026-07-25 00:18:29.137857
3850,3850,1,Monthly,2025-10-20,,Active,0,2026-07-25 00:18:29.137867
3851,3851,3,Monthly,2025-04-01,2027-03-27,Expired,5,2026-07-25 00:18:29.137893
3852,3852,2,Annual,2023-03-03,,Active,10,2026-07-25 00:18:29.137907
3853,3853,1,Monthly,2024-03-26,,Active,5,2026-07-25 00:18:29.137918
3854,3854,1,Monthly,2023-01-28,,Active,10,2026-07-25 00:18:29.137928
3855,3855,1,Monthly,2023-04-08,,Active,15,2026-07-25 00:18:29.137938
3856,3856,2,Monthly,2024-12-21,,Active,15,2026-07-25 00:18:29.137948
3857,3857,1,Annual,2023-12-13,,Active,15,2026-07-25 00:18:29.138003
3858,3858,1,Monthly,2023-03-02,,Active,15,2026-07-25 00:18:29.138017
3859,3859,1,Annual,2024-01-30,,Active,5,2026-07-25 00:18:29.138028
3860,3860,2,Monthly,2023-03-04,,Active,5,2026-07-25 00:18:29.138038
3861,3861,1,Monthly,2024-01-07,,Active,15,2026-07-25 00:18:29.138048
3862,3862,1,Monthly,2023-04-29,,Active,10,2026-07-25 00:18:29.138058
3863,3863,2,Monthly,2024-10-09,2025-07-29,Expired,10,2026-07-25 00:18:29.138074
3864,3864,1,Monthly,2025-09-21,,Active,15,2026-07-25 00:18:29.138102
3865,3865,1,Monthly,2025-02-10,2026-03-11,Expired,15,2026-07-25 00:18:29.138118
3866,3866,3,Monthly,2023-06-30,,Active,10,2026-07-25 00:18:29.138128
3867,3867,3,Monthly,2025-05-21,,Active,15,2026-07-25 00:18:29.138139
3868,3868,1,Annual,2025-11-30,,Active,5,2026-07-25 00:18:29.138152
3869,3869,1,Monthly,2025-01-15,,Active,15,2026-07-25 00:18:29.138163
3870,3870,1,Monthly,2024-02-06,,Active,0,2026-07-25 00:18:29.138173
3871,3871,1,Monthly,2024-02-04,,Active,10,2026-07-25 00:18:29.138182
3872,3872,1,Monthly,2023-09-12,,Active,10,2026-07-25 00:18:29.138192
3873,3873,2,Monthly,2024-04-25,,Active,15,2026-07-25 00:18:29.138202
3874,3874,2,Monthly,2023-08-30,,Active,0,2026-07-25 00:18:29.138215
3875,3875,3,Monthly,2024-01-08,,Active,5,2026-07-25 00:18:29.138226
3876,3876,1,Monthly,2023-10-06,,Active,10,2026-07-25 00:18:29.138237
3877,3877,1,Annual,2023-07-08,,Active,5,2026-07-25 00:18:29.138247
3878,3878,1,Annual,2023-07-09,,Active,5,2026-07-25 00:18:29.138257
3879,3879,1,Monthly,2023-05-10,,Active,10,2026-07-25 00:18:29.138270
3880,3880,1,Annual,2024-08-25,,Active,0,2026-07-25 00:18:29.138283
3881,3881,1,Monthly,2023-01-29,,Active,10,2026-07-25 00:18:29.138294
3882,3882,2,Monthly,2023-04-09,2024-10-27,Cancelled,15,2026-07-25 00:18:29.138308
3883,3883,2,Monthly,2025-03-22,,Active,15,2026-07-25 00:18:29.138318
3884,3884,1,Monthly,2025-09-08,,Active,15,2026-07-25 00:18:29.138341
3885,3885,1,Monthly,2024-11-02,2025-11-28,Expired,0,2026-07-25 00:18:29.138360
3886,3886,2,Annual,2023-11-26,,Active,5,2026-07-25 00:18:29.138370
3887,3887,1,Monthly,2025-01-20,2025-07-27,Expired,5,2026-07-25 00:18:29.138384
3888,3888,2,Monthly,2023-12-19,,Active,5,2026-07-25 00:18:29.138394
3889,3889,3,Annual,2024-12-12,,Active,5,2026-07-25 00:18:29.138405
3890,3890,1,Monthly,2023-03-07,,Active,5,2026-07-25 00:18:29.138418
3891,3891,1,Monthly,2025-06-05,,Active,5,2026-07-25 00:18:29.138429
3892,3892,1,Monthly,2024-08-01,,Active,10,2026-07-25 00:18:29.138439
3893,3893,2,Monthly,2024-05-04,2025-08-18,Expired,0,2026-07-25 00:18:29.138453
3894,3894,3,Annual,2025-07-12,,Active,0,2026-07-25 00:18:29.138463
3895,3895,3,Annual,2025-02-06,,Active,0,2026-07-25 00:18:29.138473
3896,3896,1,Annual,2025-08-28,,Active,5,2026-07-25 00:18:29.138486
3897,3897,4,Monthly,2024-05-07,,Active,0,2026-07-25 00:18:29.138496
3898,3898,1,Monthly,2024-03-31,,Active,15,2026-07-25 00:18:29.138506
3899,3899,1,Monthly,2024-04-11,,Active,0,2026-07-25 00:18:29.138517
3900,3900,1,Monthly,2024-08-12,,Active,0,2026-07-25 00:18:29.138526
3901,3901,1,Monthly,2023-04-26,,Active,5,2026-07-25 00:18:29.138539
3902,3902,2,Annual,2024-09-24,,Active,0,2026-07-25 00:18:29.138550
3903,3903,1,Monthly,2024-05-24,,Active,10,2026-07-25 00:18:29.138572
3904,3904,3,Annual,2025-03-26,,Active,10,2026-07-25 00:18:29.138582
3905,3905,2,Monthly,2024-02-15,,Active,5,2026-07-25 00:18:29.138592
3906,3906,1,Annual,2025-06-14,,Active,5,2026-07-25 00:18:29.138605
3907,3907,2,Annual,2023-12-26,,Active,15,2026-07-25 00:18:29.138615
3908,3908,1,Monthly,2025-04-20,,Active,15,2026-07-25 00:18:29.138625
3909,3909,1,Monthly,2025-06-15,,Active,5,2026-07-25 00:18:29.138635
3910,3910,1,Monthly,2023-06-06,,Active,10,2026-07-25 00:18:29.138645
3911,3911,1,Monthly,2024-10-14,,Active,10,2026-07-25 00:18:29.138655
3912,3912,1,Monthly,2023-03-22,,Active,10,2026-07-25 00:18:29.138668
3913,3913,1,Annual,2023-01-07,,Active,5,2026-07-25 00:18:29.138678
3914,3914,1,Monthly,2024-12-29,,Active,15,2026-07-25 00:18:29.138688
3915,3915,3,Annual,2023-09-04,,Active,0,2026-07-25 00:18:29.138711
3916,3916,1,Monthly,2024-06-02,,Active,10,2026-07-25 00:18:29.138722
3917,3917,1,Monthly,2025-12-24,2026-12-04,Expired,5,2026-07-25 00:18:29.138764
3918,3918,1,Monthly,2024-12-31,,Active,0,2026-07-25 00:18:29.138775
3919,3919,1,Monthly,2023-09-21,,Active,0,2026-07-25 00:18:29.138785
3920,3920,3,Monthly,2024-09-25,,Active,15,2026-07-25 00:18:29.138799
3921,3921,2,Annual,2025-06-14,2026-03-27,Cancelled,0,2026-07-25 00:18:29.138814
3922,3922,1,Annual,2023-04-03,,Active,0,2026-07-25 00:18:29.138824
3923,3923,1,Monthly,2023-10-26,2024-07-11,Cancelled,0,2026-07-25 00:18:29.138852
3924,3924,1,Monthly,2024-10-01,,Active,15,2026-07-25 00:18:29.138865
3925,3925,2,Monthly,2023-07-13,,Active,0,2026-07-25 00:18:29.138888
3926,3926,2,Monthly,2023-06-28,,Active,5,2026-07-25 00:18:29.138899
3927,3927,2,Monthly,2025-12-09,,Active,5,2026-07-25 00:18:29.138908
3928,3928,2,Monthly,2025-06-20,,Active,15,2026-07-25 00:18:29.138919
3929,3929,2,Monthly,2023-07-25,,Active,10,2026-07-25 00:18:29.138929
3930,3930,3,Monthly,2023-04-23,,Active,10,2026-07-25 00:18:29.138946
3931,3931,1,Monthly,2023-06-24,,Active,5,2026-07-25 00:18:29.138959
3932,3932,2,Monthly,2025-12-17,,Active,0,2026-07-25 00:18:29.138969
3933,3933,2,Monthly,2023-11-17,,Active,15,2026-07-25 00:18:29.138978
3934,3934,2,Annual,2023-07-11,,Active,15,2026-07-25 00:18:29.138988
3935,3935,1,Monthly,2025-10-21,2027-01-28,Expired,15,2026-07-25 00:18:29.139004
3936,3936,1,Annual,2025-09-13,,Active,15,2026-07-25 00:18:29.139018
3937,3937,2,Monthly,2023-10-20,,Active,10,2026-07-25 00:18:29.139034
3938,3938,2,Annual,2024-03-01,,Active,15,2026-07-25 00:18:29.139044
3939,3939,4,Annual,2024-12-21,,Active,10,2026-07-25 00:18:29.139054
3940,3940,3,Annual,2024-12-13,2025-07-30,Expired,15,2026-07-25 00:18:29.139068
3941,3941,1,Monthly,2023-08-07,2023-10-28,Cancelled,5,2026-07-25 00:18:29.139082
3942,3942,1,Monthly,2023-01-22,,Active,15,2026-07-25 00:18:29.139109
3943,3943,3,Monthly,2025-06-30,,Active,15,2026-07-25 00:18:29.139119
3944,3944,3,Monthly,2024-11-29,,Active,15,2026-07-25 00:18:29.139129
3945,3945,2,Monthly,2025-01-10,,Active,10,2026-07-25 00:18:29.139139
3946,3946,4,Monthly,2024-11-11,,Active,5,2026-07-25 00:18:29.139153
3947,3947,1,Monthly,2025-09-29,,Active,10,2026-07-25 00:18:29.139163
3948,3948,2,Monthly,2025-05-07,,Active,0,2026-07-25 00:18:29.139173
3949,3949,2,Monthly,2024-07-30,,Active,0,2026-07-25 00:18:29.139183
3950,3950,2,Annual,2025-03-13,,Active,15,2026-07-25 00:18:29.139193
3951,3951,1,Monthly,2025-05-31,,Active,10,2026-07-25 00:18:29.139203
3952,3952,3,Annual,2024-01-27,,Active,10,2026-07-25 00:18:29.139215
3953,3953,1,Monthly,2025-05-13,2025-07-15,Cancelled,15,2026-07-25 00:18:29.139231
3954,3954,1,Monthly,2025-09-01,,Active,5,2026-07-25 00:18:29.139242
3955,3955,2,Monthly,2023-01-31,,Active,5,2026-07-25 00:18:29.139251
3956,3956,1,Monthly,2024-10-14,,Active,15,2026-07-25 00:18:29.139263
3957,3957,1,Monthly,2024-04-20,,Active,10,2026-07-25 00:18:29.139274
3958,3958,3,Monthly,2025-06-29,,Active,5,2026-07-25 00:18:29.139286
3959,3959,1,Monthly,2025-07-23,,Active,10,2026-07-25 00:18:29.139296
3960,3960,1,Monthly,2023-11-01,2024-07-11,Cancelled,10,2026-07-25 00:18:29.139310
3961,3961,3,Monthly,2024-07-08,,Active,5,2026-07-25 00:18:29.139320
3962,3962,1,Annual,2025-02-05,,Active,15,2026-07-25 00:18:29.139347
3963,3963,2,Monthly,2023-01-26,,Active,10,2026-07-25 00:18:29.139358
3964,3964,3,Monthly,2024-09-30,,Active,10,2026-07-25 00:18:29.139368
3965,3965,2,Annual,2025-04-11,2026-06-18,Expired,0,2026-07-25 00:18:29.139383
3966,3966,1,Annual,2024-11-16,2025-05-04,Cancelled,5,2026-07-25 00:18:29.139397
3967,3967,3,Monthly,2023-05-31,,Active,0,2026-07-25 00:18:29.139410
3968,3968,1,Monthly,2024-09-27,,Active,10,2026-07-25 00:18:29.139420
3969,3969,3,Annual,2025-07-03,,Active,0,2026-07-25 00:18:29.139430
3970,3970,1,Monthly,2024-01-03,,Active,0,2026-07-25 00:18:29.139440
3971,3971,2,Monthly,2025-04-14,,Active,10,2026-07-25 00:18:29.139450
3972,3972,4,Annual,2025-12-06,,Active,15,2026-07-25 00:18:29.139460
3973,3973,2,Monthly,2025-12-16,,Active,5,2026-07-25 00:18:29.139473
3974,3974,3,Monthly,2023-12-03,,Active,10,2026-07-25 00:18:29.139483
3975,3975,1,Annual,2025-02-21,,Active,10,2026-07-25 00:18:29.139493
3976,3976,1,Monthly,2025-12-17,2027-07-10,Expired,10,2026-07-25 00:18:29.139508
3977,3977,1,Monthly,2025-05-14,,Active,5,2026-07-25 00:18:29.139519
3978,3978,1,Monthly,2025-06-07,,Active,15,2026-07-25 00:18:29.139528
3979,3979,3,Monthly,2023-09-25,,Active,15,2026-07-25 00:18:29.139552
3980,3980,1,Annual,2023-10-06,,Active,0,2026-07-25 00:18:29.139567
3981,3981,3,Monthly,2023-07-26,,Active,15,2026-07-25 00:18:29.139591
3982,3982,3,Monthly,2023-12-17,2025-08-21,Cancelled,5,2026-07-25 00:18:29.139608
3983,3983,1,Monthly,2023-11-14,,Active,10,2026-07-25 00:18:29.139618
3984,3984,4,Monthly,2024-04-10,,Active,5,2026-07-25 00:18:29.139632
3985,3985,3,Monthly,2023-09-05,,Active,15,2026-07-25 00:18:29.139643
3986,3986,1,Monthly,2023-02-24,2024-08-24,Cancelled,0,2026-07-25 00:18:29.139656
3987,3987,1,Monthly,2023-05-12,,Active,15,2026-07-25 00:18:29.139666
3988,3988,3,Annual,2024-10-06,,Active,15,2026-07-25 00:18:29.139676
3989,3989,1,Annual,2023-09-16,,Active,5,2026-07-25 00:18:29.139686
3990,3990,2,Monthly,2025-11-17,,Active,10,2026-07-25 00:18:29.139696
3991,3991,1,Monthly,2025-06-28,,Active,10,2026-07-25 00:18:29.139707
3992,3992,1,Monthly,2025-07-12,,Active,15,2026-07-25 00:18:29.139717
3993,3993,3,Monthly,2023-09-25,,Active,0,2026-07-25 00:18:29.139727
3994,3994,3,Monthly,2025-07-30,2027-05-26,Cancelled,5,2026-07-25 00:18:29.139741
3995,3995,1,Monthly,2023-11-01,,Active,15,2026-07-25 00:18:29.139754
3996,3996,2,Monthly,2024-12-23,,Active,15,2026-07-25 00:18:29.139768
3997,3997,3,Monthly,2025-12-14,,Active,0,2026-07-25 00:18:29.139778
3998,3998,1,Monthly,2025-12-23,,Active,10,2026-07-25 00:18:29.139789
3999,3999,3,Monthly,2025-10-06,2025-12-17,Expired,10,2026-07-25 00:18:29.139803
4000,4000,4,Monthly,2023-10-07,,Active,5,2026-07-25 00:18:29.139814
4001,4001,4,Monthly,2023-03-20,,Active,10,2026-07-25 00:18:29.139837
4002,4002,1,Monthly,2025-04-17,2026-05-02,Cancelled,0,2026-07-25 00:18:29.139851
4003,4003,1,Monthly,2024-02-10,,Active,0,2026-07-25 00:18:29.139862
4004,4004,3,Monthly,2023-03-10,,Active,15,2026-07-25 00:18:29.139872
4005,4005,1,Annual,2023-08-06,,Active,5,2026-07-25 00:18:29.139890
4006,4006,3,Annual,2025-03-15,,Active,10,2026-07-25 00:18:29.139900
4007,4007,1,Monthly,2024-10-17,,Active,15,2026-07-25 00:18:29.139910
4008,4008,2,Annual,2024-12-16,,Active,10,2026-07-25 00:18:29.139920
4009,4009,3,Monthly,2023-02-16,2023-09-18,Cancelled,5,2026-07-25 00:18:29.139953
4010,4010,3,Monthly,2025-10-29,,Active,10,2026-07-25 00:18:29.139965
4011,4011,1,Annual,2024-05-15,,Active,0,2026-07-25 00:18:29.139975
4012,4012,1,Monthly,2025-06-29,,Active,5,2026-07-25 00:18:29.139985
4013,4013,2,Monthly,2025-01-16,,Active,15,2026-07-25 00:18:29.139995
4014,4014,3,Annual,2025-10-02,,Active,10,2026-07-25 00:18:29.140005
4015,4015,1,Monthly,2025-07-28,,Active,5,2026-07-25 00:18:29.140015
4016,4016,3,Annual,2024-04-30,,Active,10,2026-07-25 00:18:29.140029
4017,4017,1,Monthly,2025-02-21,,Active,10,2026-07-25 00:18:29.140040
4018,4018,1,Monthly,2025-04-27,2027-01-31,Cancelled,5,2026-07-25 00:18:29.140055
4019,4019,2,Monthly,2025-04-18,,Active,10,2026-07-25 00:18:29.140065
4020,4020,3,Monthly,2023-04-29,,Active,5,2026-07-25 00:18:29.140087
4021,4021,1,Annual,2025-02-17,,Active,5,2026-07-25 00:18:29.140098
4022,4022,1,Monthly,2025-02-26,2025-10-06,Cancelled,5,2026-07-25 00:18:29.140113
4023,4023,1,Monthly,2023-03-17,,Active,10,2026-07-25 00:18:29.140123
4024,4024,3,Monthly,2024-08-10,,Active,10,2026-07-25 00:18:29.140133
4025,4025,1,Monthly,2025-03-12,,Active,0,2026-07-25 00:18:29.140145
4026,4026,1,Monthly,2025-05-24,,Active,0,2026-07-25 00:18:29.140154
4027,4027,3,Monthly,2024-02-23,,Active,10,2026-07-25 00:18:29.140165
4028,4028,3,Monthly,2024-07-22,,Active,15,2026-07-25 00:18:29.140257
4029,4029,1,Monthly,2024-08-06,,Active,10,2026-07-25 00:18:29.141975
4030,4030,1,Monthly,2023-03-24,,Active,10,2026-07-25 00:18:29.142027
4031,4031,2,Monthly,2025-08-12,,Active,10,2026-07-25 00:18:29.142036
4032,4032,1,Monthly,2025-08-27,,Active,10,2026-07-25 00:18:29.142047
4033,4033,1,Monthly,2023-07-15,2024-10-09,Expired,10,2026-07-25 00:18:29.142069
4034,4034,1,Monthly,2023-07-10,,Active,5,2026-07-25 00:18:29.142078
4035,4035,1,Monthly,2025-05-13,,Active,0,2026-07-25 00:18:29.142087
4036,4036,1,Monthly,2025-09-27,,Active,15,2026-07-25 00:18:29.142096
4037,4037,1,Monthly,2025-02-13,,Active,15,2026-07-25 00:18:29.142105
4038,4038,2,Monthly,2023-10-19,2024-08-22,Expired,5,2026-07-25 00:18:29.142118
4039,4039,1,Monthly,2025-11-11,2026-04-10,Cancelled,15,2026-07-25 00:18:29.142130
4040,4040,1,Monthly,2025-08-19,,Active,5,2026-07-25 00:18:29.142151
4041,4041,1,Monthly,2025-11-06,,Active,15,2026-07-25 00:18:29.142161
4042,4042,1,Monthly,2024-01-13,,Active,10,2026-07-25 00:18:29.142169
4043,4043,2,Annual,2025-03-31,,Active,15,2026-07-25 00:18:29.142190
4044,4044,1,Monthly,2024-01-27,,Active,0,2026-07-25 00:18:29.142201
4045,4045,1,Monthly,2024-08-29,,Active,10,2026-07-25 00:18:29.142210
4046,4046,2,Monthly,2023-09-01,,Active,5,2026-07-25 00:18:29.142219
4047,4047,1,Monthly,2024-03-27,,Active,0,2026-07-25 00:18:29.142228
4048,4048,3,Monthly,2025-11-15,,Active,10,2026-07-25 00:18:29.142237
4049,4049,2,Monthly,2024-04-01,,Active,0,2026-07-25 00:18:29.142246
4050,4050,2,Monthly,2023-02-06,2023-08-11,Cancelled,15,2026-07-25 00:18:29.142259
4051,4051,1,Monthly,2024-03-10,,Active,10,2026-07-25 00:18:29.142268
4052,4052,3,Monthly,2025-04-03,2027-02-04,Expired,0,2026-07-25 00:18:29.142281
4053,4053,1,Monthly,2023-06-19,2023-09-07,Expired,10,2026-07-25 00:18:29.142293
4054,4054,4,Monthly,2025-03-16,,Active,10,2026-07-25 00:18:29.142302
4055,4055,1,Monthly,2024-05-30,,Active,10,2026-07-25 00:18:29.142311
4056,4056,3,Annual,2023-04-06,,Active,15,2026-07-25 00:18:29.142320
4057,4057,4,Monthly,2023-03-31,2025-03-09,Expired,10,2026-07-25 00:18:29.142332
4058,4058,2,Monthly,2023-11-21,2025-04-29,Expired,15,2026-07-25 00:18:29.142345
4059,4059,1,Annual,2025-07-01,,Active,10,2026-07-25 00:18:29.142364
4060,4060,2,Annual,2023-12-11,,Active,0,2026-07-25 00:18:29.142373
4061,4061,1,Monthly,2023-05-27,,Active,10,2026-07-25 00:18:29.142382
4062,4062,1,Monthly,2023-07-12,,Active,10,2026-07-25 00:18:29.142391
4063,4063,2,Monthly,2023-05-23,,Active,0,2026-07-25 00:18:29.142400
4064,4064,2,Monthly,2025-09-27,,Active,5,2026-07-25 00:18:29.142409
4065,4065,1,Monthly,2024-09-23,,Active,5,2026-07-25 00:18:29.142419
4066,4066,3,Monthly,2025-08-08,,Active,10,2026-07-25 00:18:29.142428
4067,4067,2,Monthly,2023-05-29,,Active,10,2026-07-25 00:18:29.142437
4068,4068,1,Monthly,2025-05-08,,Active,0,2026-07-25 00:18:29.142446
4069,4069,1,Monthly,2023-10-15,,Active,0,2026-07-25 00:18:29.142455
4070,4070,1,Monthly,2025-06-29,,Active,5,2026-07-25 00:18:29.142464
4071,4071,2,Monthly,2023-06-24,,Active,15,2026-07-25 00:18:29.142474
4072,4072,1,Monthly,2024-01-15,,Active,0,2026-07-25 00:18:29.142483
4073,4073,2,Monthly,2024-02-14,2025-09-22,Cancelled,15,2026-07-25 00:18:29.142497
4074,4074,1,Monthly,2024-10-07,2025-01-09,Expired,5,2026-07-25 00:18:29.142509
4075,4075,1,Annual,2023-11-28,,Active,0,2026-07-25 00:18:29.142518
4076,4076,2,Monthly,2023-07-28,,Active,15,2026-07-25 00:18:29.142527
4077,4077,1,Monthly,2023-04-21,2023-10-06,Cancelled,5,2026-07-25 00:18:29.142540
4078,4078,1,Monthly,2025-06-12,,Active,5,2026-07-25 00:18:29.142549
4079,4079,2,Monthly,2023-12-26,,Active,10,2026-07-25 00:18:29.142568
4080,4080,1,Monthly,2023-02-10,,Active,0,2026-07-25 00:18:29.142577
4081,4081,1,Monthly,2023-09-02,,Active,5,2026-07-25 00:18:29.142587
4082,4082,2,Monthly,2023-08-18,,Active,5,2026-07-25 00:18:29.142595
4083,4083,1,Monthly,2024-06-04,,Active,0,2026-07-25 00:18:29.142604
4084,4084,2,Monthly,2023-02-26,,Active,10,2026-07-25 00:18:29.142614
4085,4085,1,Monthly,2025-04-12,,Active,15,2026-07-25 00:18:29.142623
4086,4086,2,Annual,2024-07-23,,Active,15,2026-07-25 00:18:29.142632
4087,4087,3,Monthly,2024-09-06,,Active,10,2026-07-25 00:18:29.142641
4088,4088,1,Monthly,2023-03-14,,Active,15,2026-07-25 00:18:29.142650
4089,4089,1,Monthly,2023-01-28,,Active,10,2026-07-25 00:18:29.142659
4090,4090,1,Monthly,2025-03-19,,Active,0,2026-07-25 00:18:29.142668
4091,4091,3,Monthly,2025-08-01,2026-09-19,Expired,15,2026-07-25 00:18:29.142681
4092,4092,1,Annual,2024-08-23,,Active,0,2026-07-25 00:18:29.142691
4093,4093,4,Annual,2024-05-12,,Active,5,2026-07-25 00:18:29.142700
4094,4094,3,Monthly,2024-01-30,,Active,5,2026-07-25 00:18:29.142719
4095,4095,2,Annual,2025-03-01,,Active,5,2026-07-25 00:18:29.142728
4096,4096,1,Monthly,2025-01-23,,Active,0,2026-07-25 00:18:29.142737
4097,4097,1,Monthly,2023-08-10,,Active,10,2026-07-25 00:18:29.142746
4098,4098,1,Monthly,2023-03-04,,Active,5,2026-07-25 00:18:29.142782
4099,4099,1,Monthly,2023-01-08,,Active,10,2026-07-25 00:18:29.142792
4100,4100,1,Annual,2024-01-04,,Active,10,2026-07-25 00:18:29.142801
4101,4101,1,Annual,2025-04-01,,Active,10,2026-07-25 00:18:29.142810
4102,4102,2,Monthly,2023-12-30,,Active,10,2026-07-25 00:18:29.142819
4103,4103,3,Monthly,2025-11-02,,Active,0,2026-07-25 00:18:29.142828
4104,4104,1,Monthly,2025-07-29,,Active,5,2026-07-25 00:18:29.142837
4105,4105,3,Monthly,2025-06-21,,Active,15,2026-07-25 00:18:29.142846
4106,4106,1,Monthly,2023-01-25,,Active,5,2026-07-25 00:18:29.142865
4107,4107,4,Monthly,2023-09-15,2024-04-01,Cancelled,10,2026-07-25 00:18:29.142878
4108,4108,1,Monthly,2025-08-27,,Active,5,2026-07-25 00:18:29.142889
4109,4109,3,Monthly,2025-10-17,,Active,0,2026-07-25 00:18:29.142898
4110,4110,1,Monthly,2025-07-21,,Active,15,2026-07-25 00:18:29.142907
4111,4111,1,Monthly,2024-12-09,,Active,10,2026-07-25 00:18:29.142916
4112,4112,1,Monthly,2023-08-14,,Active,0,2026-07-25 00:18:29.142925
4113,4113,2,Monthly,2025-06-02,,Active,0,2026-07-25 00:18:29.142934
4114,4114,3,Monthly,2023-06-09,,Active,5,2026-07-25 00:18:29.142943
4115,4115,1,Monthly,2024-04-25,2025-12-06,Cancelled,0,2026-07-25 00:18:29.142955
4116,4116,2,Annual,2023-09-30,2024-05-07,Expired,15,2026-07-25 00:18:29.142968
4117,4117,3,Annual,2024-04-02,,Active,5,2026-07-25 00:18:29.142977
4118,4118,3,Monthly,2024-09-19,,Active,0,2026-07-25 00:18:29.142996
4119,4119,2,Monthly,2025-12-22,,Active,0,2026-07-25 00:18:29.143005
4120,4120,1,Annual,2023-08-29,,Active,0,2026-07-25 00:18:29.143015
4121,4121,2,Monthly,2024-10-10,,Active,5,2026-07-25 00:18:29.143024
4122,4122,1,Monthly,2023-12-02,,Active,15,2026-07-25 00:18:29.143033
4123,4123,3,Annual,2023-12-21,,Active,10,2026-07-25 00:18:29.143042
4124,4124,2,Monthly,2024-07-16,,Active,0,2026-07-25 00:18:29.143052
4125,4125,1,Monthly,2025-05-21,,Active,5,2026-07-25 00:18:29.143061
4126,4126,1,Monthly,2023-01-05,,Active,0,2026-07-25 00:18:29.143077
4127,4127,3,Annual,2023-07-03,,Active,5,2026-07-25 00:18:29.143086
4128,4128,1,Monthly,2025-08-05,2025-09-10,Expired,15,2026-07-25 00:18:29.143099
4129,4129,2,Monthly,2023-08-17,,Active,5,2026-07-25 00:18:29.143108
4130,4130,1,Monthly,2025-11-16,,Active,5,2026-07-25 00:18:29.143116
4131,4131,3,Monthly,2023-05-26,2023-10-14,Expired,15,2026-07-25 00:18:29.143128
4132,4132,1,Monthly,2023-04-24,,Active,15,2026-07-25 00:18:29.143137
4133,4133,1,Annual,2024-10-23,2025-07-24,Expired,5,2026-07-25 00:18:29.143149
4134,4134,1,Monthly,2023-08-15,,Active,15,2026-07-25 00:18:29.143158
4135,4135,1,Monthly,2025-06-06,,Active,15,2026-07-25 00:18:29.143167
4136,4136,1,Monthly,2024-01-27,,Active,5,2026-07-25 00:18:29.143176
4137,4137,1,Monthly,2025-04-21,,Active,10,2026-07-25 00:18:29.143195
4138,4138,1,Monthly,2025-03-01,,Active,10,2026-07-25 00:18:29.143204
4139,4139,1,Monthly,2023-02-15,,Active,15,2026-07-25 00:18:29.143213
4140,4140,3,Monthly,2023-01-02,2024-12-22,Cancelled,15,2026-07-25 00:18:29.143226
4141,4141,2,Monthly,2024-11-05,,Active,0,2026-07-25 00:18:29.143235
4142,4142,1,Annual,2023-03-27,2024-04-24,Cancelled,15,2026-07-25 00:18:29.143247
4143,4143,1,Monthly,2025-02-21,,Active,10,2026-07-25 00:18:29.143256
4144,4144,1,Monthly,2023-10-28,,Active,5,2026-07-25 00:18:29.143265
4145,4145,1,Annual,2023-03-16,,Active,15,2026-07-25 00:18:29.143274
4146,4146,3,Annual,2025-08-08,,Active,5,2026-07-25 00:18:29.143283
4147,4147,1,Monthly,2024-05-14,,Active,5,2026-07-25 00:18:29.143292
4148,4148,2,Monthly,2025-09-04,2025-10-21,Cancelled,10,2026-07-25 00:18:29.143304
4149,4149,1,Monthly,2024-09-30,,Active,10,2026-07-25 00:18:29.143313
4150,4150,4,Monthly,2024-03-10,2025-06-11,Cancelled,0,2026-07-25 00:18:29.143325
4151,4151,3,Monthly,2024-11-18,,Active,0,2026-07-25 00:18:29.143334
4152,4152,2,Monthly,2024-11-28,,Active,5,2026-07-25 00:18:29.143343
4153,4153,1,Monthly,2025-11-08,,Active,10,2026-07-25 00:18:29.143353
4154,4154,2,Monthly,2023-01-31,,Active,0,2026-07-25 00:18:29.143363
4155,4155,1,Monthly,2025-08-29,,Active,0,2026-07-25 00:18:29.143372
4156,4156,1,Monthly,2023-09-08,,Active,10,2026-07-25 00:18:29.143381
4157,4157,1,Monthly,2024-02-14,,Active,15,2026-07-25 00:18:29.143400
4158,4158,2,Monthly,2025-11-14,,Active,15,2026-07-25 00:18:29.143409
4159,4159,1,Monthly,2024-12-06,,Active,10,2026-07-25 00:18:29.143419
4160,4160,2,Monthly,2024-05-03,,Active,0,2026-07-25 00:18:29.143429
4161,4161,1,Annual,2024-06-19,,Active,0,2026-07-25 00:18:29.143438
4162,4162,1,Monthly,2023-05-03,2024-01-26,Expired,15,2026-07-25 00:18:29.143451
4163,4163,1,Monthly,2023-09-13,,Active,15,2026-07-25 00:18:29.143460
4164,4164,1,Monthly,2023-06-24,2024-04-25,Expired,0,2026-07-25 00:18:29.143472
4165,4165,3,Monthly,2025-03-08,,Active,5,2026-07-25 00:18:29.143481
4166,4166,2,Annual,2024-06-19,,Active,5,2026-07-25 00:18:29.143490
4167,4167,3,Monthly,2023-04-26,,Active,15,2026-07-25 00:18:29.143499
4168,4168,1,Annual,2023-09-20,,Active,10,2026-07-25 00:18:29.143508
4169,4169,1,Monthly,2025-03-03,,Active,15,2026-07-25 00:18:29.143517
4170,4170,1,Monthly,2024-10-31,,Active,5,2026-07-25 00:18:29.143536
4171,4171,4,Monthly,2024-12-02,,Active,0,2026-07-25 00:18:29.143545
4172,4172,4,Monthly,2024-09-10,,Active,0,2026-07-25 00:18:29.143555
4173,4173,2,Monthly,2024-12-20,,Active,5,2026-07-25 00:18:29.143564
4174,4174,2,Monthly,2023-10-17,,Active,15,2026-07-25 00:18:29.143573
4175,4175,1,Monthly,2025-09-19,,Active,10,2026-07-25 00:18:29.143582
4176,4176,2,Monthly,2025-04-13,,Active,10,2026-07-25 00:18:29.143600
4177,4177,3,Annual,2024-02-10,2024-08-10,Cancelled,10,2026-07-25 00:18:29.143614
4178,4178,2,Monthly,2024-06-12,2025-07-24,Expired,15,2026-07-25 00:18:29.143637
4179,4179,3,Monthly,2024-11-11,2025-12-23,Expired,10,2026-07-25 00:18:29.143650
4180,4180,1,Monthly,2025-04-17,2026-09-09,Cancelled,10,2026-07-25 00:18:29.143663
4181,4181,1,Monthly,2023-10-03,,Active,15,2026-07-25 00:18:29.143673
4182,4182,1,Monthly,2023-12-22,,Active,0,2026-07-25 00:18:29.143682
4183,4183,2,Monthly,2025-12-27,2027-11-03,Expired,0,2026-07-25 00:18:29.143694
4184,4184,1,Annual,2023-07-04,,Active,0,2026-07-25 00:18:29.143704
4185,4185,2,Monthly,2025-02-10,,Active,5,2026-07-25 00:18:29.143713
4186,4186,1,Monthly,2023-08-16,,Active,10,2026-07-25 00:18:29.143723
4187,4187,3,Monthly,2024-08-07,,Active,15,2026-07-25 00:18:29.143732
4188,4188,1,Monthly,2023-12-14,2024-05-31,Cancelled,15,2026-07-25 00:18:29.143745
4189,4189,2,Monthly,2024-09-03,,Active,15,2026-07-25 00:18:29.143754
4190,4190,1,Monthly,2025-04-17,,Active,0,2026-07-25 00:18:29.143763
4191,4191,1,Monthly,2024-09-21,,Active,15,2026-07-25 00:18:29.143772
4192,4192,1,Monthly,2023-09-28,2024-02-07,Cancelled,10,2026-07-25 00:18:29.143784
4193,4193,1,Monthly,2024-05-23,,Active,15,2026-07-25 00:18:29.143793
4194,4194,1,Monthly,2023-03-03,,Active,5,2026-07-25 00:18:29.143802
4195,4195,2,Monthly,2024-10-29,2025-12-03,Expired,0,2026-07-25 00:18:29.143814
4196,4196,4,Monthly,2023-01-26,,Active,10,2026-07-25 00:18:29.143834
4197,4197,3,Annual,2024-05-29,2024-10-29,Cancelled,10,2026-07-25 00:18:29.143848
4198,4198,1,Annual,2023-12-23,2025-08-26,Cancelled,15,2026-07-25 00:18:29.143861
4199,4199,2,Monthly,2025-12-10,,Active,5,2026-07-25 00:18:29.143871
4200,4200,1,Monthly,2023-07-21,,Active,15,2026-07-25 00:18:29.143880
4201,4201,1,Annual,2025-08-05,,Active,15,2026-07-25 00:18:29.143889
4202,4202,2,Monthly,2024-06-22,,Active,5,2026-07-25 00:18:29.143898
4203,4203,2,Monthly,2023-02-25,,Active,15,2026-07-25 00:18:29.143907
4204,4204,3,Monthly,2024-01-01,,Active,5,2026-07-25 00:18:29.143917
4205,4205,1,Monthly,2025-10-17,2027-08-15,Expired,10,2026-07-25 00:18:29.143929
4206,4206,2,Monthly,2024-12-03,,Active,10,2026-07-25 00:18:29.143938
4207,4207,1,Monthly,2025-08-11,,Active,0,2026-07-25 00:18:29.143947
4208,4208,1,Monthly,2024-12-17,,Active,0,2026-07-25 00:18:29.143957
4209,4209,2,Monthly,2025-04-21,,Active,10,2026-07-25 00:18:29.143968
4210,4210,1,Monthly,2024-11-09,,Active,15,2026-07-25 00:18:29.143978
4211,4211,1,Monthly,2023-07-21,,Active,5,2026-07-25 00:18:29.143987
4212,4212,1,Monthly,2023-03-01,,Active,0,2026-07-25 00:18:29.143996
4213,4213,1,Monthly,2025-09-26,,Active,0,2026-07-25 00:18:29.144005
4214,4214,1,Monthly,2024-07-26,,Active,15,2026-07-25 00:18:29.144015
4215,4215,1,Annual,2025-10-27,,Active,5,2026-07-25 00:18:29.144034
4216,4216,1,Monthly,2025-08-20,,Active,10,2026-07-25 00:18:29.144043
4217,4217,2,Monthly,2023-02-17,2023-12-03,Expired,0,2026-07-25 00:18:29.144057
4218,4218,1,Monthly,2024-06-16,,Active,5,2026-07-25 00:18:29.144066
4219,4219,1,Monthly,2025-03-24,,Active,5,2026-07-25 00:18:29.144076
4220,4220,3,Monthly,2023-08-07,,Active,15,2026-07-25 00:18:29.144085
4221,4221,2,Monthly,2023-10-16,,Active,0,2026-07-25 00:18:29.144094
4222,4222,2,Monthly,2025-06-13,,Active,15,2026-07-25 00:18:29.144103
4223,4223,1,Monthly,2023-12-12,,Active,10,2026-07-25 00:18:29.144112
4224,4224,1,Monthly,2023-06-10,,Active,15,2026-07-25 00:18:29.144121
4225,4225,2,Monthly,2025-11-29,,Active,5,2026-07-25 00:18:29.144130
4226,4226,1,Monthly,2025-01-20,,Active,10,2026-07-25 00:18:29.144139
4227,4227,2,Monthly,2024-08-27,,Active,0,2026-07-25 00:18:29.144148
4228,4228,1,Monthly,2024-09-19,,Active,5,2026-07-25 00:18:29.144157
4229,4229,3,Monthly,2025-08-02,,Active,10,2026-07-25 00:18:29.144166
4230,4230,1,Monthly,2025-02-22,,Active,10,2026-07-25 00:18:29.144175
4231,4231,1,Monthly,2024-07-27,,Active,10,2026-07-25 00:18:29.144185
4232,4232,1,Monthly,2025-03-17,,Active,15,2026-07-25 00:18:29.144194
4233,4233,3,Annual,2025-05-17,,Active,10,2026-07-25 00:18:29.144203
4234,4234,1,Monthly,2025-01-27,,Active,5,2026-07-25 00:18:29.144222
4235,4235,2,Annual,2024-04-21,,Active,10,2026-07-25 00:18:29.144261
4236,4236,3,Monthly,2025-06-15,,Active,0,2026-07-25 00:18:29.151579
4237,4237,1,Monthly,2025-01-17,2026-10-16,Cancelled,5,2026-07-25 00:18:29.151620
4238,4238,1,Monthly,2025-12-30,2026-07-01,Cancelled,0,2026-07-25 00:18:29.151636
4239,4239,1,Monthly,2023-02-28,,Active,15,2026-07-25 00:18:29.151650
4240,4240,2,Monthly,2024-09-04,2026-07-22,Expired,5,2026-07-25 00:18:29.151669
4241,4241,2,Monthly,2023-06-17,2025-03-08,Cancelled,15,2026-07-25 00:18:29.152137
4242,4242,4,Monthly,2023-12-03,,Active,0,2026-07-25 00:18:29.152159
4243,4243,1,Monthly,2024-10-13,,Active,5,2026-07-25 00:18:29.152230
4244,4244,1,Monthly,2023-06-01,,Active,0,2026-07-25 00:18:29.152243
4245,4245,3,Annual,2024-05-07,2025-03-26,Cancelled,5,2026-07-25 00:18:29.152277
4246,4246,1,Annual,2024-02-17,,Active,10,2026-07-25 00:18:29.152288
4247,4247,1,Annual,2023-06-19,2023-07-22,Expired,0,2026-07-25 00:18:29.152305
4248,4248,3,Monthly,2023-02-24,,Active,15,2026-07-25 00:18:29.152316
4249,4249,2,Monthly,2025-04-02,,Active,5,2026-07-25 00:18:29.152327
4250,4250,2,Annual,2025-01-04,,Active,0,2026-07-25 00:18:29.152337
4251,4251,2,Monthly,2025-01-12,,Active,10,2026-07-25 00:18:29.152348
4252,4252,1,Annual,2024-01-01,2025-10-31,Cancelled,10,2026-07-25 00:18:29.152365
4253,4253,1,Monthly,2023-09-10,,Active,15,2026-07-25 00:18:29.152376
4254,4254,1,Annual,2024-10-27,,Active,0,2026-07-25 00:18:29.152389
4255,4255,1,Monthly,2025-06-25,,Active,0,2026-07-25 00:18:29.152399
4256,4256,1,Monthly,2024-03-10,,Active,0,2026-07-25 00:18:29.152410
4257,4257,2,Monthly,2024-06-08,,Active,10,2026-07-25 00:18:29.152420
4258,4258,2,Monthly,2025-04-20,,Active,15,2026-07-25 00:18:29.152430
4259,4259,1,Monthly,2024-05-07,2025-05-17,Cancelled,0,2026-07-25 00:18:29.152445
4260,4260,1,Monthly,2024-04-18,2025-04-26,Expired,5,2026-07-25 00:18:29.152459
4261,4261,1,Monthly,2024-10-27,,Active,0,2026-07-25 00:18:29.152471
4262,4262,1,Annual,2023-01-10,,Active,0,2026-07-25 00:18:29.152481
4263,4263,1,Monthly,2024-08-01,,Active,10,2026-07-25 00:18:29.152496
4264,4264,2,Monthly,2024-01-03,,Active,10,2026-07-25 00:18:29.152509
4265,4265,2,Monthly,2024-05-21,,Active,10,2026-07-25 00:18:29.152525
4266,4266,1,Monthly,2024-06-12,,Active,5,2026-07-25 00:18:29.152535
4267,4267,1,Monthly,2025-09-10,,Active,0,2026-07-25 00:18:29.152546
4268,4268,2,Monthly,2023-06-05,,Active,10,2026-07-25 00:18:29.152556
4269,4269,1,Monthly,2025-03-26,,Active,0,2026-07-25 00:18:29.152568
4270,4270,1,Monthly,2025-02-01,,Active,15,2026-07-25 00:18:29.152578
4271,4271,3,Monthly,2023-12-11,,Active,10,2026-07-25 00:18:29.152589
4272,4272,3,Monthly,2024-11-16,,Active,0,2026-07-25 00:18:29.152600
4273,4273,3,Monthly,2023-01-10,2023-03-12,Cancelled,10,2026-07-25 00:18:29.152616
4274,4274,3,Monthly,2025-12-29,,Active,10,2026-07-25 00:18:29.152626
4275,4275,2,Annual,2023-11-21,,Active,15,2026-07-25 00:18:29.152639
4276,4276,1,Monthly,2025-04-24,,Active,5,2026-07-25 00:18:29.152649
4277,4277,1,Monthly,2023-04-08,2025-01-11,Expired,15,2026-07-25 00:18:29.152664
4278,4278,1,Annual,2025-09-29,,Active,0,2026-07-25 00:18:29.152676
4279,4279,3,Monthly,2023-05-24,,Active,0,2026-07-25 00:18:29.152686
4280,4280,4,Monthly,2023-05-20,2023-12-31,Expired,0,2026-07-25 00:18:29.152701
4281,4281,2,Monthly,2025-05-08,,Active,5,2026-07-25 00:18:29.152712
4282,4282,1,Monthly,2025-01-02,,Active,0,2026-07-25 00:18:29.152723
4283,4283,1,Monthly,2024-12-09,2026-07-08,Cancelled,5,2026-07-25 00:18:29.152737
4284,4284,1,Annual,2025-01-15,,Active,0,2026-07-25 00:18:29.152748
4285,4285,2,Monthly,2024-07-18,,Active,10,2026-07-25 00:18:29.152759
4286,4286,1,Annual,2025-06-06,2026-11-06,Expired,5,2026-07-25 00:18:29.152775
4287,4287,4,Annual,2023-05-21,,Active,10,2026-07-25 00:18:29.152787
4288,4288,1,Monthly,2024-08-17,2025-06-02,Cancelled,15,2026-07-25 00:18:29.152801
4289,4289,1,Monthly,2025-05-03,,Active,15,2026-07-25 00:18:29.152811
4290,4290,1,Monthly,2025-09-29,,Active,5,2026-07-25 00:18:29.152821
4291,4291,2,Monthly,2023-12-01,,Active,15,2026-07-25 00:18:29.152832
4292,4292,2,Monthly,2023-12-04,2025-03-14,Cancelled,15,2026-07-25 00:18:29.152847
4293,4293,1,Monthly,2023-02-15,2024-08-09,Expired,5,2026-07-25 00:18:29.152862
4294,4294,1,Monthly,2025-05-30,,Active,10,2026-07-25 00:18:29.152873
4295,4295,3,Monthly,2023-06-06,,Active,5,2026-07-25 00:18:29.152886
4296,4296,2,Annual,2023-04-28,2024-06-10,Cancelled,0,2026-07-25 00:18:29.152902
4297,4297,2,Monthly,2023-09-16,,Active,15,2026-07-25 00:18:29.152914
4298,4298,4,Monthly,2024-01-15,,Active,5,2026-07-25 00:18:29.152933
4299,4299,1,Monthly,2024-04-23,,Active,0,2026-07-25 00:18:29.152943
4300,4300,1,Annual,2025-09-28,,Active,5,2026-07-25 00:18:29.152982
4301,4301,2,Annual,2023-12-06,,Active,5,2026-07-25 00:18:29.152999
4302,4302,2,Monthly,2024-01-19,,Active,0,2026-07-25 00:18:29.153010
4303,4303,3,Annual,2024-01-30,,Active,5,2026-07-25 00:18:29.153019
4304,4304,3,Annual,2023-06-30,,Active,5,2026-07-25 00:18:29.153029
4305,4305,2,Monthly,2025-06-23,,Active,0,2026-07-25 00:18:29.153039
4306,4306,1,Monthly,2024-11-14,2025-01-23,Expired,5,2026-07-25 00:18:29.153055
4307,4307,1,Monthly,2024-01-18,2025-12-14,Cancelled,10,2026-07-25 00:18:29.153070
4308,4308,2,Monthly,2025-02-12,,Active,15,2026-07-25 00:18:29.153080
4309,4309,2,Monthly,2024-05-22,,Active,5,2026-07-25 00:18:29.153091
4310,4310,1,Monthly,2025-03-17,,Active,0,2026-07-25 00:18:29.153101
4311,4311,1,Annual,2025-11-14,,Active,0,2026-07-25 00:18:29.153111
4312,4312,1,Monthly,2024-09-08,,Active,10,2026-07-25 00:18:29.153122
4313,4313,2,Monthly,2023-09-27,,Active,15,2026-07-25 00:18:29.153133
4314,4314,1,Monthly,2025-05-10,,Active,15,2026-07-25 00:18:29.153144
4315,4315,2,Monthly,2024-12-24,,Active,5,2026-07-25 00:18:29.153154
4316,4316,1,Monthly,2025-11-27,,Active,10,2026-07-25 00:18:29.153164
4317,4317,1,Monthly,2024-08-01,,Active,10,2026-07-25 00:18:29.153175
4318,4318,2,Monthly,2024-09-04,,Active,10,2026-07-25 00:18:29.153185
4319,4319,2,Monthly,2023-11-10,,Active,5,2026-07-25 00:18:29.153196
4320,4320,2,Monthly,2024-01-03,,Active,10,2026-07-25 00:18:29.153206
4321,4321,1,Monthly,2025-06-10,,Active,10,2026-07-25 00:18:29.153217
4322,4322,1,Annual,2023-09-11,,Active,0,2026-07-25 00:18:29.153227
4323,4323,1,Monthly,2023-05-26,,Active,0,2026-07-25 00:18:29.153237
4324,4324,2,Monthly,2025-06-15,2026-09-27,Expired,10,2026-07-25 00:18:29.153252
4325,4325,2,Annual,2025-06-30,,Active,0,2026-07-25 00:18:29.153263
4326,4326,1,Monthly,2025-01-12,,Active,5,2026-07-25 00:18:29.153273
4327,4327,1,Monthly,2023-10-27,,Active,15,2026-07-25 00:18:29.153284
4328,4328,3,Monthly,2023-01-08,,Active,0,2026-07-25 00:18:29.153294
4329,4329,4,Annual,2025-07-10,,Active,5,2026-07-25 00:18:29.153305
4330,4330,1,Monthly,2023-08-14,2024-01-05,Cancelled,0,2026-07-25 00:18:29.153319
4331,4331,1,Annual,2023-08-24,2025-03-14,Cancelled,5,2026-07-25 00:18:29.153332
4332,4332,1,Monthly,2025-12-02,2027-11-22,Cancelled,10,2026-07-25 00:18:29.153345
4333,4333,3,Monthly,2023-08-05,2024-01-04,Expired,5,2026-07-25 00:18:29.153359
4334,4334,1,Monthly,2025-11-12,,Active,5,2026-07-25 00:18:29.153372
4335,4335,2,Annual,2024-09-17,,Active,0,2026-07-25 00:18:29.153382
4336,4336,1,Annual,2023-03-07,,Active,5,2026-07-25 00:18:29.153393
4337,4337,4,Monthly,2024-11-24,,Active,15,2026-07-25 00:18:29.153405
4338,4338,1,Annual,2025-04-02,,Active,10,2026-07-25 00:18:29.153416
4339,4339,2,Monthly,2025-08-25,,Active,0,2026-07-25 00:18:29.153428
4340,4340,1,Monthly,2024-11-01,,Active,0,2026-07-25 00:18:29.153440
4341,4341,1,Monthly,2025-10-22,,Active,10,2026-07-25 00:18:29.153451
4342,4342,2,Annual,2024-04-13,,Active,5,2026-07-25 00:18:29.153462
4343,4343,1,Monthly,2023-06-06,,Active,10,2026-07-25 00:18:29.153480
4344,4344,1,Monthly,2025-11-27,,Active,10,2026-07-25 00:18:29.153491
4345,4345,4,Monthly,2024-06-07,,Active,15,2026-07-25 00:18:29.153503
4346,4346,1,Monthly,2023-07-29,,Active,5,2026-07-25 00:18:29.153513
4347,4347,2,Monthly,2023-07-20,,Active,15,2026-07-25 00:18:29.153523
4348,4348,3,Monthly,2023-10-28,2024-06-28,Cancelled,0,2026-07-25 00:18:29.153539
4349,4349,1,Monthly,2024-08-14,,Active,10,2026-07-25 00:18:29.153550
4350,4350,1,Monthly,2025-10-14,,Active,0,2026-07-25 00:18:29.153560
4351,4351,1,Annual,2025-11-02,,Active,0,2026-07-25 00:18:29.153571
4352,4352,1,Monthly,2025-02-10,,Active,10,2026-07-25 00:18:29.153581
4353,4353,1,Monthly,2024-12-05,,Active,10,2026-07-25 00:18:29.153591
4354,4354,4,Monthly,2024-10-20,,Active,0,2026-07-25 00:18:29.153601
4355,4355,2,Annual,2024-08-24,,Active,5,2026-07-25 00:18:29.153612
4356,4356,2,Monthly,2023-02-12,,Active,15,2026-07-25 00:18:29.153623
4357,4357,1,Monthly,2023-08-31,,Active,0,2026-07-25 00:18:29.153633
4358,4358,2,Monthly,2023-03-25,,Active,15,2026-07-25 00:18:29.153644
4359,4359,2,Monthly,2025-01-14,2026-05-23,Cancelled,15,2026-07-25 00:18:29.153660
4360,4360,2,Monthly,2023-04-04,2023-07-08,Cancelled,15,2026-07-25 00:18:29.153674
4361,4361,1,Monthly,2024-11-19,,Active,0,2026-07-25 00:18:29.153684
4362,4362,1,Monthly,2025-07-06,,Active,5,2026-07-25 00:18:29.153695
4363,4363,1,Monthly,2023-07-16,,Active,10,2026-07-25 00:18:29.153705
4364,4364,1,Monthly,2023-06-16,,Active,15,2026-07-25 00:18:29.153716
4365,4365,3,Monthly,2023-09-04,,Active,15,2026-07-25 00:18:29.153728
4366,4366,3,Monthly,2024-03-19,,Active,0,2026-07-25 00:18:29.153738
4367,4367,1,Monthly,2023-01-27,2024-12-30,Expired,10,2026-07-25 00:18:29.153754
4368,4368,2,Monthly,2025-05-26,,Active,0,2026-07-25 00:18:29.153764
4369,4369,1,Monthly,2025-08-25,,Active,10,2026-07-25 00:18:29.153773
4370,4370,2,Monthly,2025-11-17,2026-04-04,Cancelled,10,2026-07-25 00:18:29.153788
4371,4371,1,Monthly,2023-09-25,,Active,10,2026-07-25 00:18:29.153798
4372,4372,3,Monthly,2023-08-01,2025-05-07,Cancelled,5,2026-07-25 00:18:29.153814
4373,4373,2,Monthly,2023-03-10,,Active,10,2026-07-25 00:18:29.153827
4374,4374,1,Monthly,2023-07-10,2024-03-29,Expired,15,2026-07-25 00:18:29.153842
4375,4375,3,Annual,2024-10-02,,Active,15,2026-07-25 00:18:29.153854
4376,4376,4,Monthly,2023-05-20,,Active,15,2026-07-25 00:18:29.153863
4377,4377,2,Monthly,2025-04-25,,Active,10,2026-07-25 00:18:29.153875
4378,4378,1,Monthly,2025-11-07,,Active,5,2026-07-25 00:18:29.153886
4379,4379,2,Annual,2023-02-17,,Active,0,2026-07-25 00:18:29.153902
4380,4380,1,Monthly,2023-05-12,2024-11-20,Expired,15,2026-07-25 00:18:29.153979
4381,4381,1,Monthly,2024-12-04,,Active,5,2026-07-25 00:18:29.153992
4382,4382,2,Annual,2023-12-23,2024-06-08,Cancelled,0,2026-07-25 00:18:29.154008
4383,4383,2,Monthly,2024-03-22,,Active,5,2026-07-25 00:18:29.154018
4384,4384,2,Monthly,2025-02-03,,Active,10,2026-07-25 00:18:29.154028
4385,4385,1,Monthly,2023-06-27,2023-12-01,Expired,10,2026-07-25 00:18:29.154043
4386,4386,1,Monthly,2024-06-26,,Active,15,2026-07-25 00:18:29.154053
4387,4387,1,Annual,2025-12-28,,Active,0,2026-07-25 00:18:29.154062
4388,4388,3,Monthly,2023-11-14,,Active,10,2026-07-25 00:18:29.154073
4389,4389,2,Monthly,2023-11-06,,Active,15,2026-07-25 00:18:29.154083
4390,4390,1,Annual,2023-09-01,,Active,5,2026-07-25 00:18:29.154094
4391,4391,2,Annual,2024-09-03,,Active,15,2026-07-25 00:18:29.154121
4392,4392,1,Monthly,2025-06-27,,Active,15,2026-07-25 00:18:29.154132
4393,4393,1,Annual,2025-12-22,,Active,15,2026-07-25 00:18:29.154143
4394,4394,1,Monthly,2024-02-18,,Active,10,2026-07-25 00:18:29.154153
4395,4395,1,Monthly,2024-05-28,,Active,10,2026-07-25 00:18:29.154164
4396,4396,1,Monthly,2023-03-20,,Active,5,2026-07-25 00:18:29.154174
4397,4397,1,Monthly,2023-07-13,,Active,15,2026-07-25 00:18:29.154184
4398,4398,2,Annual,2024-02-13,,Active,0,2026-07-25 00:18:29.154195
4399,4399,2,Monthly,2025-05-24,,Active,5,2026-07-25 00:18:29.154205
4400,4400,1,Monthly,2023-01-05,,Active,5,2026-07-25 00:18:29.154216
4401,4401,1,Monthly,2023-04-13,2023-10-24,Cancelled,0,2026-07-25 00:18:29.154231
4402,4402,1,Monthly,2025-08-06,,Active,5,2026-07-25 00:18:29.154242
4403,4403,1,Monthly,2025-07-17,,Active,10,2026-07-25 00:18:29.154253
4404,4404,1,Annual,2025-07-30,,Active,10,2026-07-25 00:18:29.154263
4405,4405,2,Monthly,2023-11-05,,Active,0,2026-07-25 00:18:29.154273
4406,4406,1,Monthly,2024-10-06,,Active,15,2026-07-25 00:18:29.154283
4407,4407,1,Monthly,2023-06-08,,Active,15,2026-07-25 00:18:29.154293
4408,4408,1,Monthly,2023-08-19,,Active,15,2026-07-25 00:18:29.154303
4409,4409,3,Monthly,2025-01-23,,Active,10,2026-07-25 00:18:29.154316
4410,4410,1,Monthly,2023-09-28,,Active,5,2026-07-25 00:18:29.154343
4411,4411,1,Monthly,2025-12-06,,Active,0,2026-07-25 00:18:29.154354
4412,4412,2,Annual,2023-06-26,,Active,0,2026-07-25 00:18:29.154368
4413,4413,2,Monthly,2024-02-15,,Active,0,2026-07-25 00:18:29.154378
4414,4414,1,Monthly,2023-08-05,,Active,0,2026-07-25 00:18:29.154390
4415,4415,2,Monthly,2025-03-11,,Active,0,2026-07-25 00:18:29.154400
4416,4416,4,Monthly,2023-09-24,,Active,15,2026-07-25 00:18:29.154414
4417,4417,2,Annual,2023-09-04,,Active,5,2026-07-25 00:18:29.154425
4418,4418,2,Monthly,2025-09-02,,Active,10,2026-07-25 00:18:29.154438
4419,4419,2,Monthly,2025-04-27,,Active,0,2026-07-25 00:18:29.154450
4420,4420,3,Monthly,2025-12-26,,Active,10,2026-07-25 00:18:29.154461
4421,4421,1,Monthly,2025-06-27,,Active,0,2026-07-25 00:18:29.154476
4422,4422,1,Monthly,2023-05-10,2024-05-11,Cancelled,15,2026-07-25 00:18:29.154497
4423,4423,2,Monthly,2025-04-14,2026-04-03,Expired,5,2026-07-25 00:18:29.154517
4424,4424,1,Monthly,2025-02-28,,Active,10,2026-07-25 00:18:29.154530
4425,4425,1,Annual,2025-04-29,,Active,10,2026-07-25 00:18:29.154543
4426,4426,4,Monthly,2023-08-03,,Active,5,2026-07-25 00:18:29.154557
4427,4427,1,Monthly,2024-07-07,,Active,10,2026-07-25 00:18:29.154572
4428,4428,1,Annual,2024-11-15,,Active,10,2026-07-25 00:18:29.154586
4429,4429,3,Monthly,2023-04-06,,Active,10,2026-07-25 00:18:29.154600
4430,4430,1,Monthly,2024-10-12,,Active,15,2026-07-25 00:18:29.154629
4431,4431,2,Monthly,2023-10-07,,Active,15,2026-07-25 00:18:29.154640
4432,4432,3,Monthly,2024-04-10,,Active,10,2026-07-25 00:18:29.154650
4433,4433,3,Monthly,2023-09-03,,Active,15,2026-07-25 00:18:29.154669
4434,4434,1,Monthly,2023-09-14,,Active,10,2026-07-25 00:18:29.154687
4435,4435,2,Monthly,2024-12-20,,Active,0,2026-07-25 00:18:29.154700
4436,4436,1,Monthly,2025-01-11,,Active,15,2026-07-25 00:18:29.154711
4437,4437,1,Annual,2023-12-23,,Active,5,2026-07-25 00:18:29.154720
4438,4438,1,Monthly,2025-06-21,,Active,15,2026-07-25 00:18:29.154737
4439,4439,1,Monthly,2025-02-06,,Active,15,2026-07-25 00:18:29.154751
4440,4440,2,Annual,2025-12-09,,Active,10,2026-07-25 00:18:29.154762
4441,4441,3,Annual,2023-06-16,2025-05-14,Cancelled,0,2026-07-25 00:18:29.154781
4442,4442,2,Monthly,2025-10-20,,Active,10,2026-07-25 00:18:29.154796
4443,4443,1,Monthly,2025-07-28,,Active,10,2026-07-25 00:18:29.154808
4444,4444,2,Monthly,2025-08-05,,Active,15,2026-07-25 00:18:29.154822
4445,4445,1,Annual,2024-02-16,2025-12-06,Cancelled,5,2026-07-25 00:18:29.154835
4446,4446,1,Monthly,2023-08-24,,Active,0,2026-07-25 00:18:29.154848
4447,4447,1,Annual,2025-05-21,,Active,10,2026-07-25 00:18:29.154859
4448,4448,2,Monthly,2024-07-06,2024-11-19,Cancelled,10,2026-07-25 00:18:29.154877
4449,4449,1,Monthly,2025-04-22,,Active,5,2026-07-25 00:18:29.154908
4450,4450,1,Annual,2023-12-11,,Active,10,2026-07-25 00:18:29.154919
4451,4451,1,Monthly,2025-02-18,,Active,10,2026-07-25 00:18:29.154935
4452,4452,3,Monthly,2023-08-02,2024-12-14,Expired,10,2026-07-25 00:18:29.154954
4453,4453,1,Monthly,2025-03-29,2026-07-09,Expired,15,2026-07-25 00:18:29.154967
4454,4454,2,Monthly,2023-02-04,,Active,10,2026-07-25 00:18:29.154983
4455,4455,1,Monthly,2023-06-25,,Active,10,2026-07-25 00:18:29.154995
4456,4456,2,Monthly,2025-10-24,,Active,0,2026-07-25 00:18:29.155007
4457,4457,1,Monthly,2023-11-14,,Active,15,2026-07-25 00:18:29.155020
4458,4458,2,Monthly,2024-09-25,,Active,5,2026-07-25 00:18:29.155033
4459,4459,1,Monthly,2023-03-10,,Active,5,2026-07-25 00:18:29.155047
4460,4460,3,Monthly,2024-09-14,,Active,5,2026-07-25 00:18:29.155058
4461,4461,2,Annual,2023-09-15,,Active,5,2026-07-25 00:18:29.155072
4462,4462,1,Monthly,2024-04-14,,Active,10,2026-07-25 00:18:29.155085
4463,4463,2,Monthly,2023-06-01,,Active,0,2026-07-25 00:18:29.155098
4464,4464,1,Monthly,2023-10-28,2024-11-05,Expired,0,2026-07-25 00:18:29.155113
4465,4465,1,Monthly,2024-09-16,,Active,0,2026-07-25 00:18:29.155135
4466,4466,4,Monthly,2025-01-22,2026-02-14,Expired,5,2026-07-25 00:18:29.155153
4467,4467,2,Monthly,2025-07-12,,Active,5,2026-07-25 00:18:29.155163
4468,4468,1,Monthly,2025-04-20,,Active,10,2026-07-25 00:18:29.155182
4469,4469,2,Annual,2023-08-14,,Active,5,2026-07-25 00:18:29.155215
4470,4470,1,Monthly,2024-02-25,2025-05-30,Expired,10,2026-07-25 00:18:29.155235
4471,4471,1,Monthly,2023-12-18,,Active,10,2026-07-25 00:18:29.155248
4472,4472,1,Annual,2025-08-31,,Active,15,2026-07-25 00:18:29.155258
4473,4473,1,Monthly,2025-08-15,,Active,5,2026-07-25 00:18:29.155274
4474,4474,2,Monthly,2025-06-22,,Active,0,2026-07-25 00:18:29.155288
4475,4475,3,Monthly,2024-04-29,,Active,5,2026-07-25 00:18:29.155302
4476,4476,1,Monthly,2023-05-21,,Active,0,2026-07-25 00:18:29.155316
4477,4477,1,Monthly,2024-05-02,2026-03-04,Cancelled,15,2026-07-25 00:18:29.155334
4478,4478,4,Monthly,2025-07-19,,Active,10,2026-07-25 00:18:29.155350
4479,4479,1,Monthly,2024-07-15,,Active,10,2026-07-25 00:18:29.155361
4480,4480,1,Monthly,2025-12-15,,Active,5,2026-07-25 00:18:29.155371
4481,4481,1,Monthly,2025-01-07,,Active,15,2026-07-25 00:18:29.155387
4482,4482,1,Monthly,2023-04-07,,Active,10,2026-07-25 00:18:29.155401
4483,4483,1,Annual,2025-05-12,,Active,15,2026-07-25 00:18:29.155413
4484,4484,1,Monthly,2024-09-30,2025-06-20,Cancelled,5,2026-07-25 00:18:29.155430
4485,4485,2,Annual,2024-05-23,2025-03-30,Expired,10,2026-07-25 00:18:29.155451
4486,4486,1,Annual,2023-01-12,,Active,5,2026-07-25 00:18:29.155466
4487,4487,2,Annual,2025-10-08,,Active,10,2026-07-25 00:18:29.155481
4488,4488,2,Monthly,2025-06-20,2025-08-16,Cancelled,15,2026-07-25 00:18:29.155518
4489,4489,1,Monthly,2024-08-07,,Active,15,2026-07-25 00:18:29.155533
4490,4490,1,Monthly,2025-05-14,,Active,15,2026-07-25 00:18:29.155544
4491,4491,1,Monthly,2024-11-07,,Active,10,2026-07-25 00:18:29.155553
4492,4492,1,Annual,2024-04-27,,Active,10,2026-07-25 00:18:29.155569
4493,4493,2,Monthly,2024-11-19,,Active,5,2026-07-25 00:18:29.155583
4494,4494,1,Monthly,2024-12-01,,Active,15,2026-07-25 00:18:29.155597
4495,4495,3,Monthly,2023-10-26,,Active,0,2026-07-25 00:18:29.155608
4496,4496,1,Annual,2024-07-28,,Active,0,2026-07-25 00:18:29.155621
4497,4497,2,Monthly,2023-07-23,2025-05-02,Cancelled,0,2026-07-25 00:18:29.155639
4498,4498,1,Annual,2023-03-26,,Active,10,2026-07-25 00:18:29.155653
4499,4499,1,Monthly,2025-07-26,,Active,15,2026-07-25 00:18:29.155668
4500,4500,1,Monthly,2025-11-14,,Active,10,2026-07-25 00:18:29.155680
4501,4501,1,Monthly,2023-09-29,,Active,10,2026-07-25 00:18:29.155696
4502,4502,3,Monthly,2024-10-27,,Active,0,2026-07-25 00:18:29.155706
4503,4503,1,Monthly,2024-09-15,,Active,15,2026-07-25 00:18:29.155722
4504,4504,1,Monthly,2023-04-15,,Active,10,2026-07-25 00:18:29.155734
4505,4505,2,Monthly,2024-03-12,,Active,15,2026-07-25 00:18:29.155744
4506,4506,4,Annual,2025-02-20,,Active,10,2026-07-25 00:18:29.155761
4507,4507,2,Monthly,2024-08-26,,Active,5,2026-07-25 00:18:29.155776
4508,4508,2,Monthly,2023-01-24,,Active,0,2026-07-25 00:18:29.155811
4509,4509,2,Annual,2024-09-07,,Active,5,2026-07-25 00:18:29.155827
4510,4510,1,Monthly,2023-07-18,2024-05-10,Cancelled,10,2026-07-25 00:18:29.155847
4511,4511,2,Monthly,2025-06-16,,Active,10,2026-07-25 00:18:29.155861
4512,4512,1,Annual,2023-01-22,,Active,15,2026-07-25 00:18:29.155874
4513,4513,1,Monthly,2024-09-26,2026-01-21,Expired,15,2026-07-25 00:18:29.155890
4514,4514,2,Annual,2024-10-22,,Active,10,2026-07-25 00:18:29.155905
4515,4515,1,Monthly,2023-09-13,,Active,0,2026-07-25 00:18:29.155920
4516,4516,1,Annual,2023-12-22,,Active,15,2026-07-25 00:18:29.155935
4517,4517,2,Annual,2024-06-21,2025-05-13,Expired,15,2026-07-25 00:18:29.155990
4518,4518,2,Monthly,2023-03-16,,Active,10,2026-07-25 00:18:29.156002
4519,4519,1,Monthly,2025-09-14,,Active,5,2026-07-25 00:18:29.156018
4520,4520,1,Annual,2025-03-09,,Active,15,2026-07-25 00:18:29.156030
4521,4521,2,Monthly,2025-11-09,,Active,5,2026-07-25 00:18:29.156043
4522,4522,3,Monthly,2024-01-29,,Active,15,2026-07-25 00:18:29.156057
4523,4523,1,Monthly,2024-02-21,,Active,0,2026-07-25 00:18:29.156070
4524,4524,1,Monthly,2024-01-31,,Active,0,2026-07-25 00:18:29.156084
4525,4525,3,Monthly,2024-12-26,2026-02-11,Cancelled,5,2026-07-25 00:18:29.156104
4526,4526,4,Monthly,2023-04-30,2025-01-22,Cancelled,0,2026-07-25 00:18:29.156121
4527,4527,3,Annual,2023-08-28,,Active,5,2026-07-25 00:18:29.156156
4528,4528,2,Monthly,2025-02-02,2025-08-13,Expired,5,2026-07-25 00:18:29.156172
4529,4529,4,Monthly,2024-12-01,,Active,10,2026-07-25 00:18:29.156182
4530,4530,1,Monthly,2023-11-17,,Active,0,2026-07-25 00:18:29.156200
4531,4531,1,Monthly,2025-09-23,,Active,10,2026-07-25 00:18:29.156214
4532,4532,1,Monthly,2025-05-12,,Active,0,2026-07-25 00:18:29.156226
4533,4533,1,Monthly,2025-01-07,,Active,10,2026-07-25 00:18:29.156235
4534,4534,2,Monthly,2023-04-05,,Active,0,2026-07-25 00:18:29.156252
4535,4535,3,Monthly,2024-01-19,,Active,5,2026-07-25 00:18:29.156266
4536,4536,1,Monthly,2025-09-13,,Active,5,2026-07-25 00:18:29.156280
4537,4537,1,Monthly,2023-12-23,2024-10-23,Cancelled,5,2026-07-25 00:18:29.156296
4538,4538,3,Monthly,2023-08-13,,Active,5,2026-07-25 00:18:29.156311
4539,4539,2,Monthly,2023-12-23,,Active,10,2026-07-25 00:18:29.156324
4540,4540,2,Annual,2025-12-23,,Active,15,2026-07-25 00:18:29.156337
4541,4541,3,Annual,2024-09-07,,Active,0,2026-07-25 00:18:29.156351
4542,4542,2,Monthly,2023-04-15,,Active,0,2026-07-25 00:18:29.156366
4543,4543,1,Annual,2024-01-30,2024-06-09,Expired,5,2026-07-25 00:18:29.156381
4544,4544,1,Annual,2024-02-11,,Active,10,2026-07-25 00:18:29.156391
4545,4545,2,Annual,2023-11-23,,Active,15,2026-07-25 00:18:29.156408
4546,4546,4,Monthly,2025-08-20,2026-07-06,Cancelled,15,2026-07-25 00:18:29.156428
4547,4547,1,Annual,2023-06-16,,Active,15,2026-07-25 00:18:29.156459
4548,4548,1,Monthly,2025-11-06,2027-03-20,Cancelled,0,2026-07-25 00:18:29.156478
4549,4549,3,Monthly,2023-08-17,2025-01-29,Cancelled,0,2026-07-25 00:18:29.156498
4550,4550,2,Monthly,2025-04-17,,Active,15,2026-07-25 00:18:29.156509
4551,4551,1,Monthly,2025-06-29,,Active,15,2026-07-25 00:18:29.156526
4552,4552,1,Monthly,2025-12-08,,Active,10,2026-07-25 00:18:29.156536
4553,4553,3,Monthly,2025-06-18,,Active,15,2026-07-25 00:18:29.156565
4554,4554,1,Monthly,2024-11-29,,Active,5,2026-07-25 00:18:29.156582
4555,4555,1,Monthly,2023-05-20,,Active,5,2026-07-25 00:18:29.156591
4556,4556,2,Annual,2024-01-28,,Active,5,2026-07-25 00:18:29.156607
4557,4557,1,Monthly,2025-05-14,,Active,15,2026-07-25 00:18:29.156617
4558,4558,2,Annual,2024-01-06,,Active,5,2026-07-25 00:18:29.156630
4559,4559,2,Monthly,2025-09-30,,Active,10,2026-07-25 00:18:29.156644
4560,4560,3,Monthly,2023-09-02,,Active,15,2026-07-25 00:18:29.156659
4561,4561,1,Monthly,2023-03-18,2025-02-27,Cancelled,15,2026-07-25 00:18:29.156680
4562,4562,2,Monthly,2023-07-08,,Active,10,2026-07-25 00:18:29.156693
4563,4563,1,Monthly,2023-10-15,,Active,0,2026-07-25 00:18:29.156707
4564,4564,3,Annual,2023-01-26,,Active,10,2026-07-25 00:18:29.156720
4565,4565,1,Monthly,2024-12-17,,Active,15,2026-07-25 00:18:29.156734
4566,4566,2,Monthly,2023-02-16,,Active,15,2026-07-25 00:18:29.156765
4567,4567,2,Annual,2025-11-17,,Active,15,2026-07-25 00:18:29.156779
4568,4568,4,Monthly,2025-04-30,,Active,0,2026-07-25 00:18:29.156792
4569,4569,1,Monthly,2024-08-01,,Active,5,2026-07-25 00:18:29.156807
4570,4570,2,Annual,2024-01-01,,Active,5,2026-07-25 00:18:29.156821
4571,4571,1,Monthly,2023-05-13,,Active,15,2026-07-25 00:18:29.156833
4572,4572,1,Monthly,2024-10-16,,Active,5,2026-07-25 00:18:29.156844
4573,4573,1,Monthly,2025-07-03,,Active,5,2026-07-25 00:18:29.156853
4574,4574,1,Monthly,2023-02-24,,Active,10,2026-07-25 00:18:29.156864
4575,4575,2,Monthly,2024-12-10,,Active,15,2026-07-25 00:18:29.156875
4576,4576,2,Monthly,2024-03-09,,Active,10,2026-07-25 00:18:29.156885
4577,4577,1,Monthly,2024-11-10,,Active,10,2026-07-25 00:18:29.156895
4578,4578,1,Monthly,2023-03-13,2023-11-05,Expired,5,2026-07-25 00:18:29.156920
4579,4579,1,Monthly,2024-08-28,2025-06-17,Cancelled,5,2026-07-25 00:18:29.156937
4580,4580,1,Annual,2025-10-02,,Active,5,2026-07-25 00:18:29.156948
4581,4581,1,Monthly,2023-05-15,,Active,0,2026-07-25 00:18:29.156960
4582,4582,3,Monthly,2023-12-16,,Active,15,2026-07-25 00:18:29.156972
4583,4583,1,Monthly,2024-05-18,,Active,15,2026-07-25 00:18:29.156983
4584,4584,1,Monthly,2024-02-22,,Active,5,2026-07-25 00:18:29.156994
4585,4585,2,Monthly,2025-05-22,,Active,5,2026-07-25 00:18:29.157004
4586,4586,1,Monthly,2023-11-11,,Active,15,2026-07-25 00:18:29.157034
4587,4587,2,Monthly,2025-05-31,,Active,15,2026-07-25 00:18:29.157045
4588,4588,4,Monthly,2023-01-24,2023-09-15,Cancelled,15,2026-07-25 00:18:29.157061
4589,4589,2,Monthly,2025-09-13,,Active,10,2026-07-25 00:18:29.157080
4590,4590,4,Monthly,2025-09-22,2027-07-16,Expired,5,2026-07-25 00:18:29.157097
4591,4591,2,Annual,2023-02-17,,Active,10,2026-07-25 00:18:29.157107
4592,4592,2,Monthly,2024-07-17,,Active,10,2026-07-25 00:18:29.157124
4593,4593,1,Annual,2024-08-08,,Active,10,2026-07-25 00:18:29.157135
4594,4594,3,Monthly,2023-07-16,,Active,0,2026-07-25 00:18:29.157146
4595,4595,2,Annual,2024-11-01,,Active,15,2026-07-25 00:18:29.157156
4596,4596,1,Monthly,2025-09-07,2027-06-16,Cancelled,15,2026-07-25 00:18:29.157173
4597,4597,1,Monthly,2023-01-23,2024-10-20,Expired,10,2026-07-25 00:18:29.157188
4598,4598,1,Monthly,2023-01-10,,Active,0,2026-07-25 00:18:29.157207
4599,4599,1,Monthly,2024-12-17,,Active,15,2026-07-25 00:18:29.157217
4600,4600,2,Monthly,2023-07-02,2023-09-19,Cancelled,0,2026-07-25 00:18:29.157235
4601,4601,1,Annual,2023-05-21,2024-11-07,Expired,0,2026-07-25 00:18:29.157249
4602,4602,2,Annual,2023-10-15,2024-09-29,Expired,5,2026-07-25 00:18:29.157263
4603,4603,3,Annual,2025-09-28,,Active,15,2026-07-25 00:18:29.157274
4604,4604,1,Monthly,2024-09-17,2025-02-21,Cancelled,10,2026-07-25 00:18:29.157346
4605,4605,2,Monthly,2023-09-10,,Active,10,2026-07-25 00:18:29.157409
4606,4606,2,Annual,2024-06-03,,Active,10,2026-07-25 00:18:29.157432
4607,4607,1,Monthly,2024-02-15,,Active,15,2026-07-25 00:18:29.157511
4608,4608,1,Monthly,2025-05-09,,Active,5,2026-07-25 00:18:29.157708
4609,4609,2,Monthly,2023-03-12,2024-04-06,Expired,5,2026-07-25 00:18:29.157730
4610,4610,1,Monthly,2023-01-05,,Active,10,2026-07-25 00:18:29.157742
4611,4611,1,Annual,2023-01-01,,Active,0,2026-07-25 00:18:29.157752
4612,4612,1,Monthly,2025-09-08,,Active,10,2026-07-25 00:18:29.157844
4613,4613,1,Monthly,2024-06-15,,Active,5,2026-07-25 00:18:29.157859
4614,4614,3,Monthly,2023-09-24,,Active,10,2026-07-25 00:18:29.157870
4615,4615,1,Monthly,2024-12-31,,Active,5,2026-07-25 00:18:29.157880
4616,4616,2,Monthly,2025-08-07,,Active,0,2026-07-25 00:18:29.157903
4617,4617,3,Annual,2024-03-10,,Active,15,2026-07-25 00:18:29.157913
4618,4618,1,Monthly,2025-03-19,,Active,5,2026-07-25 00:18:29.157924
4619,4619,1,Monthly,2025-12-06,2026-01-17,Cancelled,0,2026-07-25 00:18:29.157941
4620,4620,2,Monthly,2023-07-31,,Active,5,2026-07-25 00:18:29.157952
4621,4621,3,Annual,2025-04-22,,Active,15,2026-07-25 00:18:29.157962
4622,4622,2,Monthly,2024-06-29,,Active,10,2026-07-25 00:18:29.158260
4623,4623,1,Monthly,2023-06-30,,Active,15,2026-07-25 00:18:29.158291
4624,4624,1,Monthly,2024-12-21,2025-12-31,Expired,0,2026-07-25 00:18:29.158338
4625,4625,1,Annual,2023-05-14,2023-12-14,Expired,15,2026-07-25 00:18:29.158406
4626,4626,1,Monthly,2023-03-09,,Active,5,2026-07-25 00:18:29.158419
4627,4627,2,Annual,2024-11-15,,Active,10,2026-07-25 00:18:29.158471
4628,4628,1,Annual,2023-11-07,,Active,0,2026-07-25 00:18:29.158483
4629,4629,1,Monthly,2024-10-30,2025-03-09,Expired,10,2026-07-25 00:18:29.158500
4630,4630,3,Monthly,2024-02-03,,Active,0,2026-07-25 00:18:29.158511
4631,4631,1,Annual,2025-06-10,,Active,10,2026-07-25 00:18:29.158523
4632,4632,1,Monthly,2024-03-31,2025-07-31,Cancelled,5,2026-07-25 00:18:29.158538
4633,4633,2,Annual,2025-05-31,2025-09-09,Cancelled,0,2026-07-25 00:18:29.158552
4634,4634,1,Monthly,2024-10-02,2026-07-08,Cancelled,15,2026-07-25 00:18:29.158565
4635,4635,1,Monthly,2025-01-03,,Active,10,2026-07-25 00:18:29.158579
4636,4636,1,Monthly,2023-05-17,,Active,10,2026-07-25 00:18:29.158589
4637,4637,3,Monthly,2025-01-06,,Active,15,2026-07-25 00:18:29.158643
4638,4638,3,Monthly,2023-05-09,,Active,15,2026-07-25 00:18:29.158655
4639,4639,3,Monthly,2023-04-20,,Active,0,2026-07-25 00:18:29.158664
4640,4640,1,Annual,2023-08-27,,Active,5,2026-07-25 00:18:29.158673
4641,4641,1,Monthly,2024-09-18,2025-11-23,Cancelled,10,2026-07-25 00:18:29.158702
4642,4642,1,Monthly,2024-12-28,,Active,15,2026-07-25 00:18:29.158719
4643,4643,2,Monthly,2024-07-13,,Active,0,2026-07-25 00:18:29.158897
4644,4644,2,Monthly,2024-01-11,,Active,15,2026-07-25 00:18:29.158927
4645,4645,1,Monthly,2025-04-03,,Active,15,2026-07-25 00:18:29.158938
4646,4646,1,Annual,2025-04-27,2026-10-28,Cancelled,15,2026-07-25 00:18:29.158977
4647,4647,3,Monthly,2023-10-28,,Active,0,2026-07-25 00:18:29.158988
4648,4648,2,Monthly,2024-04-10,,Active,10,2026-07-25 00:18:29.158997
4649,4649,1,Monthly,2024-05-08,,Active,0,2026-07-25 00:18:29.159007
4650,4650,2,Annual,2024-04-07,,Active,10,2026-07-25 00:18:29.159018
4651,4651,1,Annual,2024-05-28,2026-04-18,Cancelled,15,2026-07-25 00:18:29.159035
4652,4652,3,Monthly,2024-03-05,,Active,15,2026-07-25 00:18:29.159044
4653,4653,1,Monthly,2024-07-01,,Active,15,2026-07-25 00:18:29.159053
4654,4654,2,Monthly,2023-09-05,,Active,15,2026-07-25 00:18:29.159065
4655,4655,2,Monthly,2023-01-16,,Active,15,2026-07-25 00:18:29.159075
4656,4656,1,Monthly,2024-05-19,,Active,15,2026-07-25 00:18:29.159084
4657,4657,3,Annual,2025-12-23,,Active,0,2026-07-25 00:18:29.159095
4658,4658,1,Monthly,2025-07-21,,Active,10,2026-07-25 00:18:29.159105
4659,4659,1,Monthly,2023-05-10,,Active,0,2026-07-25 00:18:29.159115
4660,4660,3,Monthly,2024-08-25,,Active,15,2026-07-25 00:18:29.159126
4661,4661,1,Monthly,2023-01-30,,Active,10,2026-07-25 00:18:29.159136
4662,4662,3,Monthly,2025-12-29,,Active,0,2026-07-25 00:18:29.159149
4663,4663,1,Monthly,2025-12-27,2026-09-17,Expired,15,2026-07-25 00:18:29.159166
4664,4664,2,Monthly,2024-09-22,,Active,15,2026-07-25 00:18:29.159190
4665,4665,2,Monthly,2024-02-21,,Active,0,2026-07-25 00:18:29.159203
4666,4666,1,Annual,2023-05-09,,Active,5,2026-07-25 00:18:29.159213
4667,4667,1,Monthly,2025-05-29,,Active,15,2026-07-25 00:18:29.159224
4668,4668,3,Annual,2023-09-03,,Active,5,2026-07-25 00:18:29.159234
4669,4669,1,Monthly,2023-03-20,,Active,15,2026-07-25 00:18:29.159243
4670,4670,1,Monthly,2023-11-30,,Active,15,2026-07-25 00:18:29.159261
4671,4671,1,Monthly,2025-10-14,,Active,15,2026-07-25 00:18:29.159273
4672,4672,1,Monthly,2025-08-17,,Active,5,2026-07-25 00:18:29.159283
4673,4673,1,Monthly,2025-02-03,,Active,5,2026-07-25 00:18:29.159293
4674,4674,1,Monthly,2023-10-25,,Active,5,2026-07-25 00:18:29.159303
4675,4675,2,Monthly,2023-03-18,,Active,0,2026-07-25 00:18:29.159314
4676,4676,1,Annual,2024-07-22,2026-07-05,Expired,10,2026-07-25 00:18:29.159333
4677,4677,2,Monthly,2023-04-13,2024-12-03,Cancelled,15,2026-07-25 00:18:29.159347
4678,4678,3,Monthly,2024-03-23,,Active,10,2026-07-25 00:18:29.159357
4679,4679,1,Monthly,2023-01-19,,Active,5,2026-07-25 00:18:29.159368
4680,4680,2,Monthly,2023-07-04,,Active,15,2026-07-25 00:18:29.159390
4681,4681,1,Monthly,2023-02-18,,Active,15,2026-07-25 00:18:29.159402
4682,4682,1,Monthly,2025-08-08,,Active,15,2026-07-25 00:18:29.159412
4683,4683,1,Monthly,2024-04-10,,Active,15,2026-07-25 00:18:29.159437
4684,4684,3,Monthly,2025-10-12,,Active,10,2026-07-25 00:18:29.159448
4685,4685,1,Monthly,2023-09-28,,Active,10,2026-07-25 00:18:29.159464
4686,4686,3,Monthly,2024-08-03,,Active,5,2026-07-25 00:18:29.159481
4687,4687,1,Monthly,2023-04-20,,Active,15,2026-07-25 00:18:29.159491
4688,4688,2,Monthly,2025-06-03,,Active,5,2026-07-25 00:18:29.159505
4689,4689,1,Monthly,2025-04-30,2025-10-23,Cancelled,5,2026-07-25 00:18:29.159536
4690,4690,1,Monthly,2024-11-13,,Active,15,2026-07-25 00:18:29.159548
4691,4691,3,Monthly,2024-01-11,2025-10-22,Cancelled,15,2026-07-25 00:18:29.159563
4692,4692,4,Monthly,2023-07-14,,Active,5,2026-07-25 00:18:29.159574
4693,4693,1,Monthly,2024-03-24,,Active,10,2026-07-25 00:18:29.159586
4694,4694,3,Monthly,2024-08-05,2025-11-04,Expired,0,2026-07-25 00:18:29.159600
4695,4695,1,Monthly,2025-02-01,2026-01-02,Expired,15,2026-07-25 00:18:29.159614
4696,4696,1,Monthly,2023-09-02,,Active,15,2026-07-25 00:18:29.159624
4697,4697,1,Monthly,2025-09-10,,Active,15,2026-07-25 00:18:29.159634
4698,4698,3,Monthly,2023-11-27,,Active,10,2026-07-25 00:18:29.159644
4699,4699,2,Monthly,2024-08-30,2024-10-18,Expired,10,2026-07-25 00:18:29.159660
4700,4700,1,Monthly,2025-04-14,2027-02-09,Expired,15,2026-07-25 00:18:29.159674
4701,4701,3,Monthly,2023-10-18,,Active,0,2026-07-25 00:18:29.159685
4702,4702,3,Monthly,2023-12-10,2024-08-29,Expired,5,2026-07-25 00:18:29.159699
4703,4703,3,Monthly,2023-01-24,,Active,0,2026-07-25 00:18:29.159724
4704,4704,1,Monthly,2024-10-17,,Active,15,2026-07-25 00:18:29.159734
4705,4705,2,Monthly,2025-04-20,,Active,5,2026-07-25 00:18:29.159745
4706,4706,1,Annual,2023-08-24,,Active,5,2026-07-25 00:18:29.159755
4707,4707,2,Annual,2024-11-20,,Active,0,2026-07-25 00:18:29.159765
4708,4708,2,Annual,2023-01-11,2023-07-23,Cancelled,0,2026-07-25 00:18:29.159782
4709,4709,1,Monthly,2024-12-10,,Active,10,2026-07-25 00:18:29.159792
4710,4710,1,Monthly,2025-05-14,,Active,0,2026-07-25 00:18:29.159802
4711,4711,1,Annual,2023-05-17,,Active,5,2026-07-25 00:18:29.159814
4712,4712,3,Monthly,2024-10-19,,Active,5,2026-07-25 00:18:29.159825
4713,4713,2,Monthly,2024-01-09,,Active,5,2026-07-25 00:18:29.159836
4714,4714,1,Monthly,2023-01-14,,Active,0,2026-07-25 00:18:29.159846
4715,4715,1,Monthly,2023-05-01,2024-10-07,Cancelled,0,2026-07-25 00:18:29.159861
4716,4716,1,Monthly,2023-02-08,,Active,5,2026-07-25 00:18:29.159872
4717,4717,1,Monthly,2023-05-22,,Active,10,2026-07-25 00:18:29.159883
4718,4718,1,Monthly,2025-05-05,,Active,0,2026-07-25 00:18:29.159893
4719,4719,2,Monthly,2025-12-24,,Active,0,2026-07-25 00:18:29.159903
4720,4720,4,Monthly,2025-10-22,,Active,5,2026-07-25 00:18:29.159913
4721,4721,3,Monthly,2023-07-13,,Active,10,2026-07-25 00:18:29.159923
4722,4722,1,Monthly,2024-07-22,,Active,15,2026-07-25 00:18:29.159947
4723,4723,1,Monthly,2024-11-09,2025-10-25,Cancelled,15,2026-07-25 00:18:29.159965
4724,4724,1,Monthly,2025-05-04,,Active,0,2026-07-25 00:18:29.159975
4725,4725,3,Monthly,2024-12-21,,Active,5,2026-07-25 00:18:29.159987
4726,4726,1,Monthly,2024-08-15,,Active,0,2026-07-25 00:18:29.159996
4727,4727,3,Monthly,2024-06-11,,Active,0,2026-07-25 00:18:29.160007
4728,4728,3,Monthly,2025-07-27,,Active,10,2026-07-25 00:18:29.160018
4729,4729,2,Monthly,2025-08-03,,Active,5,2026-07-25 00:18:29.160028
4730,4730,1,Monthly,2025-01-15,,Active,0,2026-07-25 00:18:29.160037
4731,4731,1,Monthly,2024-05-30,,Active,5,2026-07-25 00:18:29.160047
4732,4732,1,Monthly,2025-03-09,,Active,10,2026-07-25 00:18:29.160056
4733,4733,1,Monthly,2023-09-10,,Active,5,2026-07-25 00:18:29.160066
4734,4734,2,Monthly,2023-11-29,,Active,5,2026-07-25 00:18:29.160077
4735,4735,1,Monthly,2023-12-22,,Active,10,2026-07-25 00:18:29.160086
4736,4736,1,Monthly,2023-04-02,2023-12-08,Expired,15,2026-07-25 00:18:29.160102
4737,4737,1,Monthly,2024-03-09,,Active,0,2026-07-25 00:18:29.160113
4738,4738,1,Monthly,2025-03-26,,Active,15,2026-07-25 00:18:29.160124
4739,4739,4,Annual,2024-07-13,,Active,15,2026-07-25 00:18:29.160134
4740,4740,2,Monthly,2023-07-16,2023-08-22,Expired,0,2026-07-25 00:18:29.160149
4741,4741,1,Annual,2023-11-19,,Active,5,2026-07-25 00:18:29.160159
4742,4742,1,Monthly,2025-12-17,,Active,5,2026-07-25 00:18:29.160185
4743,4743,1,Monthly,2023-07-22,,Active,10,2026-07-25 00:18:29.160196
4744,4744,1,Annual,2025-12-16,2026-10-31,Cancelled,0,2026-07-25 00:18:29.160223
4745,4745,1,Monthly,2023-10-29,,Active,10,2026-07-25 00:18:29.160235
4746,4746,2,Monthly,2025-02-20,,Active,15,2026-07-25 00:18:29.160245
4747,4747,1,Monthly,2024-09-24,,Active,10,2026-07-25 00:18:29.160255
4748,4748,1,Annual,2023-03-31,,Active,15,2026-07-25 00:18:29.160265
4749,4749,1,Monthly,2024-11-14,,Active,15,2026-07-25 00:18:29.160276
4750,4750,1,Monthly,2025-06-27,,Active,5,2026-07-25 00:18:29.160287
4751,4751,4,Monthly,2023-07-25,,Active,10,2026-07-25 00:18:29.160299
4752,4752,3,Monthly,2023-09-09,,Active,10,2026-07-25 00:18:29.160309
4753,4753,1,Monthly,2023-04-25,2023-08-19,Cancelled,5,2026-07-25 00:18:29.160325
4754,4754,1,Monthly,2023-03-05,,Active,15,2026-07-25 00:18:29.160335
4755,4755,1,Monthly,2023-12-05,,Active,0,2026-07-25 00:18:29.160346
4756,4756,1,Annual,2024-02-14,,Active,5,2026-07-25 00:18:29.160356
4757,4757,1,Monthly,2025-04-20,,Active,0,2026-07-25 00:18:29.160367
4758,4758,3,Monthly,2023-09-09,,Active,5,2026-07-25 00:18:29.160377
4759,4759,3,Monthly,2023-07-04,,Active,0,2026-07-25 00:18:29.160388
4760,4760,1,Monthly,2024-07-23,,Active,10,2026-07-25 00:18:29.160399
4761,4761,1,Monthly,2024-10-10,,Active,10,2026-07-25 00:18:29.160429
4762,4762,3,Monthly,2023-03-05,,Active,0,2026-07-25 00:18:29.160440
4763,4763,1,Monthly,2023-08-26,,Active,10,2026-07-25 00:18:29.160451
4764,4764,3,Monthly,2024-07-16,2026-03-18,Cancelled,15,2026-07-25 00:18:29.160468
4765,4765,4,Monthly,2024-01-31,,Active,10,2026-07-25 00:18:29.160480
4766,4766,3,Monthly,2024-11-01,,Active,0,2026-07-25 00:18:29.160491
4767,4767,1,Monthly,2025-07-28,,Active,5,2026-07-25 00:18:29.160501
4768,4768,1,Monthly,2024-10-09,,Active,0,2026-07-25 00:18:29.160515
4769,4769,3,Monthly,2024-08-08,,Active,10,2026-07-25 00:18:29.160526
4770,4770,3,Monthly,2023-09-20,,Active,15,2026-07-25 00:18:29.160537
4771,4771,1,Monthly,2023-07-02,,Active,10,2026-07-25 00:18:29.160551
4772,4772,1,Monthly,2024-02-02,,Active,0,2026-07-25 00:18:29.160561
4773,4773,1,Monthly,2023-08-02,,Active,15,2026-07-25 00:18:29.160572
4774,4774,1,Annual,2024-02-19,,Active,15,2026-07-25 00:18:29.160598
4775,4775,3,Monthly,2025-09-15,,Active,5,2026-07-25 00:18:29.160610
4776,4776,3,Monthly,2025-07-11,,Active,10,2026-07-25 00:18:29.160620
4777,4777,2,Monthly,2023-08-18,,Active,15,2026-07-25 00:18:29.160631
4778,4778,1,Monthly,2023-05-12,,Active,5,2026-07-25 00:18:29.160642
4779,4779,1,Monthly,2023-11-09,,Active,10,2026-07-25 00:18:29.160653
4780,4780,2,Monthly,2024-03-13,,Active,10,2026-07-25 00:18:29.160663
4781,4781,1,Monthly,2024-07-21,,Active,10,2026-07-25 00:18:29.160690
4782,4782,2,Annual,2024-02-10,,Active,5,2026-07-25 00:18:29.160702
4783,4783,2,Monthly,2025-12-07,2026-07-19,Cancelled,10,2026-07-25 00:18:29.160718
4784,4784,2,Monthly,2024-07-22,2026-05-25,Cancelled,10,2026-07-25 00:18:29.160734
4785,4785,1,Monthly,2024-02-19,,Active,15,2026-07-25 00:18:29.160745
4786,4786,2,Monthly,2024-08-29,,Active,10,2026-07-25 00:18:29.160755
4787,4787,2,Monthly,2024-12-05,,Active,5,2026-07-25 00:18:29.160766
4788,4788,2,Monthly,2024-02-21,,Active,10,2026-07-25 00:18:29.160776
4789,4789,2,Monthly,2023-11-06,,Active,5,2026-07-25 00:18:29.160787
4790,4790,2,Monthly,2025-05-26,,Active,15,2026-07-25 00:18:29.160797
4791,4791,2,Monthly,2024-08-23,,Active,5,2026-07-25 00:18:29.160810
4792,4792,1,Annual,2023-04-09,,Active,5,2026-07-25 00:18:29.160821
4793,4793,3,Annual,2023-05-03,2023-06-05,Cancelled,5,2026-07-25 00:18:29.160837
4794,4794,1,Monthly,2023-02-04,,Active,5,2026-07-25 00:18:29.160848
4795,4795,1,Monthly,2025-08-18,,Active,5,2026-07-25 00:18:29.160858
4796,4796,1,Monthly,2023-10-15,,Active,10,2026-07-25 00:18:29.160891
4797,4797,1,Monthly,2024-07-30,2025-04-02,Cancelled,15,2026-07-25 00:18:29.160909
4798,4798,1,Monthly,2023-06-25,,Active,0,2026-07-25 00:18:29.160921
4799,4799,1,Monthly,2023-08-01,,Active,0,2026-07-25 00:18:29.160932
4800,4800,2,Monthly,2025-07-03,2026-06-11,Cancelled,10,2026-07-25 00:18:29.160973
4801,4801,3,Monthly,2023-07-10,,Active,10,2026-07-25 00:18:29.160983
4802,4802,1,Monthly,2024-02-16,,Active,10,2026-07-25 00:18:29.160993
4803,4803,1,Monthly,2023-09-02,,Active,0,2026-07-25 00:18:29.161002
4804,4804,2,Monthly,2024-05-07,,Active,10,2026-07-25 00:18:29.161013
4805,4805,1,Annual,2024-12-04,,Active,0,2026-07-25 00:18:29.161025
4806,4806,1,Annual,2023-06-11,,Active,15,2026-07-25 00:18:29.161035
4807,4807,1,Monthly,2023-07-09,,Active,10,2026-07-25 00:18:29.161046
4808,4808,2,Monthly,2023-09-17,,Active,15,2026-07-25 00:18:29.161071
4809,4809,1,Monthly,2024-07-26,,Active,5,2026-07-25 00:18:29.161083
4810,4810,2,Monthly,2024-03-12,,Active,15,2026-07-25 00:18:29.161093
4811,4811,1,Annual,2025-10-19,,Active,10,2026-07-25 00:18:29.161104
4812,4812,1,Monthly,2025-02-24,,Active,0,2026-07-25 00:18:29.161115
4813,4813,1,Monthly,2025-10-07,2027-09-03,Expired,5,2026-07-25 00:18:29.161132
4814,4814,3,Monthly,2023-09-12,,Active,5,2026-07-25 00:18:29.161144
4815,4815,1,Monthly,2024-09-30,2026-05-24,Expired,10,2026-07-25 00:18:29.161160
4816,4816,2,Monthly,2023-12-12,2024-02-06,Expired,0,2026-07-25 00:18:29.161174
4817,4817,1,Monthly,2024-10-29,,Active,5,2026-07-25 00:18:29.161185
4818,4818,2,Monthly,2023-10-30,,Active,15,2026-07-25 00:18:29.161197
4819,4819,3,Monthly,2023-04-07,,Active,0,2026-07-25 00:18:29.161208
4820,4820,3,Monthly,2024-07-08,,Active,15,2026-07-25 00:18:29.161233
4821,4821,2,Monthly,2023-04-08,,Active,0,2026-07-25 00:18:29.161245
4822,4822,1,Monthly,2024-05-20,2026-03-22,Cancelled,15,2026-07-25 00:18:29.161262
4823,4823,3,Annual,2023-08-25,,Active,5,2026-07-25 00:18:29.161273
4824,4824,2,Monthly,2023-07-18,,Active,15,2026-07-25 00:18:29.161283
4825,4825,2,Monthly,2024-12-20,,Active,10,2026-07-25 00:18:29.161294
4826,4826,1,Monthly,2025-07-27,,Active,15,2026-07-25 00:18:29.161304
4827,4827,1,Monthly,2023-07-11,,Active,5,2026-07-25 00:18:29.161314
4828,4828,1,Annual,2025-09-01,,Active,0,2026-07-25 00:18:29.161325
4829,4829,1,Monthly,2023-11-05,,Active,0,2026-07-25 00:18:29.161335
4830,4830,1,Monthly,2024-06-21,2025-01-06,Expired,15,2026-07-25 00:18:29.161352
4831,4831,2,Annual,2024-08-30,2026-03-06,Expired,5,2026-07-25 00:18:29.161367
4832,4832,1,Monthly,2025-07-22,,Active,0,2026-07-25 00:18:29.161377
4833,4833,1,Monthly,2024-01-18,,Active,5,2026-07-25 00:18:29.161388
4834,4834,1,Monthly,2025-08-13,2027-06-07,Cancelled,15,2026-07-25 00:18:29.161403
4835,4835,2,Monthly,2025-11-26,,Active,15,2026-07-25 00:18:29.161413
4836,4836,1,Monthly,2023-09-20,,Active,0,2026-07-25 00:18:29.161424
4837,4837,2,Monthly,2023-12-19,,Active,10,2026-07-25 00:18:29.161434
4838,4838,1,Monthly,2023-09-28,,Active,5,2026-07-25 00:18:29.161444
4839,4839,3,Monthly,2025-12-09,,Active,15,2026-07-25 00:18:29.161469
4840,4840,1,Monthly,2024-07-03,2026-03-17,Expired,10,2026-07-25 00:18:29.161487
4841,4841,2,Monthly,2024-10-25,,Active,15,2026-07-25 00:18:29.161499
4842,4842,4,Monthly,2024-12-30,,Active,5,2026-07-25 00:18:29.161510
4843,4843,3,Monthly,2024-12-14,2026-09-28,Cancelled,5,2026-07-25 00:18:29.161525
4844,4844,1,Monthly,2025-08-01,,Active,15,2026-07-25 00:18:29.161536
4845,4845,2,Monthly,2025-02-24,,Active,5,2026-07-25 00:18:29.161547
4846,4846,1,Monthly,2024-08-15,,Active,0,2026-07-25 00:18:29.161558
4847,4847,1,Monthly,2023-07-13,,Active,0,2026-07-25 00:18:29.161568
4848,4848,1,Annual,2025-09-28,,Active,5,2026-07-25 00:18:29.161579
4849,4849,2,Annual,2025-09-08,2026-09-22,Expired,15,2026-07-25 00:18:29.161594
4850,4850,2,Monthly,2025-10-31,2027-05-27,Cancelled,15,2026-07-25 00:18:29.161609
4851,4851,2,Monthly,2024-02-06,2025-05-16,Expired,15,2026-07-25 00:18:29.161623
4852,4852,1,Monthly,2024-02-13,,Active,15,2026-07-25 00:18:29.161634
4853,4853,1,Annual,2025-12-09,,Active,5,2026-07-25 00:18:29.161644
4854,4854,1,Monthly,2025-02-28,,Active,15,2026-07-25 00:18:29.161655
4855,4855,1,Monthly,2024-03-29,,Active,10,2026-07-25 00:18:29.161665
4856,4856,3,Annual,2025-11-07,,Active,5,2026-07-25 00:18:29.161675
4857,4857,3,Monthly,2025-11-30,,Active,10,2026-07-25 00:18:29.161686
4858,4858,4,Monthly,2024-09-21,,Active,15,2026-07-25 00:18:29.161697
4859,4859,1,Annual,2024-06-08,,Active,5,2026-07-25 00:18:29.161730
4860,4860,1,Monthly,2024-08-28,,Active,10,2026-07-25 00:18:29.161741
4861,4861,1,Annual,2025-01-13,,Active,10,2026-07-25 00:18:29.161752
4862,4862,2,Annual,2023-06-28,,Active,15,2026-07-25 00:18:29.161763
4863,4863,3,Annual,2024-03-04,,Active,10,2026-07-25 00:18:29.161773
4864,4864,2,Monthly,2025-01-24,,Active,5,2026-07-25 00:18:29.161783
4865,4865,1,Annual,2023-07-09,,Active,10,2026-07-25 00:18:29.161793
4866,4866,1,Annual,2023-04-22,,Active,0,2026-07-25 00:18:29.161804
4867,4867,1,Monthly,2024-09-15,,Active,5,2026-07-25 00:18:29.161815
4868,4868,3,Monthly,2023-12-23,2025-09-16,Cancelled,5,2026-07-25 00:18:29.161835
4869,4869,2,Monthly,2023-04-09,,Active,15,2026-07-25 00:18:29.161845
4870,4870,1,Monthly,2023-03-11,,Active,15,2026-07-25 00:18:29.161856
4871,4871,1,Monthly,2023-09-28,,Active,0,2026-07-25 00:18:29.161880
4872,4872,1,Monthly,2024-02-20,,Active,10,2026-07-25 00:18:29.161891
4873,4873,1,Monthly,2024-06-15,,Active,10,2026-07-25 00:18:29.161902
4874,4874,2,Monthly,2025-11-07,,Active,5,2026-07-25 00:18:29.161912
4875,4875,1,Monthly,2025-07-09,,Active,15,2026-07-25 00:18:29.161922
4876,4876,3,Monthly,2025-04-29,,Active,10,2026-07-25 00:18:29.161932
4877,4877,1,Annual,2025-01-11,2027-01-02,Expired,15,2026-07-25 00:18:29.161949
4878,4878,1,Monthly,2024-01-29,,Active,10,2026-07-25 00:18:29.161973
4879,4879,1,Monthly,2025-11-01,,Active,5,2026-07-25 00:18:29.161985
4880,4880,1,Monthly,2025-02-09,,Active,0,2026-07-25 00:18:29.161995
4881,4881,1,Monthly,2023-05-20,,Active,15,2026-07-25 00:18:29.162006
4882,4882,1,Monthly,2025-06-06,,Active,15,2026-07-25 00:18:29.162018
4883,4883,1,Monthly,2025-08-21,,Active,15,2026-07-25 00:18:29.162028
4884,4884,3,Monthly,2024-12-06,2025-07-17,Expired,0,2026-07-25 00:18:29.162046
4885,4885,1,Monthly,2025-01-07,,Active,15,2026-07-25 00:18:29.162057
4886,4886,1,Monthly,2025-02-01,2026-03-31,Cancelled,5,2026-07-25 00:18:29.162071
4887,4887,1,Monthly,2023-10-15,2025-10-07,Cancelled,10,2026-07-25 00:18:29.162086
4888,4888,1,Monthly,2025-11-14,,Active,5,2026-07-25 00:18:29.162097
4889,4889,1,Monthly,2025-12-16,,Active,5,2026-07-25 00:18:29.162107
4890,4890,2,Annual,2025-04-26,,Active,0,2026-07-25 00:18:29.162117
4891,4891,1,Monthly,2023-11-20,2025-06-25,Cancelled,5,2026-07-25 00:18:29.162133
4892,4892,2,Monthly,2024-04-24,,Active,15,2026-07-25 00:18:29.162146
4893,4893,1,Monthly,2025-09-05,2026-12-02,Expired,15,2026-07-25 00:18:29.162159
4894,4894,2,Annual,2025-03-07,,Active,10,2026-07-25 00:18:29.162170
4895,4895,2,Monthly,2023-12-29,,Active,10,2026-07-25 00:18:29.162180
4896,4896,1,Monthly,2023-07-08,,Active,10,2026-07-25 00:18:29.162191
4897,4897,3,Monthly,2025-01-25,,Active,10,2026-07-25 00:18:29.162201
4898,4898,1,Monthly,2025-09-21,,Active,0,2026-07-25 00:18:29.162225
4899,4899,3,Monthly,2023-01-11,,Active,10,2026-07-25 00:18:29.162236
4900,4900,1,Monthly,2024-12-22,,Active,5,2026-07-25 00:18:29.162247
4901,4901,1,Monthly,2024-11-07,,Active,0,2026-07-25 00:18:29.162257
4902,4902,1,Annual,2025-07-10,,Active,10,2026-07-25 00:18:29.162268
4903,4903,4,Monthly,2023-05-19,,Active,0,2026-07-25 00:18:29.162279
4904,4904,1,Monthly,2024-06-23,,Active,15,2026-07-25 00:18:29.162289
4905,4905,1,Monthly,2024-05-28,,Active,15,2026-07-25 00:18:29.162300
4906,4906,1,Monthly,2024-07-02,,Active,0,2026-07-25 00:18:29.162311
4907,4907,2,Annual,2023-02-28,,Active,15,2026-07-25 00:18:29.162321
4908,4908,1,Annual,2025-08-15,,Active,15,2026-07-25 00:18:29.162331
4909,4909,4,Monthly,2023-05-03,,Active,10,2026-07-25 00:18:29.162342
4910,4910,2,Annual,2025-10-06,,Active,15,2026-07-25 00:18:29.162353
4911,4911,1,Monthly,2023-12-13,,Active,15,2026-07-25 00:18:29.162363
4912,4912,2,Monthly,2025-07-11,2026-01-29,Cancelled,0,2026-07-25 00:18:29.162380
4913,4913,1,Monthly,2024-06-27,,Active,10,2026-07-25 00:18:29.162391
4914,4914,1,Monthly,2024-12-19,,Active,0,2026-07-25 00:18:29.162401
4915,4915,1,Monthly,2023-12-31,,Active,0,2026-07-25 00:18:29.162413
4916,4916,2,Annual,2024-03-26,2025-12-19,Cancelled,10,2026-07-25 00:18:29.162428
4917,4917,3,Monthly,2024-06-05,,Active,10,2026-07-25 00:18:29.162454
4918,4918,2,Monthly,2024-11-06,,Active,10,2026-07-25 00:18:29.162464
4919,4919,1,Monthly,2024-02-11,,Active,10,2026-07-25 00:18:29.162475
4920,4920,4,Monthly,2024-02-04,,Active,5,2026-07-25 00:18:29.162485
4921,4921,1,Monthly,2025-08-08,,Active,0,2026-07-25 00:18:29.162497
4922,4922,4,Annual,2025-07-04,,Active,15,2026-07-25 00:18:29.162508
4923,4923,1,Monthly,2024-02-06,,Active,0,2026-07-25 00:18:29.162519
4924,4924,2,Monthly,2025-06-12,,Active,15,2026-07-25 00:18:29.162529
4925,4925,2,Monthly,2025-03-27,,Active,10,2026-07-25 00:18:29.162540
4926,4926,1,Monthly,2023-12-15,2025-10-05,Expired,5,2026-07-25 00:18:29.162556
4927,4927,1,Monthly,2024-10-14,,Active,10,2026-07-25 00:18:29.162567
4928,4928,3,Annual,2023-12-06,,Active,0,2026-07-25 00:18:29.162579
4929,4929,1,Monthly,2025-03-22,,Active,15,2026-07-25 00:18:29.162590
4930,4930,1,Annual,2023-06-10,,Active,15,2026-07-25 00:18:29.162601
4931,4931,1,Monthly,2024-11-23,,Active,5,2026-07-25 00:18:29.162612
4932,4932,1,Monthly,2023-06-28,,Active,0,2026-07-25 00:18:29.162622
4933,4933,2,Monthly,2024-04-13,,Active,0,2026-07-25 00:18:29.162632
4934,4934,1,Monthly,2024-10-03,,Active,5,2026-07-25 00:18:29.162642
4935,4935,1,Monthly,2023-07-24,,Active,5,2026-07-25 00:18:29.162670
4936,4936,3,Monthly,2023-03-08,,Active,15,2026-07-25 00:18:29.162681
4937,4937,2,Annual,2024-04-17,,Active,10,2026-07-25 00:18:29.162708
4938,4938,2,Annual,2025-08-07,,Active,0,2026-07-25 00:18:29.162720
4939,4939,1,Monthly,2023-08-08,,Active,10,2026-07-25 00:18:29.162730
4940,4940,1,Monthly,2023-11-13,,Active,15,2026-07-25 00:18:29.162741
4941,4941,1,Annual,2024-07-07,2025-06-10,Expired,5,2026-07-25 00:18:29.162759
4942,4942,1,Monthly,2024-06-08,,Active,15,2026-07-25 00:18:29.162770
4943,4943,2,Annual,2024-10-30,,Active,10,2026-07-25 00:18:29.162780
4944,4944,1,Annual,2023-12-06,,Active,0,2026-07-25 00:18:29.162790
4945,4945,1,Monthly,2025-05-08,,Active,5,2026-07-25 00:18:29.162815
4946,4946,1,Monthly,2024-09-08,,Active,0,2026-07-25 00:18:29.162826
4947,4947,1,Monthly,2025-04-22,,Active,0,2026-07-25 00:18:29.162837
4948,4948,2,Monthly,2023-10-13,,Active,15,2026-07-25 00:18:29.162848
4949,4949,3,Monthly,2025-11-07,,Active,10,2026-07-25 00:18:29.162859
4950,4950,2,Annual,2024-12-11,,Active,15,2026-07-25 00:18:29.162870
4951,4951,2,Monthly,2025-10-16,,Active,15,2026-07-25 00:18:29.162903
4952,4952,2,Monthly,2025-10-27,,Active,5,2026-07-25 00:18:29.162915
4953,4953,1,Monthly,2025-12-12,,Active,10,2026-07-25 00:18:29.162925
4954,4954,2,Annual,2023-02-13,,Active,5,2026-07-25 00:18:29.162935
4955,4955,1,Monthly,2024-05-02,,Active,0,2026-07-25 00:18:29.162947
4956,4956,1,Monthly,2024-08-15,,Active,0,2026-07-25 00:18:29.162974
4957,4957,1,Monthly,2023-05-20,,Active,0,2026-07-25 00:18:29.162986
4958,4958,1,Annual,2023-04-11,,Active,0,2026-07-25 00:18:29.162997
4959,4959,2,Monthly,2024-04-14,,Active,15,2026-07-25 00:18:29.163008
4960,4960,4,Annual,2023-08-30,,Active,10,2026-07-25 00:18:29.163019
4961,4961,2,Monthly,2023-03-14,,Active,15,2026-07-25 00:18:29.163030
4962,4962,2,Monthly,2025-08-04,,Active,5,2026-07-25 00:18:29.163041
4963,4963,1,Monthly,2024-11-27,,Active,10,2026-07-25 00:18:29.163052
4964,4964,1,Monthly,2023-09-05,,Active,10,2026-07-25 00:18:29.163063
4965,4965,1,Monthly,2023-08-27,,Active,0,2026-07-25 00:18:29.163073
4966,4966,1,Monthly,2024-05-27,,Active,0,2026-07-25 00:18:29.163084
4967,4967,1,Monthly,2023-11-14,,Active,0,2026-07-25 00:18:29.163094
4968,4968,1,Monthly,2023-11-03,,Active,5,2026-07-25 00:18:29.163105
4969,4969,2,Monthly,2025-12-11,,Active,15,2026-07-25 00:18:29.163115
4970,4970,1,Monthly,2024-12-09,,Active,5,2026-07-25 00:18:29.163126
4971,4971,2,Monthly,2024-10-25,2025-02-14,Cancelled,5,2026-07-25 00:18:29.163144
4972,4972,1,Annual,2025-08-05,,Active,0,2026-07-25 00:18:29.163155
4973,4973,2,Annual,2023-03-30,,Active,10,2026-07-25 00:18:29.163166
4974,4974,1,Monthly,2023-11-24,2024-05-14,Expired,10,2026-07-25 00:18:29.163182
4975,4975,1,Monthly,2023-12-25,,Active,0,2026-07-25 00:18:29.163194
4976,4976,2,Annual,2023-09-23,,Active,0,2026-07-25 00:18:29.163218
4977,4977,1,Monthly,2023-07-24,,Active,5,2026-07-25 00:18:29.163229
4978,4978,2,Monthly,2024-12-13,,Active,15,2026-07-25 00:18:29.163239
4979,4979,2,Monthly,2023-01-26,2024-01-02,Expired,0,2026-07-25 00:18:29.163257
4980,4980,2,Annual,2023-09-11,,Active,10,2026-07-25 00:18:29.163267
4981,4981,2,Monthly,2023-04-01,,Active,5,2026-07-25 00:18:29.163278
4982,4982,4,Monthly,2024-02-07,,Active,5,2026-07-25 00:18:29.163288
4983,4983,2,Annual,2023-06-07,,Active,0,2026-07-25 00:18:29.163299
4984,4984,3,Monthly,2024-05-13,,Active,5,2026-07-25 00:18:29.163310
4985,4985,2,Monthly,2025-07-22,,Active,10,2026-07-25 00:18:29.163321
4986,4986,2,Monthly,2024-08-23,,Active,10,2026-07-25 00:18:29.163332
4987,4987,1,Monthly,2024-11-15,2026-08-03,Cancelled,0,2026-07-25 00:18:29.163347
4988,4988,3,Monthly,2025-09-03,2026-06-15,Cancelled,15,2026-07-25 00:18:29.163362
4989,4989,1,Monthly,2023-10-07,,Active,0,2026-07-25 00:18:29.163373
4990,4990,1,Monthly,2025-06-27,2026-09-07,Cancelled,10,2026-07-25 00:18:29.163387
4991,4991,3,Monthly,2024-01-31,,Active,0,2026-07-25 00:18:29.163398
4992,4992,1,Monthly,2024-01-22,,Active,5,2026-07-25 00:18:29.163408
4993,4993,1,Annual,2023-10-17,2023-11-20,Cancelled,0,2026-07-25 00:18:29.163423
4994,4994,1,Monthly,2023-03-15,,Active,15,2026-07-25 00:18:29.163435
4995,4995,1,Monthly,2023-03-07,,Active,0,2026-07-25 00:18:29.163460
4996,4996,1,Monthly,2025-05-08,,Active,10,2026-07-25 00:18:29.163472
4997,4997,1,Annual,2023-03-19,2023-10-05,Cancelled,15,2026-07-25 00:18:29.163490
4998,4998,1,Monthly,2023-03-18,,Active,10,2026-07-25 00:18:29.163501
4999,4999,2,Annual,2025-09-04,,Active,5,2026-07-25 00:18:29.163524
5000,5000,2,Monthly,2023-06-10,,Active,10,2026-07-25 00:18:29.163536
